# --- WireDatabaseBackup {"time":"2015-04-17 03:08:32","user":"admin","dbName":"okeowoad_proc931","description":"Automatic backup made by ProcessWireUpgrade before upgrading from 2.5.22 to 2.5.26.","tables":[],"excludeTables":[],"excludeCreateTables":[],"excludeExportTables":[]}

DROP TABLE IF EXISTS `caches`;
CREATE TABLE `caches` (
  `name` varchar(255) NOT NULL,
  `data` mediumtext NOT NULL,
  `expires` datetime NOT NULL,
  PRIMARY KEY (`name`),
  KEY `expires` (`expires`)
) ENGINE=MyISAM DEFAULT CHARSET=utf8;

INSERT INTO `caches` (`name`, `data`, `expires`) VALUES('ModulesVerbose.info', '{\"116\":{\"summary\":\"jQuery Core as required by ProcessWire Admin and plugins\",\"href\":\"http:\\/\\/jquery.com\",\"file\":\"\\/home\\/okeowoad\\/public_html\\/wire\\/modules\\/Jquery\\/JqueryCore\\/JqueryCore.module\",\"core\":true,\"versionStr\":\"1.8.3\"},\"167\":{\"summary\":\"Provides lightbox capability for image galleries. jQuery plugin by Janis Skarnelis.\",\"href\":\"http:\\/\\/fancybox.net\",\"file\":\"\\/home\\/okeowoad\\/public_html\\/wire\\/modules\\/Jquery\\/JqueryFancybox\\/JqueryFancybox.module\",\"core\":true,\"versionStr\":\"1.2.6\"},\"103\":{\"summary\":\"Provides a jQuery plugin for sorting tables. jQuery plugin by Christian Bach.\",\"href\":\"http:\\/\\/tablesorter.com\",\"file\":\"\\/home\\/okeowoad\\/public_html\\/wire\\/modules\\/Jquery\\/JqueryTableSorter\\/JqueryTableSorter.module\",\"core\":true,\"versionStr\":\"2.0.3\"},\"45\":{\"summary\":\"Provides a jQuery plugin for generating tabs in ProcessWire.\",\"file\":\"\\/home\\/okeowoad\\/public_html\\/wire\\/modules\\/Jquery\\/JqueryWireTabs\\/JqueryWireTabs.module\",\"core\":true,\"configurable\":true,\"versionStr\":\"1.0.5\"},\"117\":{\"summary\":\"jQuery UI as required by ProcessWire and plugins\",\"href\":\"http:\\/\\/ui.jquery.com\",\"file\":\"\\/home\\/okeowoad\\/public_html\\/wire\\/modules\\/Jquery\\/JqueryUI\\/JqueryUI.module\",\"core\":true,\"versionStr\":\"1.9.4\"},\"151\":{\"summary\":\"Provides lightbox capability for image galleries. Replacement for FancyBox. Uses Magnific Popup by @dimsemenov.\",\"href\":\"http:\\/\\/dimsemenov.com\\/plugins\\/magnific-popup\\/\",\"file\":\"\\/home\\/okeowoad\\/public_html\\/wire\\/modules\\/Jquery\\/JqueryMagnific\\/JqueryMagnific.module\",\"core\":true,\"versionStr\":\"0.0.1\"},\"150\":{\"summary\":\"Admin tool for finding and listing pages by any property.\",\"author\":\"Ryan Cramer\",\"file\":\"\\/home\\/okeowoad\\/public_html\\/wire\\/modules\\/Process\\/ProcessPageLister\\/ProcessPageLister.module\",\"core\":true,\"configurable\":true,\"versionStr\":\"0.1.8\"},\"14\":{\"summary\":\"Handles page sorting and moving for PageList\",\"file\":\"\\/home\\/okeowoad\\/public_html\\/wire\\/modules\\/Process\\/ProcessPageSort.module\",\"core\":true,\"versionStr\":\"1.0.0\"},\"68\":{\"summary\":\"Manage user roles and what permissions are attached\",\"file\":\"\\/home\\/okeowoad\\/public_html\\/wire\\/modules\\/Process\\/ProcessRole\\/ProcessRole.module\",\"core\":true,\"configurable\":true,\"versionStr\":\"1.0.1\"},\"134\":{\"summary\":\"List, Edit and Add pages of a specific type\",\"file\":\"\\/home\\/okeowoad\\/public_html\\/wire\\/modules\\/Process\\/ProcessPageType\\/ProcessPageType.module\",\"core\":true,\"configurable\":true,\"versionStr\":\"1.0.1\"},\"109\":{\"summary\":\"Handles emptying of Page trash\",\"file\":\"\\/home\\/okeowoad\\/public_html\\/wire\\/modules\\/Process\\/ProcessPageTrash.module\",\"core\":true,\"versionStr\":\"1.0.1\"},\"10\":{\"summary\":\"Login to ProcessWire\",\"file\":\"\\/home\\/okeowoad\\/public_html\\/wire\\/modules\\/Process\\/ProcessLogin\\/ProcessLogin.module\",\"core\":true,\"versionStr\":\"1.0.3\"},\"136\":{\"summary\":\"Manage system permissions\",\"file\":\"\\/home\\/okeowoad\\/public_html\\/wire\\/modules\\/Process\\/ProcessPermission\\/ProcessPermission.module\",\"core\":true,\"configurable\":true,\"versionStr\":\"1.0.0\"},\"7\":{\"summary\":\"Edit a Page\",\"file\":\"\\/home\\/okeowoad\\/public_html\\/wire\\/modules\\/Process\\/ProcessPageEdit\\/ProcessPageEdit.module\",\"core\":true,\"versionStr\":\"1.0.8\"},\"180\":{\"summary\":\"View and manage system logs.\",\"author\":\"Ryan Cramer\",\"file\":\"\\/home\\/okeowoad\\/public_html\\/wire\\/modules\\/Process\\/ProcessLogger\\/ProcessLogger.module\",\"core\":true,\"versionStr\":\"0.0.1\"},\"104\":{\"summary\":\"Provides a page search engine for admin use.\",\"file\":\"\\/home\\/okeowoad\\/public_html\\/wire\\/modules\\/Process\\/ProcessPageSearch\\/ProcessPageSearch.module\",\"core\":true,\"configurable\":true,\"versionStr\":\"1.0.6\"},\"50\":{\"summary\":\"List, edit or install\\/uninstall modules\",\"file\":\"\\/home\\/okeowoad\\/public_html\\/wire\\/modules\\/Process\\/ProcessModule\\/ProcessModule.module\",\"core\":true,\"versionStr\":\"1.1.8\"},\"76\":{\"summary\":\"Lists the Process assigned to each child page of the current\",\"file\":\"\\/home\\/okeowoad\\/public_html\\/wire\\/modules\\/Process\\/ProcessList.module\",\"core\":true,\"versionStr\":\"1.0.1\"},\"158\":{\"summary\":\"Shows a list of recently edited pages in your admin.\",\"author\":\"Ryan Cramer\",\"href\":\"http:\\/\\/modules.processwire.com\\/\",\"file\":\"\\/home\\/okeowoad\\/public_html\\/wire\\/modules\\/Process\\/ProcessRecentPages\\/ProcessRecentPages.module\",\"core\":true,\"versionStr\":\"0.0.2\"},\"66\":{\"summary\":\"Manage system users\",\"file\":\"\\/home\\/okeowoad\\/public_html\\/wire\\/modules\\/Process\\/ProcessUser\\/ProcessUser.module\",\"core\":true,\"configurable\":true,\"versionStr\":\"1.0.4\"},\"48\":{\"summary\":\"Edit individual fields that hold page data\",\"file\":\"\\/home\\/okeowoad\\/public_html\\/wire\\/modules\\/Process\\/ProcessField\\/ProcessField.module\",\"core\":true,\"configurable\":true,\"versionStr\":\"1.1.0\"},\"87\":{\"summary\":\"Acts as a placeholder Process for the admin root. Ensures proper flow control after login.\",\"file\":\"\\/home\\/okeowoad\\/public_html\\/wire\\/modules\\/Process\\/ProcessHome.module\",\"core\":true,\"versionStr\":\"1.0.1\"},\"121\":{\"summary\":\"Provides a link capability as used by some Fieldtype modules (like rich text editors).\",\"file\":\"\\/home\\/okeowoad\\/public_html\\/wire\\/modules\\/Process\\/ProcessPageEditLink\\/ProcessPageEditLink.module\",\"core\":true,\"configurable\":true,\"versionStr\":\"1.0.8\"},\"17\":{\"summary\":\"Add a new page\",\"file\":\"\\/home\\/okeowoad\\/public_html\\/wire\\/modules\\/Process\\/ProcessPageAdd\\/ProcessPageAdd.module\",\"core\":true,\"configurable\":true,\"versionStr\":\"1.0.7\"},\"12\":{\"summary\":\"List pages in a hierarchal tree structure\",\"file\":\"\\/home\\/okeowoad\\/public_html\\/wire\\/modules\\/Process\\/ProcessPageList\\/ProcessPageList.module\",\"core\":true,\"configurable\":true,\"versionStr\":\"1.0.9\"},\"129\":{\"summary\":\"Provides an image select capability as used by some Fieldtype modules (like TinyMCE)\",\"file\":\"\\/home\\/okeowoad\\/public_html\\/wire\\/modules\\/Process\\/ProcessPageEditImageSelect\\/ProcessPageEditImageSelect.module\",\"core\":true,\"configurable\":true,\"versionStr\":\"1.1.5\"},\"83\":{\"summary\":\"All page views are routed through this Process\",\"file\":\"\\/home\\/okeowoad\\/public_html\\/wire\\/modules\\/Process\\/ProcessPageView.module\",\"core\":true,\"versionStr\":\"1.0.3\"},\"138\":{\"summary\":\"Enables user to change their password, email address and other settings that you define.\",\"file\":\"\\/home\\/okeowoad\\/public_html\\/wire\\/modules\\/Process\\/ProcessProfile\\/ProcessProfile.module\",\"core\":true,\"configurable\":true,\"versionStr\":\"1.0.1\"},\"47\":{\"summary\":\"List and edit the templates that control page output\",\"file\":\"\\/home\\/okeowoad\\/public_html\\/wire\\/modules\\/Process\\/ProcessTemplate\\/ProcessTemplate.module\",\"core\":true,\"versionStr\":\"1.1.1\"},\"125\":{\"summary\":\"Throttles the frequency of logins for a given account, helps to reduce dictionary attacks by introducing an exponential delay between logins.\",\"file\":\"\\/home\\/okeowoad\\/public_html\\/wire\\/modules\\/Session\\/SessionLoginThrottle\\/SessionLoginThrottle.module\",\"core\":true,\"configurable\":true,\"versionStr\":\"1.0.2\"},\"61\":{\"summary\":\"Entity encode ampersands, quotes (single and double) and greater-than\\/less-than signs using htmlspecialchars(str, ENT_QUOTES). It is recommended that you use this on all text\\/textarea fields except those using a rich text editor like TinyMCE or a markup language like Markdown.\",\"file\":\"\\/home\\/okeowoad\\/public_html\\/wire\\/modules\\/Textformatter\\/TextformatterEntities.module\",\"core\":true,\"versionStr\":\"1.0.0\"},\"148\":{\"summary\":\"Minimal admin theme that supports all ProcessWire features.\",\"file\":\"\\/home\\/okeowoad\\/public_html\\/wire\\/modules\\/AdminTheme\\/AdminThemeDefault\\/AdminThemeDefault.module\",\"core\":true,\"configurable\":true,\"versionStr\":\"0.1.2\"},\"159\":{\"summary\":\"Admin theme for ProcessWire 2.5 by Tom Reno (Renobird)\",\"author\":\"Tom Reno (Renobird)\",\"file\":\"\\/home\\/okeowoad\\/public_html\\/wire\\/modules\\/AdminTheme\\/AdminThemeReno\\/AdminThemeReno.module\",\"core\":true,\"configurable\":true,\"versionStr\":\"0.1.2\"},\"113\":{\"summary\":\"Adds a render() method to all PageArray instances for basic unordered list generation of PageArrays.\",\"file\":\"\\/home\\/okeowoad\\/public_html\\/wire\\/modules\\/Markup\\/MarkupPageArray.module\",\"core\":true,\"versionStr\":\"1.0.0\"},\"183\":{\"summary\":\"Renders an RSS feed. Given a PageArray, renders an RSS feed of them.\",\"file\":\"\\/home\\/okeowoad\\/public_html\\/wire\\/modules\\/Markup\\/MarkupRSS.module\",\"core\":true,\"configurable\":true,\"versionStr\":\"1.0.2\"},\"182\":{\"summary\":\"A simple way to cache segments of markup in your templates. \",\"href\":\"http:\\/\\/www.processwire.com\\/api\\/modules\\/markupcache\\/\",\"file\":\"\\/home\\/okeowoad\\/public_html\\/wire\\/modules\\/Markup\\/MarkupCache.module\",\"core\":true,\"configurable\":true,\"versionStr\":\"1.0.1\"},\"67\":{\"summary\":\"Generates XHTML markup for data tables used by ProcessWire admin\",\"file\":\"\\/home\\/okeowoad\\/public_html\\/wire\\/modules\\/Markup\\/MarkupAdminDataTable\\/MarkupAdminDataTable.module\",\"core\":true,\"versionStr\":\"1.0.3\"},\"156\":{\"summary\":\"Front-end to the HTML Purifier library.\",\"file\":\"\\/home\\/okeowoad\\/public_html\\/wire\\/modules\\/Markup\\/MarkupHTMLPurifier\\/MarkupHTMLPurifier.module\",\"core\":true,\"versionStr\":\"1.0.4\"},\"98\":{\"summary\":\"Generates markup for pagination navigation\",\"file\":\"\\/home\\/okeowoad\\/public_html\\/wire\\/modules\\/Markup\\/MarkupPagerNav\\/MarkupPagerNav.module\",\"core\":true,\"versionStr\":\"1.0.3\"},\"115\":{\"summary\":\"Adds a render method to Page and caches page output.\",\"file\":\"\\/home\\/okeowoad\\/public_html\\/wire\\/modules\\/PageRender.module\",\"core\":true,\"configurable\":true,\"versionStr\":\"1.0.3\"},\"139\":{\"summary\":\"Manages system versions and upgrades.\",\"file\":\"\\/home\\/okeowoad\\/public_html\\/wire\\/modules\\/System\\/SystemUpdater\\/SystemUpdater.module\",\"core\":true,\"configurable\":true,\"versionStr\":\"0.1.0\"},\"114\":{\"summary\":\"Adds various permission methods to Page objects that are used by Process modules.\",\"file\":\"\\/home\\/okeowoad\\/public_html\\/wire\\/modules\\/PagePermissions.module\",\"core\":true,\"versionStr\":\"1.0.5\"},\"79\":{\"summary\":\"Contains any other markup and optionally child Inputfields\",\"file\":\"\\/home\\/okeowoad\\/public_html\\/wire\\/modules\\/Inputfield\\/InputfieldMarkup.module\",\"core\":true,\"versionStr\":\"1.0.1\"},\"155\":{\"summary\":\"CKEditor textarea rich text editor.\",\"file\":\"\\/home\\/okeowoad\\/public_html\\/wire\\/modules\\/Inputfield\\/InputfieldCKEditor\\/InputfieldCKEditor.module\",\"core\":true,\"versionStr\":\"1.3.8\"},\"34\":{\"summary\":\"Single line of text\",\"file\":\"\\/home\\/okeowoad\\/public_html\\/wire\\/modules\\/Inputfield\\/InputfieldText.module\",\"core\":true,\"versionStr\":\"1.0.5\"},\"86\":{\"summary\":\"Text input validated as a ProcessWire Page name field\",\"file\":\"\\/home\\/okeowoad\\/public_html\\/wire\\/modules\\/Inputfield\\/InputfieldPageName\\/InputfieldPageName.module\",\"core\":true,\"configurable\":true,\"versionStr\":\"1.0.4\"},\"112\":{\"summary\":\"Handles input of Page Title and auto-generation of Page Name (when name is blank)\",\"file\":\"\\/home\\/okeowoad\\/public_html\\/wire\\/modules\\/Inputfield\\/InputfieldPageTitle\\/InputfieldPageTitle.module\",\"core\":true,\"versionStr\":\"1.0.2\"},\"131\":{\"summary\":\"Form button element that you can optionally pass an href attribute to.\",\"file\":\"\\/home\\/okeowoad\\/public_html\\/wire\\/modules\\/Inputfield\\/InputfieldButton.module\",\"core\":true,\"versionStr\":\"1.0.0\"},\"181\":{\"summary\":\"Select an icon\",\"file\":\"\\/home\\/okeowoad\\/public_html\\/wire\\/modules\\/Inputfield\\/InputfieldIcon\\/InputfieldIcon.module\",\"core\":true,\"versionStr\":\"0.0.2\"},\"41\":{\"summary\":\"Text input validated as a ProcessWire name field\",\"file\":\"\\/home\\/okeowoad\\/public_html\\/wire\\/modules\\/Inputfield\\/InputfieldName.module\",\"core\":true,\"versionStr\":\"1.0.0\"},\"149\":{\"summary\":\"Build a page finding selector visually.\",\"author\":\"Avoine + ProcessWire\",\"file\":\"\\/home\\/okeowoad\\/public_html\\/wire\\/modules\\/Inputfield\\/InputfieldSelector\\/InputfieldSelector.module\",\"core\":true,\"configurable\":true,\"versionStr\":\"0.2.2\"},\"60\":{\"summary\":\"Select one or more pages\",\"file\":\"\\/home\\/okeowoad\\/public_html\\/wire\\/modules\\/Inputfield\\/InputfieldPage\\/InputfieldPage.module\",\"core\":true,\"configurable\":true,\"versionStr\":\"1.0.4\"},\"80\":{\"summary\":\"E-Mail address in valid format\",\"file\":\"\\/home\\/okeowoad\\/public_html\\/wire\\/modules\\/Inputfield\\/InputfieldEmail.module\",\"core\":true,\"versionStr\":\"1.0.1\"},\"122\":{\"summary\":\"Password input with confirmation field that doesn\'t ever echo the input back.\",\"file\":\"\\/home\\/okeowoad\\/public_html\\/wire\\/modules\\/Inputfield\\/InputfieldPassword.module\",\"core\":true,\"versionStr\":\"1.0.1\"},\"32\":{\"summary\":\"Form submit button\",\"file\":\"\\/home\\/okeowoad\\/public_html\\/wire\\/modules\\/Inputfield\\/InputfieldSubmit\\/InputfieldSubmit.module\",\"core\":true,\"versionStr\":\"1.0.1\"},\"30\":{\"summary\":\"Contains one or more fields in a form\",\"file\":\"\\/home\\/okeowoad\\/public_html\\/wire\\/modules\\/Inputfield\\/InputfieldForm.module\",\"core\":true,\"versionStr\":\"1.0.5\"},\"40\":{\"summary\":\"Hidden value in a form\",\"file\":\"\\/home\\/okeowoad\\/public_html\\/wire\\/modules\\/Inputfield\\/InputfieldHidden.module\",\"core\":true,\"versionStr\":\"1.0.1\"},\"85\":{\"summary\":\"Integer (positive or negative)\",\"file\":\"\\/home\\/okeowoad\\/public_html\\/wire\\/modules\\/Inputfield\\/InputfieldInteger.module\",\"core\":true,\"versionStr\":\"1.0.2\"},\"137\":{\"summary\":\"Selection of multiple pages from a ProcessWire page tree list\",\"file\":\"\\/home\\/okeowoad\\/public_html\\/wire\\/modules\\/Inputfield\\/InputfieldPageListSelect\\/InputfieldPageListSelectMultiple.module\",\"core\":true,\"versionStr\":\"1.0.1\"},\"15\":{\"summary\":\"Selection of a single page from a ProcessWire page tree list\",\"file\":\"\\/home\\/okeowoad\\/public_html\\/wire\\/modules\\/Inputfield\\/InputfieldPageListSelect\\/InputfieldPageListSelect.module\",\"core\":true,\"versionStr\":\"1.0.0\"},\"172\":{\"summary\":\"Multiple Page selection using auto completion and sorting capability. Intended for use as an input field for Page reference fields.\",\"file\":\"\\/home\\/okeowoad\\/public_html\\/wire\\/modules\\/Inputfield\\/InputfieldPageAutocomplete\\/InputfieldPageAutocomplete.module\",\"core\":true,\"versionStr\":\"1.0.4\"},\"37\":{\"summary\":\"Single checkbox toggle\",\"file\":\"\\/home\\/okeowoad\\/public_html\\/wire\\/modules\\/Inputfield\\/InputfieldCheckbox.module\",\"core\":true,\"versionStr\":\"1.0.2\"},\"90\":{\"summary\":\"Floating point number with precision\",\"file\":\"\\/home\\/okeowoad\\/public_html\\/wire\\/modules\\/Inputfield\\/InputfieldFloat.module\",\"core\":true,\"versionStr\":\"1.0.3\"},\"94\":{\"summary\":\"Inputfield that accepts date and optionally time\",\"file\":\"\\/home\\/okeowoad\\/public_html\\/wire\\/modules\\/Inputfield\\/InputfieldDatetime\\/InputfieldDatetime.module\",\"core\":true,\"versionStr\":\"1.0.3\"},\"43\":{\"summary\":\"Select multiple items from a list\",\"file\":\"\\/home\\/okeowoad\\/public_html\\/wire\\/modules\\/Inputfield\\/InputfieldSelectMultiple.module\",\"core\":true,\"versionStr\":\"1.0.1\"},\"55\":{\"summary\":\"One or more file uploads (sortable)\",\"file\":\"\\/home\\/okeowoad\\/public_html\\/wire\\/modules\\/Inputfield\\/InputfieldFile\\/InputfieldFile.module\",\"core\":true,\"versionStr\":\"1.1.7\"},\"108\":{\"summary\":\"URL in valid format\",\"file\":\"\\/home\\/okeowoad\\/public_html\\/wire\\/modules\\/Inputfield\\/InputfieldURL.module\",\"core\":true,\"versionStr\":\"1.0.1\"},\"56\":{\"summary\":\"One or more image uploads (sortable)\",\"file\":\"\\/home\\/okeowoad\\/public_html\\/wire\\/modules\\/Inputfield\\/InputfieldImage\\/InputfieldImage.module\",\"core\":true,\"versionStr\":\"1.1.3\"},\"36\":{\"summary\":\"Selection of a single value from a select pulldown\",\"file\":\"\\/home\\/okeowoad\\/public_html\\/wire\\/modules\\/Inputfield\\/InputfieldSelect.module\",\"core\":true,\"versionStr\":\"1.0.2\"},\"35\":{\"summary\":\"Multiple lines of text\",\"file\":\"\\/home\\/okeowoad\\/public_html\\/wire\\/modules\\/Inputfield\\/InputfieldTextarea.module\",\"core\":true,\"versionStr\":\"1.0.3\"},\"39\":{\"summary\":\"Radio buttons for selection of a single item\",\"file\":\"\\/home\\/okeowoad\\/public_html\\/wire\\/modules\\/Inputfield\\/InputfieldRadios\\/InputfieldRadios.module\",\"core\":true,\"versionStr\":\"1.0.2\"},\"38\":{\"summary\":\"Multiple checkbox toggles\",\"file\":\"\\/home\\/okeowoad\\/public_html\\/wire\\/modules\\/Inputfield\\/InputfieldCheckboxes\\/InputfieldCheckboxes.module\",\"core\":true,\"versionStr\":\"1.0.0\"},\"78\":{\"summary\":\"Groups one or more fields together in a container\",\"file\":\"\\/home\\/okeowoad\\/public_html\\/wire\\/modules\\/Inputfield\\/InputfieldFieldset.module\",\"core\":true,\"versionStr\":\"1.0.1\"},\"25\":{\"summary\":\"Multiple selection, progressive enhancement to select multiple\",\"href\":\"http:\\/\\/code.google.com\\/p\\/jquery-asmselect\\/\",\"file\":\"\\/home\\/okeowoad\\/public_html\\/wire\\/modules\\/Inputfield\\/InputfieldAsmSelect\\/InputfieldAsmSelect.module\",\"core\":true,\"versionStr\":\"1.1.6\"},\"152\":{\"summary\":\"Keeps track of past URLs where pages have lived and automatically redirects (301 permament) to the new location whenever the past URL is accessed.\",\"file\":\"\\/home\\/okeowoad\\/public_html\\/wire\\/modules\\/PagePathHistory.module\",\"core\":true,\"versionStr\":\"0.0.1\"},\"6\":{\"summary\":\"Field that stores one or more files\",\"file\":\"\\/home\\/okeowoad\\/public_html\\/wire\\/modules\\/Fieldtype\\/FieldtypeFile.module\",\"core\":true,\"versionStr\":\"1.0.4\"},\"1\":{\"summary\":\"Field that stores multiple lines of text\",\"file\":\"\\/home\\/okeowoad\\/public_html\\/wire\\/modules\\/Fieldtype\\/FieldtypeTextarea.module\",\"core\":true,\"versionStr\":\"1.0.4\"},\"111\":{\"summary\":\"Field that stores a page title\",\"file\":\"\\/home\\/okeowoad\\/public_html\\/wire\\/modules\\/Fieldtype\\/FieldtypePageTitle.module\",\"core\":true,\"versionStr\":\"1.0.0\"},\"107\":{\"summary\":\"Open a fieldset to group fields. Same as Fieldset (Open) except that it displays in a tab instead.\",\"file\":\"\\/home\\/okeowoad\\/public_html\\/wire\\/modules\\/Fieldtype\\/FieldtypeFieldsetTabOpen.module\",\"core\":true,\"versionStr\":\"1.0.0\"},\"135\":{\"summary\":\"Field that stores a URL\",\"file\":\"\\/home\\/okeowoad\\/public_html\\/wire\\/modules\\/Fieldtype\\/FieldtypeURL.module\",\"core\":true,\"versionStr\":\"1.0.0\"},\"57\":{\"summary\":\"Field that stores one or more GIF, JPG, or PNG images\",\"file\":\"\\/home\\/okeowoad\\/public_html\\/wire\\/modules\\/Fieldtype\\/FieldtypeImage.module\",\"core\":true,\"versionStr\":\"1.0.1\"},\"3\":{\"summary\":\"Field that stores a single line of text\",\"file\":\"\\/home\\/okeowoad\\/public_html\\/wire\\/modules\\/Fieldtype\\/FieldtypeText.module\",\"core\":true,\"versionStr\":\"1.0.0\"},\"97\":{\"summary\":\"This Fieldtype stores an ON\\/OFF toggle via a single checkbox. The ON value is 1 and OFF value is 0.\",\"file\":\"\\/home\\/okeowoad\\/public_html\\/wire\\/modules\\/Fieldtype\\/FieldtypeCheckbox.module\",\"core\":true,\"versionStr\":\"1.0.1\"},\"89\":{\"summary\":\"Field that stores a floating point (decimal) number\",\"file\":\"\\/home\\/okeowoad\\/public_html\\/wire\\/modules\\/Fieldtype\\/FieldtypeFloat.module\",\"core\":true,\"versionStr\":\"1.0.5\"},\"171\":{\"summary\":\"Repeats fields from another template. Provides the input for FieldtypeRepeater.\",\"file\":\"\\/home\\/okeowoad\\/public_html\\/wire\\/modules\\/Fieldtype\\/FieldtypeRepeater\\/InputfieldRepeater.module\",\"core\":true,\"versionStr\":\"1.0.1\"},\"170\":{\"summary\":\"Maintains a collection of fields that are repeated for any number of times.\",\"file\":\"\\/home\\/okeowoad\\/public_html\\/wire\\/modules\\/Fieldtype\\/FieldtypeRepeater\\/FieldtypeRepeater.module\",\"core\":true,\"configurable\":true,\"versionStr\":\"1.0.1\"},\"133\":{\"summary\":\"Field that stores a hashed and salted password\",\"file\":\"\\/home\\/okeowoad\\/public_html\\/wire\\/modules\\/Fieldtype\\/FieldtypePassword.module\",\"core\":true,\"versionStr\":\"1.0.1\"},\"168\":{\"summary\":\"Field that stores user posted comments for a single Page\",\"file\":\"\\/home\\/okeowoad\\/public_html\\/wire\\/modules\\/Fieldtype\\/FieldtypeComments\\/FieldtypeComments.module\",\"core\":true,\"versionStr\":\"1.0.6\"},\"169\":{\"summary\":\"Provides an administrative interface for working with comments\",\"file\":\"\\/home\\/okeowoad\\/public_html\\/wire\\/modules\\/Fieldtype\\/FieldtypeComments\\/InputfieldCommentsAdmin.module\",\"core\":true,\"versionStr\":\"1.0.4\"},\"4\":{\"summary\":\"Field that stores one or more references to ProcessWire pages\",\"file\":\"\\/home\\/okeowoad\\/public_html\\/wire\\/modules\\/Fieldtype\\/FieldtypePage.module\",\"core\":true,\"configurable\":true,\"versionStr\":\"1.0.2\"},\"28\":{\"summary\":\"Field that stores a date and optionally time\",\"file\":\"\\/home\\/okeowoad\\/public_html\\/wire\\/modules\\/Fieldtype\\/FieldtypeDatetime.module\",\"core\":true,\"versionStr\":\"1.0.4\"},\"105\":{\"summary\":\"Open a fieldset to group fields. Should be followed by a Fieldset (Close) after one or more fields.\",\"file\":\"\\/home\\/okeowoad\\/public_html\\/wire\\/modules\\/Fieldtype\\/FieldtypeFieldsetOpen.module\",\"core\":true,\"versionStr\":\"1.0.0\"},\"29\":{\"summary\":\"Field that stores an e-mail address\",\"file\":\"\\/home\\/okeowoad\\/public_html\\/wire\\/modules\\/Fieldtype\\/FieldtypeEmail.module\",\"core\":true,\"versionStr\":\"1.0.0\"},\"27\":{\"summary\":\"Field that stores a reference to another module\",\"file\":\"\\/home\\/okeowoad\\/public_html\\/wire\\/modules\\/Fieldtype\\/FieldtypeModule.module\",\"core\":true,\"versionStr\":\"1.0.1\"},\"106\":{\"summary\":\"Close a fieldset opened by FieldsetOpen. \",\"file\":\"\\/home\\/okeowoad\\/public_html\\/wire\\/modules\\/Fieldtype\\/FieldtypeFieldsetClose.module\",\"core\":true,\"versionStr\":\"1.0.0\"},\"84\":{\"summary\":\"Field that stores an integer\",\"file\":\"\\/home\\/okeowoad\\/public_html\\/wire\\/modules\\/Fieldtype\\/FieldtypeInteger.module\",\"core\":true,\"versionStr\":\"1.0.1\"},\"186\":{\"summary\":\"The all-in-one SEO solution for ProcessWire.\",\"file\":\"\\/home\\/okeowoad\\/public_html\\/site\\/modules\\/MarkupSEO\\/MarkupSEO.module\",\"configurable\":true,\"versionStr\":\"0.8.2\"},\"174\":{\"summary\":\"Automatically migrate content from one PW installation to another. Also allows 3rd party modules to convert content from other sources.\",\"href\":\"https:\\/\\/processwire.com\\/talk\\/topic\\/4420-migrator\\/\",\"file\":\"\\/home\\/okeowoad\\/public_html\\/site\\/modules\\/ProcessMigrator\\/ProcessMigrator.module\",\"versionStr\":\"0.6.4\"},\"184\":{\"summary\":\"View your Google Analytics Statistics in the Processwire Admin Panel\",\"href\":\"http:\\/\\/processwire.com\\/talk\\/topic\\/1609-processgoogleanalytics\\/\",\"file\":\"\\/home\\/okeowoad\\/public_html\\/site\\/modules\\/ProcessGoogleAnalytics\\/ProcessGoogleAnalytics.module\",\"configurable\":true,\"versionStr\":\"1.2.1\"},\"177\":{\"summary\":\"Tool that helps you identify and install core and module upgrades.\",\"author\":\"Ryan Cramer\",\"file\":\"\\/home\\/okeowoad\\/public_html\\/site\\/modules\\/ProcessWireUpgrade\\/ProcessWireUpgrade.module\",\"versionStr\":\"0.0.2\"},\"178\":{\"summary\":\"Automatically checks for core and installed module upgrades at routine intervals.\",\"author\":\"Ryan Cramer\",\"file\":\"\\/home\\/okeowoad\\/public_html\\/site\\/modules\\/ProcessWireUpgrade\\/ProcessWireUpgradeCheck.module\",\"versionStr\":\"0.0.3\"},\"162\":{\"summary\":\"Browse Modules from modules.processwire.com. Download, update or install them. Consider this a proof of concept and use at your own risk.\",\"author\":\"Philipp \'Soma\' Urlich\",\"href\":\"http:\\/\\/processwire.com\\/talk\\/topic\\/1550-modules-manager\\/\",\"file\":\"\\/home\\/okeowoad\\/public_html\\/site\\/modules\\/ModulesManager\\/ModulesManager.module\",\"configurable\":true,\"versionStr\":\"2.1.6\"},\"185\":{\"summary\":\"Better ProcessWire text editor for developers and at least \\u2018a little\\u2019 tech savvy clients\",\"file\":\"\\/home\\/okeowoad\\/public_html\\/site\\/modules\\/InputfieldAceEditor\\/InputfieldAceEditor.module\",\"versionStr\":\"1.0.1\"},\"164\":{\"summary\":\"Blog Manager module inspired by the Blog Profile by Ryan Cramer\",\"author\":\"Kongondo\",\"href\":\"https:\\/\\/processwire.com\\/talk\\/topic\\/7403-module-blog\\/\",\"file\":\"\\/home\\/okeowoad\\/public_html\\/site\\/modules\\/ProcessBlog\\/ProcessBlog.module\",\"configurable\":true,\"versionStr\":\"2.3.4\"},\"166\":{\"summary\":\"Automatically set a Blog Post publish date on publish\",\"author\":\"Kongondo\",\"href\":\"https:\\/\\/processwire.com\\/talk\\/topic\\/7403-module-blog\\/\",\"file\":\"\\/home\\/okeowoad\\/public_html\\/site\\/modules\\/ProcessBlog\\/BlogPublishDate.module\",\"versionStr\":\"2.3.4\"},\"165\":{\"summary\":\"Markup module to output a Blog based on the Blog Profile by Ryan Cramer\",\"author\":\"Kongondo\",\"href\":\"https:\\/\\/processwire.com\\/talk\\/topic\\/7403-module-blog\\/\",\"file\":\"\\/home\\/okeowoad\\/public_html\\/site\\/modules\\/ProcessBlog\\/MarkupBlog.module\",\"versionStr\":\"2.3.4\"},\"179\":{\"summary\":\"Create and\\/or restore database backups from ProcessWire admin.\",\"author\":\"Ryan Cramer\",\"file\":\"\\/home\\/okeowoad\\/public_html\\/site\\/modules\\/ProcessDatabaseBackups\\/ProcessDatabaseBackups.module\",\"versionStr\":\"0.0.3\"},\"161\":{\"summary\":\"Provides jQuery DataTables for use in ProcessWire.\",\"href\":\"http:\\/\\/datatables.net\",\"file\":\"\\/home\\/okeowoad\\/public_html\\/site\\/modules\\/JqueryDataTables\\/JqueryDataTables.module\",\"versionStr\":\"1.9.4\"}}', '2010-04-08 03:10:10');
INSERT INTO `caches` (`name`, `data`, `expires`) VALUES('ModulesUninstalled.info', '{\"ProcessCommentsManager\":{\"name\":\"ProcessCommentsManager\",\"title\":\"Comments\",\"version\":5,\"versionStr\":\"0.0.5\",\"author\":\"Ryan Cramer\",\"summary\":\"Manage comments in your site outside of the page editor.\",\"href\":\"\",\"icon\":\"comments\",\"requires\":[\"FieldtypeComments\"],\"requiresVersions\":{\"FieldtypeComments\":[\">=\",0]},\"installs\":[],\"permission\":\"comments-manager\",\"permissions\":{\"comments-manager\":\"Use the comments manager\"},\"autoload\":null,\"singular\":null,\"created\":1425812650,\"installed\":false,\"file\":\"\\/home\\/okeowoad\\/public_html\\/wire\\/modules\\/Process\\/ProcessCommentsManager\\/ProcessCommentsManager.module\",\"core\":true,\"configurable\":false,\"page\":{\"name\":\"comments\",\"parent\":\"setup\",\"title\":\"Comments\"},\"nav\":[{\"url\":\"?go=approved\",\"label\":\"Approved\"},{\"url\":\"?go=pending\",\"label\":\"Pending\"},{\"url\":\"?go=spam\",\"label\":\"Spam\"},{\"url\":\"?go=all\",\"label\":\"All\"}]},\"ProcessForgotPassword\":{\"name\":\"ProcessForgotPassword\",\"title\":\"Forgot Password\",\"version\":101,\"versionStr\":\"1.0.1\",\"author\":\"\",\"summary\":\"Provides password reset\\/email capability for the Login process.\",\"href\":\"\",\"icon\":\"\",\"requires\":[],\"requiresVersions\":[],\"installs\":[],\"permission\":\"page-view\",\"permissions\":[],\"autoload\":null,\"singular\":null,\"created\":1425812650,\"installed\":false,\"file\":\"\\/home\\/okeowoad\\/public_html\\/wire\\/modules\\/Process\\/ProcessForgotPassword.module\",\"core\":true,\"configurable\":true,\"permanent\":false},\"ProcessPageClone\":{\"name\":\"ProcessPageClone\",\"title\":\"Page Clone\",\"version\":102,\"versionStr\":\"1.0.2\",\"author\":\"\",\"summary\":\"Provides ability to clone\\/copy\\/duplicate pages in the admin. Adds a \\\"copy\\\" option to all applicable pages in the PageList.\",\"href\":\"\",\"icon\":\"\",\"requires\":[],\"requiresVersions\":[],\"installs\":[],\"permission\":\"page-clone\",\"permissions\":[],\"autoload\":\"process=ProcessPageList\",\"singular\":null,\"created\":1425812650,\"installed\":false,\"file\":\"\\/home\\/okeowoad\\/public_html\\/wire\\/modules\\/Process\\/ProcessPageClone.module\",\"core\":true,\"configurable\":false,\"permanent\":false},\"SessionHandlerDB\":{\"name\":\"SessionHandlerDB\",\"title\":\"Session Handler Database\",\"version\":2,\"versionStr\":\"0.0.2\",\"author\":\"\",\"summary\":\"Installing this module makes ProcessWire store sessions in the database rather than the file system. Note that this module will log you out after install or uninstall.\",\"href\":\"\",\"icon\":\"\",\"requires\":[],\"requiresVersions\":[],\"installs\":[\"ProcessSessionDB\"],\"permission\":\"\",\"permissions\":[],\"autoload\":null,\"singular\":null,\"created\":1425812650,\"installed\":false,\"file\":\"\\/home\\/okeowoad\\/public_html\\/wire\\/modules\\/Session\\/SessionHandlerDB\\/SessionHandlerDB.module\",\"core\":true,\"configurable\":true},\"ProcessSessionDB\":{\"name\":\"ProcessSessionDB\",\"title\":\"Sessions\",\"version\":3,\"versionStr\":\"0.0.3\",\"author\":\"\",\"summary\":\"Enables you to browse active database sessions.\",\"href\":\"\",\"icon\":\"dashboard\",\"requires\":[\"SessionHandlerDB\"],\"requiresVersions\":{\"SessionHandlerDB\":[\">=\",0]},\"installs\":[],\"permission\":\"\",\"permissions\":[],\"autoload\":null,\"singular\":null,\"created\":1425812650,\"installed\":false,\"file\":\"\\/home\\/okeowoad\\/public_html\\/wire\\/modules\\/Session\\/SessionHandlerDB\\/ProcessSessionDB.module\",\"core\":true,\"configurable\":false,\"permanent\":false},\"TextformatterNewlineBR\":{\"name\":\"TextformatterNewlineBR\",\"title\":\"Newlines to XHTML Line Breaks\",\"version\":100,\"versionStr\":\"1.0.0\",\"author\":\"\",\"summary\":\"Converts newlines to XHTML line break <br \\/> tags. \",\"href\":\"\",\"icon\":\"\",\"requires\":[],\"requiresVersions\":[],\"installs\":[],\"permission\":\"\",\"permissions\":[],\"autoload\":null,\"singular\":null,\"created\":1425812650,\"installed\":false,\"file\":\"\\/home\\/okeowoad\\/public_html\\/wire\\/modules\\/Textformatter\\/TextformatterNewlineBR.module\",\"core\":true,\"configurable\":false},\"TextformatterStripTags\":{\"name\":\"TextformatterStripTags\",\"title\":\"Strip Markup Tags\",\"version\":100,\"versionStr\":\"1.0.0\",\"author\":\"\",\"summary\":\"Strips HTML\\/XHTML Markup Tags\",\"href\":\"\",\"icon\":\"\",\"requires\":[],\"requiresVersions\":[],\"installs\":[],\"permission\":\"\",\"permissions\":[],\"autoload\":null,\"singular\":null,\"created\":1425812650,\"installed\":false,\"file\":\"\\/home\\/okeowoad\\/public_html\\/wire\\/modules\\/Textformatter\\/TextformatterStripTags.module\",\"core\":true,\"configurable\":true},\"TextformatterSmartypants\":{\"name\":\"TextformatterSmartypants\",\"title\":\"SmartyPants Typographer\",\"version\":152,\"versionStr\":\"1.5.2\",\"author\":\"\",\"summary\":\"Smart typography for web sites, by Michel Fortin based on SmartyPants by John Gruber. If combined with Markdown, it should be applied AFTER Markdown.\",\"href\":\"\",\"icon\":\"\",\"requires\":[],\"requiresVersions\":[],\"installs\":[],\"permission\":\"\",\"permissions\":[],\"autoload\":null,\"singular\":null,\"created\":1425812650,\"installed\":false,\"file\":\"\\/home\\/okeowoad\\/public_html\\/wire\\/modules\\/Textformatter\\/TextformatterSmartypants\\/TextformatterSmartypants.module\",\"core\":true,\"configurable\":false,\"url\":\"http:\\/\\/michelf.com\\/projects\\/php-smartypants\\/typographer\\/\"},\"TextformatterMarkdownExtra\":{\"name\":\"TextformatterMarkdownExtra\",\"title\":\"Markdown\\/Parsedown Extra\",\"version\":129,\"versionStr\":\"1.2.9\",\"author\":\"\",\"summary\":\"Markdown extra and Parsedown extra lightweight markup language by Emanuil Rusev, Michel Fortin, John Gruber.\",\"href\":\"\",\"icon\":\"\",\"requires\":[],\"requiresVersions\":[],\"installs\":[],\"permission\":\"\",\"permissions\":[],\"autoload\":null,\"singular\":null,\"created\":1425812650,\"installed\":false,\"file\":\"\\/home\\/okeowoad\\/public_html\\/wire\\/modules\\/Textformatter\\/TextformatterMarkdownExtra\\/TextformatterMarkdownExtra.module\",\"core\":true,\"configurable\":true},\"TextformatterNewlineUL\":{\"name\":\"TextformatterNewlineUL\",\"title\":\"Newlines to Unordered List\",\"version\":100,\"versionStr\":\"1.0.0\",\"author\":\"\",\"summary\":\"Converts newlines to <li> list items and surrounds in an <ul> unordered list. \",\"href\":\"\",\"icon\":\"\",\"requires\":[],\"requiresVersions\":[],\"installs\":[],\"permission\":\"\",\"permissions\":[],\"autoload\":null,\"singular\":null,\"created\":1425812650,\"installed\":false,\"file\":\"\\/home\\/okeowoad\\/public_html\\/wire\\/modules\\/Textformatter\\/TextformatterNewlineUL.module\",\"core\":true,\"configurable\":false},\"TextformatterPstripper\":{\"name\":\"TextformatterPstripper\",\"title\":\"Paragraph Stripper\",\"version\":100,\"versionStr\":\"1.0.0\",\"author\":\"\",\"summary\":\"Strips paragraph <p> tags that may have been applied by other text formatters before it. \",\"href\":\"\",\"icon\":\"\",\"requires\":[],\"requiresVersions\":[],\"installs\":[],\"permission\":\"\",\"permissions\":[],\"autoload\":null,\"singular\":null,\"created\":1425812650,\"installed\":false,\"file\":\"\\/home\\/okeowoad\\/public_html\\/wire\\/modules\\/Textformatter\\/TextformatterPstripper.module\",\"core\":true,\"configurable\":false},\"MarkupPageFields\":{\"name\":\"MarkupPageFields\",\"title\":\"Markup Page Fields\",\"version\":100,\"versionStr\":\"1.0.0\",\"author\":\"\",\"summary\":\"Adds $page->renderFields() and $page->images->render() methods that return basic markup for output during development and debugging.\",\"href\":\"\",\"icon\":\"\",\"requires\":[],\"requiresVersions\":[],\"installs\":[],\"permission\":\"\",\"permissions\":[],\"autoload\":true,\"singular\":true,\"created\":1425812650,\"installed\":false,\"file\":\"\\/home\\/okeowoad\\/public_html\\/wire\\/modules\\/Markup\\/MarkupPageFields.module\",\"core\":true,\"configurable\":false,\"permanent\":true},\"FieldtypeNotifications\":{\"name\":\"FieldtypeNotifications\",\"title\":\"Notifications\",\"version\":4,\"versionStr\":\"0.0.4\",\"author\":\"\",\"summary\":\"Field that stores user notifications.\",\"href\":\"\",\"icon\":\"\",\"requires\":[\"SystemNotifications\"],\"requiresVersions\":{\"SystemNotifications\":[\">=\",0]},\"installs\":[],\"permission\":\"\",\"permissions\":[],\"autoload\":null,\"singular\":null,\"created\":1425812650,\"installed\":false,\"file\":\"\\/home\\/okeowoad\\/public_html\\/wire\\/modules\\/System\\/SystemNotifications\\/FieldtypeNotifications.module\",\"core\":true,\"configurable\":false},\"SystemNotifications\":{\"name\":\"SystemNotifications\",\"title\":\"System Notifications\",\"version\":10,\"versionStr\":\"0.1.0\",\"author\":\"\",\"summary\":\"Adds support for notifications in ProcessWire (currently in development)\",\"href\":\"\",\"icon\":\"bell\",\"requires\":[],\"requiresVersions\":[],\"installs\":[\"FieldtypeNotifications\"],\"permission\":\"\",\"permissions\":[],\"autoload\":true,\"singular\":null,\"created\":1425812650,\"installed\":false,\"file\":\"\\/home\\/okeowoad\\/public_html\\/wire\\/modules\\/System\\/SystemNotifications\\/SystemNotifications.module\",\"core\":true,\"configurable\":\"SystemNotificationsConfig.php\"},\"InputfieldPageTable\":{\"name\":\"InputfieldPageTable\",\"title\":\"ProFields: Page Table\",\"version\":10,\"versionStr\":\"0.1.0\",\"author\":\"\",\"summary\":\"Inputfield to accompany FieldtypePageTable\",\"href\":\"\",\"icon\":\"\",\"requires\":[\"FieldtypePageTable\"],\"requiresVersions\":{\"FieldtypePageTable\":[\">=\",0]},\"installs\":[],\"permission\":\"\",\"permissions\":[],\"autoload\":null,\"singular\":null,\"created\":1425812650,\"installed\":false,\"file\":\"\\/home\\/okeowoad\\/public_html\\/wire\\/modules\\/Inputfield\\/InputfieldPageTable\\/InputfieldPageTable.module\",\"core\":true,\"configurable\":false},\"PagePaths\":{\"name\":\"PagePaths\",\"title\":\"Page Paths\",\"version\":1,\"versionStr\":\"0.0.1\",\"author\":\"\",\"summary\":\"Enables page paths\\/urls to be queryable by selectors. Also offers potential for improved load performance. Builds an index at install (may take time on a large site). Currently supports only single languages sites.\",\"href\":\"\",\"icon\":\"\",\"requires\":[],\"requiresVersions\":[],\"installs\":[],\"permission\":\"\",\"permissions\":[],\"autoload\":true,\"singular\":true,\"created\":1425812650,\"installed\":false,\"file\":\"\\/home\\/okeowoad\\/public_html\\/wire\\/modules\\/PagePaths.module\",\"core\":true,\"configurable\":false},\"LanguageTabs\":{\"name\":\"LanguageTabs\",\"title\":\"Languages Support - Tabs\",\"version\":111,\"versionStr\":\"1.1.1\",\"author\":\"adamspruijt, ryan\",\"summary\":\"Organizes multi-language fields into tabs for a cleaner easier to use interface.\",\"href\":\"\",\"icon\":\"\",\"requires\":[\"LanguageSupport\"],\"requiresVersions\":{\"LanguageSupport\":[\">=\",0]},\"installs\":[],\"permission\":\"\",\"permissions\":[],\"autoload\":\"template=admin\",\"singular\":true,\"created\":1425812650,\"installed\":false,\"file\":\"\\/home\\/okeowoad\\/public_html\\/wire\\/modules\\/LanguageSupport\\/LanguageTabs.module\",\"core\":true,\"configurable\":false},\"FieldtypePageTitleLanguage\":{\"name\":\"FieldtypePageTitleLanguage\",\"title\":\"Page Title (Multi-Language)\",\"version\":100,\"versionStr\":\"1.0.0\",\"author\":\"Ryan Cramer\",\"summary\":\"Field that stores a page title in multiple languages. Use this only if you want title inputs created for ALL languages on ALL pages. Otherwise create separate languaged-named title fields, i.e. title_fr, title_es, title_fi, etc. \",\"href\":\"\",\"icon\":\"\",\"requires\":[\"LanguageSupportFields\",\"FieldtypeTextLanguage\"],\"requiresVersions\":{\"LanguageSupportFields\":[\">=\",0],\"FieldtypeTextLanguage\":[\">=\",0]},\"installs\":[],\"permission\":\"\",\"permissions\":[],\"autoload\":null,\"singular\":null,\"created\":1425812650,\"installed\":false,\"file\":\"\\/home\\/okeowoad\\/public_html\\/wire\\/modules\\/LanguageSupport\\/FieldtypePageTitleLanguage.module\",\"core\":true,\"configurable\":false},\"LanguageSupportPageNames\":{\"name\":\"LanguageSupportPageNames\",\"title\":\"Languages Support - Page Names\",\"version\":9,\"versionStr\":\"0.0.9\",\"author\":\"Ryan Cramer\",\"summary\":\"Required to use multi-language page names.\",\"href\":\"\",\"icon\":\"\",\"requires\":[\"LanguageSupport\",\"LanguageSupportFields\"],\"requiresVersions\":{\"LanguageSupport\":[\">=\",0],\"LanguageSupportFields\":[\">=\",0]},\"installs\":[],\"permission\":\"\",\"permissions\":[],\"autoload\":true,\"singular\":true,\"created\":1425812650,\"installed\":false,\"file\":\"\\/home\\/okeowoad\\/public_html\\/wire\\/modules\\/LanguageSupport\\/LanguageSupportPageNames.module\",\"core\":true,\"configurable\":true},\"LanguageSupport\":{\"name\":\"LanguageSupport\",\"title\":\"Languages Support\",\"version\":103,\"versionStr\":\"1.0.3\",\"author\":\"Ryan Cramer\",\"summary\":\"ProcessWire multi-language support.\",\"href\":\"\",\"icon\":\"\",\"requires\":[],\"requiresVersions\":[],\"installs\":[\"ProcessLanguage\",\"ProcessLanguageTranslator\"],\"permission\":\"\",\"permissions\":[],\"autoload\":true,\"singular\":true,\"created\":1425812650,\"installed\":false,\"file\":\"\\/home\\/okeowoad\\/public_html\\/wire\\/modules\\/LanguageSupport\\/LanguageSupport.module\",\"core\":true,\"configurable\":true},\"FieldtypeTextareaLanguage\":{\"name\":\"FieldtypeTextareaLanguage\",\"title\":\"Textarea (Multi-language)\",\"version\":100,\"versionStr\":\"1.0.0\",\"author\":\"\",\"summary\":\"Field that stores a multiple lines of text in multiple languages\",\"href\":\"\",\"icon\":\"\",\"requires\":[\"LanguageSupportFields\"],\"requiresVersions\":{\"LanguageSupportFields\":[\">=\",0]},\"installs\":[],\"permission\":\"\",\"permissions\":[],\"autoload\":null,\"singular\":null,\"created\":1425812650,\"installed\":false,\"file\":\"\\/home\\/okeowoad\\/public_html\\/wire\\/modules\\/LanguageSupport\\/FieldtypeTextareaLanguage.module\",\"core\":true,\"configurable\":false},\"ProcessLanguageTranslator\":{\"name\":\"ProcessLanguageTranslator\",\"title\":\"Language Translator\",\"version\":100,\"versionStr\":\"1.0.0\",\"author\":\"Ryan Cramer\",\"summary\":\"Provides language translation capabilities for ProcessWire core and modules.\",\"href\":\"\",\"icon\":\"\",\"requires\":[\"LanguageSupport\"],\"requiresVersions\":{\"LanguageSupport\":[\">=\",0]},\"installs\":[],\"permission\":\"\",\"permissions\":[],\"autoload\":null,\"singular\":null,\"created\":1425812650,\"installed\":false,\"file\":\"\\/home\\/okeowoad\\/public_html\\/wire\\/modules\\/LanguageSupport\\/ProcessLanguageTranslator.module\",\"core\":true,\"configurable\":false},\"FieldtypeTextLanguage\":{\"name\":\"FieldtypeTextLanguage\",\"title\":\"Text (Multi-language)\",\"version\":100,\"versionStr\":\"1.0.0\",\"author\":\"\",\"summary\":\"Field that stores a single line of text in multiple languages\",\"href\":\"\",\"icon\":\"\",\"requires\":[\"LanguageSupportFields\"],\"requiresVersions\":{\"LanguageSupportFields\":[\">=\",0]},\"installs\":[],\"permission\":\"\",\"permissions\":[],\"autoload\":null,\"singular\":null,\"created\":1425812650,\"installed\":false,\"file\":\"\\/home\\/okeowoad\\/public_html\\/wire\\/modules\\/LanguageSupport\\/FieldtypeTextLanguage.module\",\"core\":true,\"configurable\":false,\"permanent\":false},\"ProcessLanguage\":{\"name\":\"ProcessLanguage\",\"title\":\"Languages\",\"version\":102,\"versionStr\":\"1.0.2\",\"author\":\"Ryan Cramer\",\"summary\":\"Manage system languages\",\"href\":\"\",\"icon\":\"language\",\"requires\":[\"LanguageSupport\"],\"requiresVersions\":{\"LanguageSupport\":[\">=\",0]},\"installs\":[],\"permission\":\"\",\"permissions\":[],\"autoload\":null,\"singular\":null,\"created\":1425812650,\"installed\":false,\"file\":\"\\/home\\/okeowoad\\/public_html\\/wire\\/modules\\/LanguageSupport\\/ProcessLanguage.module\",\"core\":true,\"configurable\":true,\"useNavJSON\":true},\"LanguageSupportFields\":{\"name\":\"LanguageSupportFields\",\"title\":\"Languages Support - Fields\",\"version\":100,\"versionStr\":\"1.0.0\",\"author\":\"Ryan Cramer\",\"summary\":\"Required to use multi-language fields.\",\"href\":\"\",\"icon\":\"\",\"requires\":[\"LanguageSupport\"],\"requiresVersions\":{\"LanguageSupport\":[\">=\",0]},\"installs\":[\"FieldtypePageTitleLanguage\",\"FieldtypeTextareaLanguage\",\"FieldtypeTextLanguage\"],\"permission\":\"\",\"permissions\":[],\"autoload\":true,\"singular\":true,\"created\":1425812650,\"installed\":false,\"file\":\"\\/home\\/okeowoad\\/public_html\\/wire\\/modules\\/LanguageSupport\\/LanguageSupportFields.module\",\"core\":true,\"configurable\":false},\"LazyCron\":{\"name\":\"LazyCron\",\"title\":\"Lazy Cron\",\"version\":102,\"versionStr\":\"1.0.2\",\"author\":\"\",\"summary\":\"Provides hooks that are automatically executed at various intervals. It is called \'lazy\' because it\'s triggered by a pageview, so the interval is guaranteed to be at least the time requested, rather than exactly the time requested. This is fine for most cases, but you can make it not lazy by connecting this to a real CRON job. See the module file for details. \",\"href\":\"http:\\/\\/processwire.com\\/talk\\/index.php\\/topic,284.0.html\",\"icon\":\"\",\"requires\":[],\"requiresVersions\":[],\"installs\":[],\"permission\":\"\",\"permissions\":[],\"autoload\":true,\"singular\":true,\"created\":1425812650,\"installed\":false,\"file\":\"\\/home\\/okeowoad\\/public_html\\/wire\\/modules\\/LazyCron.module\",\"core\":true,\"configurable\":false,\"permanent\":false},\"FieldtypePageTable\":{\"name\":\"FieldtypePageTable\",\"title\":\"ProFields: Page Table\",\"version\":8,\"versionStr\":\"0.0.8\",\"author\":\"\",\"summary\":\"A fieldtype containing a group of editable pages.\",\"href\":\"\",\"icon\":\"\",\"requires\":[],\"requiresVersions\":[],\"installs\":[\"InputfieldPageTable\"],\"permission\":\"\",\"permissions\":[],\"autoload\":true,\"singular\":null,\"created\":1425812650,\"installed\":false,\"file\":\"\\/home\\/okeowoad\\/public_html\\/wire\\/modules\\/Fieldtype\\/FieldtypePageTable.module\",\"core\":true,\"configurable\":false},\"FieldtypeCache\":{\"name\":\"FieldtypeCache\",\"title\":\"Cache\",\"version\":101,\"versionStr\":\"1.0.1\",\"author\":\"\",\"summary\":\"Caches the values of other fields for fewer runtime queries. Can also be used to combine multiple text fields and have them all be searchable under the cached field name.\",\"href\":\"\",\"icon\":\"\",\"requires\":[],\"requiresVersions\":[],\"installs\":[],\"permission\":\"\",\"permissions\":[],\"autoload\":null,\"singular\":null,\"created\":1425812650,\"installed\":false,\"file\":\"\\/home\\/okeowoad\\/public_html\\/wire\\/modules\\/Fieldtype\\/FieldtypeCache.module\",\"core\":true,\"configurable\":false},\"CommentFilterAkismet\":{\"name\":\"CommentFilterAkismet\",\"title\":\"Comment Filter: Akismet\",\"version\":102,\"versionStr\":\"1.0.2\",\"author\":\"\",\"summary\":\"Uses the Akismet service to identify comment spam. Module plugin for the Comments Fieldtype.\",\"href\":\"\",\"icon\":\"\",\"requires\":[\"FieldtypeComments\"],\"requiresVersions\":{\"FieldtypeComments\":[\">=\",0]},\"installs\":[],\"permission\":\"\",\"permissions\":[],\"autoload\":false,\"singular\":false,\"created\":1425812650,\"installed\":false,\"file\":\"\\/home\\/okeowoad\\/public_html\\/wire\\/modules\\/Fieldtype\\/FieldtypeComments\\/CommentFilterAkismet.module\",\"core\":true,\"configurable\":true,\"permanent\":false},\"FieldtypeSelector\":{\"name\":\"FieldtypeSelector\",\"title\":\"Selector\",\"version\":13,\"versionStr\":\"0.1.3\",\"author\":\"Avoine + ProcessWire\",\"summary\":\"Build a page finding selector visually.\",\"href\":\"\",\"icon\":\"\",\"requires\":[\"InputfieldSelector\"],\"requiresVersions\":{\"InputfieldSelector\":[\">=\",0]},\"installs\":[],\"permission\":\"\",\"permissions\":[],\"autoload\":null,\"singular\":null,\"created\":1425812650,\"installed\":false,\"file\":\"\\/home\\/okeowoad\\/public_html\\/wire\\/modules\\/Fieldtype\\/FieldtypeSelector.module\",\"core\":true,\"configurable\":false},\"FieldtypeOptions\":{\"name\":\"FieldtypeOptions\",\"title\":\"Select Options\",\"version\":1,\"versionStr\":\"0.0.1\",\"author\":\"\",\"summary\":\"Field that stores single and multi select options.\",\"href\":\"\",\"icon\":\"\",\"requires\":[],\"requiresVersions\":[],\"installs\":[],\"permission\":\"\",\"permissions\":[],\"autoload\":null,\"singular\":null,\"created\":1425812650,\"installed\":false,\"file\":\"\\/home\\/okeowoad\\/public_html\\/wire\\/modules\\/Fieldtype\\/FieldtypeOptions\\/FieldtypeOptions.module\",\"core\":true,\"configurable\":false},\"ModulesManagerNotification\":{\"name\":\"ModulesManagerNotification\",\"title\":\"Modules Manager Notification\",\"version\":11,\"versionStr\":\"0.1.1\",\"author\":\"Philipp \'Soma\' Urlich\",\"summary\":\"Send email notification to specified email address with installed modules updates available.\",\"href\":\"\",\"icon\":\"\",\"requires\":[\"LazyCron\",\"ModulesManager\"],\"requiresVersions\":{\"LazyCron\":[\">=\",0],\"ModulesManager\":[\">=\",0]},\"installs\":[],\"permission\":\"\",\"permissions\":[],\"autoload\":true,\"singular\":true,\"created\":1423244302,\"installed\":false,\"file\":\"\\/home\\/okeowoad\\/public_html\\/site\\/modules\\/ModulesManager\\/ModulesManagerNotification.module\",\"core\":false,\"configurable\":true},\"Helloworld\":{\"name\":\"Helloworld\",\"title\":\"Hello World\",\"version\":2,\"versionStr\":\"0.0.2\",\"author\":\"\",\"summary\":\"An example module used for demonstration purposes. See the \\/site\\/modules\\/Helloworld.module file for details.\",\"href\":\"http:\\/\\/processwire.com\",\"icon\":\"smile-o\",\"requires\":[],\"requiresVersions\":[],\"installs\":[],\"permission\":\"\",\"permissions\":[],\"autoload\":true,\"singular\":true,\"created\":1411728980,\"installed\":false,\"file\":\"\\/home\\/okeowoad\\/public_html\\/site\\/modules\\/Helloworld.module\",\"core\":false,\"configurable\":false}}', '2010-04-08 03:10:10');
INSERT INTO `caches` (`name`, `data`, `expires`) VALUES('Modules.wire/modules/', 'Jquery/JqueryCore/JqueryCore.module\nJquery/JqueryFancybox/JqueryFancybox.module\nJquery/JqueryTableSorter/JqueryTableSorter.module\nJquery/JqueryWireTabs/JqueryWireTabs.module\nJquery/JqueryUI/JqueryUI.module\nJquery/JqueryMagnific/JqueryMagnific.module\nProcess/ProcessPageLister/ProcessPageLister.module\nProcess/ProcessPageSort.module\nProcess/ProcessRole/ProcessRole.module\nProcess/ProcessPageType/ProcessPageType.module\nProcess/ProcessPageTrash.module\nProcess/ProcessCommentsManager/ProcessCommentsManager.module\nProcess/ProcessLogin/ProcessLogin.module\nProcess/ProcessPermission/ProcessPermission.module\nProcess/ProcessPageEdit/ProcessPageEdit.module\nProcess/ProcessLogger/ProcessLogger.module\nProcess/ProcessPageSearch/ProcessPageSearch.module\nProcess/ProcessModule/ProcessModule.module\nProcess/ProcessList.module\nProcess/ProcessRecentPages/ProcessRecentPages.module\nProcess/ProcessForgotPassword.module\nProcess/ProcessUser/ProcessUser.module\nProcess/ProcessField/ProcessField.module\nProcess/ProcessPageClone.module\nProcess/ProcessHome.module\nProcess/ProcessPageEditLink/ProcessPageEditLink.module\nProcess/ProcessPageAdd/ProcessPageAdd.module\nProcess/ProcessPageList/ProcessPageList.module\nProcess/ProcessPageEditImageSelect/ProcessPageEditImageSelect.module\nProcess/ProcessPageView.module\nProcess/ProcessProfile/ProcessProfile.module\nProcess/ProcessTemplate/ProcessTemplate.module\nSession/SessionLoginThrottle/SessionLoginThrottle.module\nSession/SessionHandlerDB/SessionHandlerDB.module\nSession/SessionHandlerDB/ProcessSessionDB.module\nTextformatter/TextformatterNewlineBR.module\nTextformatter/TextformatterStripTags.module\nTextformatter/TextformatterSmartypants/TextformatterSmartypants.module\nTextformatter/TextformatterMarkdownExtra/TextformatterMarkdownExtra.module\nTextformatter/TextformatterNewlineUL.module\nTextformatter/TextformatterEntities.module\nTextformatter/TextformatterPstripper.module\nAdminTheme/AdminThemeDefault/AdminThemeDefault.module\nAdminTheme/AdminThemeReno/AdminThemeReno.module\nMarkup/MarkupPageArray.module\nMarkup/MarkupRSS.module\nMarkup/MarkupCache.module\nMarkup/MarkupAdminDataTable/MarkupAdminDataTable.module\nMarkup/MarkupHTMLPurifier/MarkupHTMLPurifier.module\nMarkup/MarkupPagerNav/MarkupPagerNav.module\nMarkup/MarkupPageFields.module\nPageRender.module\nSystem/SystemNotifications/FieldtypeNotifications.module\nSystem/SystemNotifications/SystemNotifications.module\nSystem/SystemUpdater/SystemUpdater.module\nPagePermissions.module\nInputfield/InputfieldMarkup.module\nInputfield/InputfieldCKEditor/InputfieldCKEditor.module\nInputfield/InputfieldText.module\nInputfield/InputfieldPageName/InputfieldPageName.module\nInputfield/InputfieldPageTitle/InputfieldPageTitle.module\nInputfield/InputfieldButton.module\nInputfield/InputfieldIcon/InputfieldIcon.module\nInputfield/InputfieldName.module\nInputfield/InputfieldSelector/InputfieldSelector.module\nInputfield/InputfieldPage/InputfieldPage.module\nInputfield/InputfieldEmail.module\nInputfield/InputfieldPassword.module\nInputfield/InputfieldSubmit/InputfieldSubmit.module\nInputfield/InputfieldForm.module\nInputfield/InputfieldHidden.module\nInputfield/InputfieldInteger.module\nInputfield/InputfieldPageListSelect/InputfieldPageListSelectMultiple.module\nInputfield/InputfieldPageListSelect/InputfieldPageListSelect.module\nInputfield/InputfieldPageAutocomplete/InputfieldPageAutocomplete.module\nInputfield/InputfieldCheckbox.module\nInputfield/InputfieldFloat.module\nInputfield/InputfieldDatetime/InputfieldDatetime.module\nInputfield/InputfieldSelectMultiple.module\nInputfield/InputfieldFile/InputfieldFile.module\nInputfield/InputfieldURL.module\nInputfield/InputfieldImage/InputfieldImage.module\nInputfield/InputfieldSelect.module\nInputfield/InputfieldTextarea.module\nInputfield/InputfieldPageTable/InputfieldPageTable.module\nInputfield/InputfieldRadios/InputfieldRadios.module\nInputfield/InputfieldCheckboxes/InputfieldCheckboxes.module\nInputfield/InputfieldFieldset.module\nInputfield/InputfieldAsmSelect/InputfieldAsmSelect.module\nPagePaths.module\nLanguageSupport/LanguageTabs.module\nLanguageSupport/FieldtypePageTitleLanguage.module\nLanguageSupport/LanguageSupportPageNames.module\nLanguageSupport/LanguageSupport.module\nLanguageSupport/FieldtypeTextareaLanguage.module\nLanguageSupport/ProcessLanguageTranslator.module\nLanguageSupport/FieldtypeTextLanguage.module\nLanguageSupport/ProcessLanguage.module\nLanguageSupport/LanguageSupportFields.module\nPagePathHistory.module\nLazyCron.module\nFieldtype/FieldtypeFile.module\nFieldtype/FieldtypeTextarea.module\nFieldtype/FieldtypePageTitle.module\nFieldtype/FieldtypeFieldsetTabOpen.module\nFieldtype/FieldtypeURL.module\nFieldtype/FieldtypePageTable.module\nFieldtype/FieldtypeCache.module\nFieldtype/FieldtypeImage.module\nFieldtype/FieldtypeText.module\nFieldtype/FieldtypeCheckbox.module\nFieldtype/FieldtypeFloat.module\nFieldtype/FieldtypeRepeater/InputfieldRepeater.module\nFieldtype/FieldtypeRepeater/FieldtypeRepeater.module\nFieldtype/FieldtypePassword.module\nFieldtype/FieldtypeComments/CommentFilterAkismet.module\nFieldtype/FieldtypeComments/FieldtypeComments.module\nFieldtype/FieldtypeComments/InputfieldCommentsAdmin.module\nFieldtype/FieldtypeSelector.module\nFieldtype/FieldtypePage.module\nFieldtype/FieldtypeDatetime.module\nFieldtype/FieldtypeFieldsetOpen.module\nFieldtype/FieldtypeOptions/FieldtypeOptions.module\nFieldtype/FieldtypeEmail.module\nFieldtype/FieldtypeModule.module\nFieldtype/FieldtypeFieldsetClose.module\nFieldtype/FieldtypeInteger.module', '2010-04-08 03:10:10');
INSERT INTO `caches` (`name`, `data`, `expires`) VALUES('Modules.site/modules/', 'MarkupSEO/MarkupSEO.module\nProcessMigrator/ProcessMigrator.module\nProcessGoogleAnalytics/ProcessGoogleAnalytics.module\nProcessWireUpgrade/ProcessWireUpgrade.module\nProcessWireUpgrade/ProcessWireUpgradeCheck.module\nModulesManager/ModulesManagerNotification.module\nModulesManager/ModulesManager.module\nInputfieldAceEditor/InputfieldAceEditor.module\nProcessBlog/BlogPublishDate.module\nProcessBlog/ProcessBlog.module\nProcessBlog/MarkupBlog.module\nHelloworld.module\nProcessDatabaseBackups/ProcessDatabaseBackups.module\nJqueryDataTables/JqueryDataTables.module', '2010-04-08 03:10:10');
INSERT INTO `caches` (`name`, `data`, `expires`) VALUES('Modules.info', '{\"116\":{\"name\":\"JqueryCore\",\"title\":\"jQuery Core\",\"version\":183,\"icon\":\"\",\"requires\":[],\"requiresVersions\":[],\"installs\":[],\"permission\":\"\",\"permissions\":[],\"autoload\":false,\"singular\":true,\"created\":0,\"installed\":true,\"permanent\":true},\"167\":{\"name\":\"JqueryFancybox\",\"title\":\"jQuery Fancybox Plugin\",\"version\":126,\"icon\":\"\",\"requires\":[],\"requiresVersions\":[],\"installs\":[],\"permission\":\"\",\"permissions\":[],\"autoload\":false,\"singular\":1,\"created\":1418594329,\"installed\":true},\"103\":{\"name\":\"JqueryTableSorter\",\"title\":\"jQuery Table Sorter Plugin\",\"version\":203,\"icon\":\"\",\"requires\":[],\"requiresVersions\":[],\"installs\":[],\"permission\":\"\",\"permissions\":[],\"autoload\":false,\"singular\":1,\"created\":0,\"installed\":true},\"45\":{\"name\":\"JqueryWireTabs\",\"title\":\"jQuery Wire Tabs Plugin\",\"version\":105,\"icon\":\"\",\"requires\":[],\"requiresVersions\":[],\"installs\":[],\"permission\":\"\",\"permissions\":[],\"autoload\":false,\"singular\":0,\"created\":0,\"installed\":true,\"permanent\":true},\"117\":{\"name\":\"JqueryUI\",\"title\":\"jQuery UI\",\"version\":194,\"icon\":\"\",\"requires\":[],\"requiresVersions\":[],\"installs\":[],\"permission\":\"\",\"permissions\":[],\"autoload\":false,\"singular\":true,\"created\":0,\"installed\":true,\"permanent\":true},\"151\":{\"name\":\"JqueryMagnific\",\"title\":\"jQuery Magnific Popup\",\"version\":1,\"icon\":\"\",\"requires\":[],\"requiresVersions\":[],\"installs\":[],\"permission\":\"\",\"permissions\":[],\"autoload\":false,\"singular\":true,\"created\":1405941705,\"installed\":true},\"150\":{\"name\":\"ProcessPageLister\",\"title\":\"Lister\",\"version\":18,\"icon\":\"search\",\"requires\":[\"ProcessWire\",\"InputfieldSelector\"],\"requiresVersions\":{\"ProcessWire\":[\">=\",\"2.4.3\"],\"InputfieldSelector\":[\">=\",9]},\"installs\":[],\"permission\":\"page-lister\",\"permissions\":{\"page-lister\":\"Use Page Lister\"},\"autoload\":false,\"singular\":false,\"created\":0,\"installed\":true,\"permanent\":true},\"14\":{\"name\":\"ProcessPageSort\",\"title\":\"Page Sort and Move\",\"version\":100,\"icon\":\"\",\"requires\":[],\"requiresVersions\":[],\"installs\":[],\"permission\":\"page-edit\",\"permissions\":[],\"autoload\":false,\"singular\":0,\"created\":0,\"installed\":true,\"permanent\":true},\"68\":{\"name\":\"ProcessRole\",\"title\":\"Roles\",\"version\":101,\"icon\":\"gears\",\"requires\":[],\"requiresVersions\":[],\"installs\":[],\"permission\":\"role-admin\",\"permissions\":[],\"autoload\":false,\"singular\":0,\"created\":0,\"installed\":true,\"permanent\":true,\"useNavJSON\":true},\"134\":{\"name\":\"ProcessPageType\",\"title\":\"Page Type\",\"version\":101,\"icon\":\"\",\"requires\":[],\"requiresVersions\":[],\"installs\":[],\"permission\":\"\",\"permissions\":[],\"autoload\":false,\"singular\":1,\"created\":0,\"installed\":true,\"permanent\":true,\"useNavJSON\":true},\"109\":{\"name\":\"ProcessPageTrash\",\"title\":\"Page Trash\",\"version\":101,\"icon\":\"\",\"requires\":[],\"requiresVersions\":[],\"installs\":[],\"permission\":\"\",\"permissions\":[],\"autoload\":false,\"singular\":1,\"created\":0,\"installed\":true,\"permanent\":true},\"10\":{\"name\":\"ProcessLogin\",\"title\":\"Login\",\"version\":103,\"icon\":\"\",\"requires\":[],\"requiresVersions\":[],\"installs\":[],\"permission\":\"page-view\",\"permissions\":[],\"autoload\":false,\"singular\":0,\"created\":0,\"installed\":true,\"permanent\":true},\"136\":{\"name\":\"ProcessPermission\",\"title\":\"Permissions\",\"version\":100,\"icon\":\"gear\",\"requires\":[],\"requiresVersions\":[],\"installs\":[],\"permission\":\"permission-admin\",\"permissions\":[],\"autoload\":false,\"singular\":1,\"created\":0,\"installed\":true,\"permanent\":true,\"useNavJSON\":true},\"7\":{\"name\":\"ProcessPageEdit\",\"title\":\"Page Edit\",\"version\":108,\"icon\":\"\",\"requires\":[],\"requiresVersions\":[],\"installs\":[],\"permission\":\"page-edit\",\"permissions\":[],\"autoload\":false,\"singular\":1,\"created\":0,\"installed\":true,\"permanent\":true},\"180\":{\"name\":\"ProcessLogger\",\"title\":\"Logs\",\"version\":1,\"icon\":\"tree\",\"requires\":[],\"requiresVersions\":[],\"installs\":[],\"permission\":\"logs-view\",\"permissions\":{\"logs-view\":\"Can view system logs\",\"logs-edit\":\"Can manage system logs\"},\"autoload\":false,\"singular\":1,\"created\":1422753753,\"installed\":true,\"page\":{\"name\":\"logs\",\"parent\":\"setup\",\"title\":\"Logs\"},\"useNavJSON\":true},\"104\":{\"name\":\"ProcessPageSearch\",\"title\":\"Page Search\",\"version\":106,\"icon\":\"\",\"requires\":[],\"requiresVersions\":[],\"installs\":[],\"permission\":\"page-edit\",\"permissions\":[],\"autoload\":false,\"singular\":1,\"created\":0,\"installed\":true,\"permanent\":true},\"50\":{\"name\":\"ProcessModule\",\"title\":\"Modules\",\"version\":118,\"icon\":\"\",\"requires\":[],\"requiresVersions\":[],\"installs\":[],\"permission\":\"module-admin\",\"permissions\":[],\"autoload\":false,\"singular\":0,\"created\":0,\"installed\":true,\"permanent\":true,\"useNavJSON\":true,\"nav\":[{\"url\":\"?site#tab_site_modules\",\"label\":\"Site\",\"icon\":\"plug\",\"navJSON\":\"navJSON\\/?site=1\"},{\"url\":\"?core#tab_core_modules\",\"label\":\"Core\",\"icon\":\"plug\",\"navJSON\":\"navJSON\\/?core=1\"},{\"url\":\"?configurable#tab_configurable_modules\",\"label\":\"Configure\",\"icon\":\"gear\",\"navJSON\":\"navJSON\\/?configurable=1\"},{\"url\":\"?install#tab_install_modules\",\"label\":\"Install\",\"icon\":\"sign-in\",\"navJSON\":\"navJSON\\/?install=1\"},{\"url\":\"?reset=1\",\"label\":\"Refresh\",\"icon\":\"refresh\"}]},\"76\":{\"name\":\"ProcessList\",\"title\":\"List\",\"version\":101,\"icon\":\"\",\"requires\":[],\"requiresVersions\":[],\"installs\":[],\"permission\":\"page-view\",\"permissions\":[],\"autoload\":false,\"singular\":0,\"created\":0,\"installed\":true,\"permanent\":true},\"158\":{\"name\":\"ProcessRecentPages\",\"title\":\"Recent Pages\",\"version\":2,\"icon\":\"clock-o\",\"requires\":[],\"requiresVersions\":[],\"installs\":[],\"permission\":\"page-edit-recent\",\"permissions\":{\"page-edit-recent\":\"Can see recently edited pages\"},\"autoload\":false,\"singular\":1,\"created\":1418442548,\"installed\":true,\"page\":{\"name\":\"recent-pages\",\"parent\":\"page\",\"title\":\"Recent\"},\"useNavJSON\":true,\"nav\":[{\"url\":\"?edited=1\",\"label\":\"Edited\",\"icon\":\"users\",\"navJSON\":\"navJSON\\/?edited=1\"},{\"url\":\"?added=1\",\"label\":\"Created\",\"icon\":\"users\",\"navJSON\":\"navJSON\\/?added=1&me=1\"},{\"url\":\"?edited=1&me=1\",\"label\":\"Edited by me\",\"icon\":\"user\",\"navJSON\":\"navJSON\\/?edited=1&me=1\"},{\"url\":\"?added=1&me=1\",\"label\":\"Created by me\",\"icon\":\"user\",\"navJSON\":\"navJSON\\/?added=1&me=1\"},{\"url\":\"another\\/\",\"label\":\"Add another\",\"icon\":\"plus-circle\",\"navJSON\":\"anotherNavJSON\\/\"}]},\"66\":{\"name\":\"ProcessUser\",\"title\":\"Users\",\"version\":104,\"icon\":\"group\",\"requires\":[],\"requiresVersions\":[],\"installs\":[],\"permission\":\"user-admin\",\"permissions\":[],\"autoload\":false,\"singular\":0,\"created\":0,\"installed\":true,\"permanent\":true,\"useNavJSON\":true},\"48\":{\"name\":\"ProcessField\",\"title\":\"Fields\",\"version\":110,\"icon\":\"cube\",\"requires\":[],\"requiresVersions\":[],\"installs\":[],\"permission\":\"field-admin\",\"permissions\":[],\"autoload\":false,\"singular\":0,\"created\":0,\"installed\":true,\"permanent\":true,\"useNavJSON\":true},\"87\":{\"name\":\"ProcessHome\",\"title\":\"Admin Home\",\"version\":101,\"icon\":\"\",\"requires\":[],\"requiresVersions\":[],\"installs\":[],\"permission\":\"page-view\",\"permissions\":[],\"autoload\":false,\"singular\":0,\"created\":0,\"installed\":true,\"permanent\":true},\"121\":{\"name\":\"ProcessPageEditLink\",\"title\":\"Page Edit Link\",\"version\":108,\"icon\":\"link\",\"requires\":[],\"requiresVersions\":[],\"installs\":[],\"permission\":\"page-edit\",\"permissions\":[],\"autoload\":false,\"singular\":1,\"created\":0,\"installed\":true,\"permanent\":true},\"17\":{\"name\":\"ProcessPageAdd\",\"title\":\"Page Add\",\"version\":107,\"icon\":\"\",\"requires\":[],\"requiresVersions\":[],\"installs\":[],\"permission\":\"page-edit\",\"permissions\":[],\"autoload\":false,\"singular\":0,\"created\":0,\"installed\":true,\"permanent\":true},\"12\":{\"name\":\"ProcessPageList\",\"title\":\"Page List\",\"version\":109,\"icon\":\"sitemap\",\"requires\":[],\"requiresVersions\":[],\"installs\":[],\"permission\":\"page-edit\",\"permissions\":[],\"autoload\":false,\"singular\":0,\"created\":0,\"installed\":true,\"permanent\":true},\"129\":{\"name\":\"ProcessPageEditImageSelect\",\"title\":\"Page Edit Image\",\"version\":115,\"icon\":\"\",\"requires\":[],\"requiresVersions\":[],\"installs\":[],\"permission\":\"page-edit\",\"permissions\":[],\"autoload\":false,\"singular\":1,\"created\":0,\"installed\":true,\"permanent\":true},\"83\":{\"name\":\"ProcessPageView\",\"title\":\"Page View\",\"version\":103,\"icon\":\"\",\"requires\":[],\"requiresVersions\":[],\"installs\":[],\"permission\":\"page-view\",\"permissions\":[],\"autoload\":false,\"singular\":0,\"created\":0,\"installed\":true,\"permanent\":true},\"138\":{\"name\":\"ProcessProfile\",\"title\":\"User Profile\",\"version\":101,\"icon\":\"\",\"requires\":[],\"requiresVersions\":[],\"installs\":[],\"permission\":\"profile-edit\",\"permissions\":[],\"autoload\":false,\"singular\":1,\"created\":0,\"installed\":true,\"permanent\":true},\"47\":{\"name\":\"ProcessTemplate\",\"title\":\"Templates\",\"version\":111,\"icon\":\"cubes\",\"requires\":[],\"requiresVersions\":[],\"installs\":[],\"permission\":\"template-admin\",\"permissions\":[],\"autoload\":false,\"singular\":0,\"created\":0,\"installed\":true,\"permanent\":true,\"useNavJSON\":true},\"125\":{\"name\":\"SessionLoginThrottle\",\"title\":\"Session Login Throttle\",\"version\":102,\"icon\":\"\",\"requires\":[],\"requiresVersions\":[],\"installs\":[],\"permission\":\"\",\"permissions\":[],\"autoload\":\"function\",\"singular\":true,\"created\":0,\"installed\":true,\"permanent\":false},\"61\":{\"name\":\"TextformatterEntities\",\"title\":\"HTML Entity Encoder (htmlspecialchars)\",\"version\":100,\"icon\":\"\",\"requires\":[],\"requiresVersions\":[],\"installs\":[],\"permission\":\"\",\"permissions\":[],\"autoload\":false,\"singular\":0,\"created\":0,\"installed\":true},\"148\":{\"name\":\"AdminThemeDefault\",\"title\":\"Default\",\"version\":12,\"icon\":\"\",\"requires\":[],\"requiresVersions\":[],\"installs\":[],\"permission\":\"\",\"permissions\":[],\"autoload\":\"template=admin\",\"singular\":false,\"created\":0,\"installed\":true},\"159\":{\"name\":\"AdminThemeReno\",\"title\":\"Reno\",\"version\":12,\"icon\":\"\",\"requires\":[\"AdminThemeDefault\"],\"requiresVersions\":{\"AdminThemeDefault\":[\">=\",0]},\"installs\":[],\"permission\":\"\",\"permissions\":[],\"autoload\":\"template=admin\",\"singular\":false,\"created\":1418443208,\"installed\":true},\"113\":{\"name\":\"MarkupPageArray\",\"title\":\"PageArray Markup\",\"version\":100,\"icon\":\"\",\"requires\":[],\"requiresVersions\":[],\"installs\":[],\"permission\":\"\",\"permissions\":[],\"autoload\":true,\"singular\":true,\"created\":0,\"installed\":true,\"permanent\":false},\"183\":{\"name\":\"MarkupRSS\",\"title\":\"Markup RSS Feed\",\"version\":102,\"icon\":\"\",\"requires\":[],\"requiresVersions\":[],\"installs\":[],\"permission\":\"\",\"permissions\":[],\"autoload\":false,\"singular\":false,\"created\":1422822020,\"installed\":true,\"permanent\":false},\"182\":{\"name\":\"MarkupCache\",\"title\":\"Markup Cache\",\"version\":101,\"icon\":\"\",\"requires\":[],\"requiresVersions\":[],\"installs\":[],\"permission\":\"\",\"permissions\":[],\"autoload\":true,\"singular\":true,\"created\":1422762815,\"installed\":true},\"67\":{\"name\":\"MarkupAdminDataTable\",\"title\":\"Admin Data Table\",\"version\":103,\"icon\":\"\",\"requires\":[],\"requiresVersions\":[],\"installs\":[],\"permission\":\"\",\"permissions\":[],\"autoload\":false,\"singular\":0,\"created\":0,\"installed\":true,\"permanent\":true},\"156\":{\"name\":\"MarkupHTMLPurifier\",\"title\":\"HTML Purifier\",\"version\":104,\"icon\":\"\",\"requires\":[],\"requiresVersions\":[],\"installs\":[],\"permission\":\"\",\"permissions\":[],\"autoload\":false,\"singular\":false,\"created\":1406298377,\"installed\":true},\"98\":{\"name\":\"MarkupPagerNav\",\"title\":\"Pager (Pagination) Navigation\",\"version\":103,\"icon\":\"\",\"requires\":[],\"requiresVersions\":[],\"installs\":[],\"permission\":\"\",\"permissions\":[],\"autoload\":false,\"singular\":false,\"created\":0,\"installed\":true,\"permanent\":false},\"115\":{\"name\":\"PageRender\",\"title\":\"Page Render\",\"version\":103,\"icon\":\"\",\"requires\":[],\"requiresVersions\":[],\"installs\":[],\"permission\":\"\",\"permissions\":[],\"autoload\":true,\"singular\":true,\"created\":0,\"installed\":true,\"permanent\":true},\"139\":{\"name\":\"SystemUpdater\",\"title\":\"System Updater\",\"version\":10,\"icon\":\"\",\"requires\":[],\"requiresVersions\":[],\"installs\":[],\"permission\":\"\",\"permissions\":[],\"autoload\":false,\"singular\":true,\"created\":0,\"installed\":true,\"permanent\":true},\"114\":{\"name\":\"PagePermissions\",\"title\":\"Page Permissions\",\"version\":105,\"icon\":\"\",\"requires\":[],\"requiresVersions\":[],\"installs\":[],\"permission\":\"\",\"permissions\":[],\"autoload\":true,\"singular\":true,\"created\":0,\"installed\":true,\"permanent\":true},\"79\":{\"name\":\"InputfieldMarkup\",\"title\":\"Markup\",\"version\":101,\"icon\":\"\",\"requires\":[],\"requiresVersions\":[],\"installs\":[],\"permission\":\"\",\"permissions\":[],\"autoload\":false,\"singular\":0,\"created\":0,\"installed\":true,\"permanent\":true},\"155\":{\"name\":\"InputfieldCKEditor\",\"title\":\"CKEditor\",\"version\":138,\"icon\":\"\",\"requires\":[],\"requiresVersions\":[],\"installs\":[\"MarkupHTMLPurifier\"],\"permission\":\"\",\"permissions\":[],\"autoload\":false,\"singular\":0,\"created\":1406298377,\"installed\":true},\"34\":{\"name\":\"InputfieldText\",\"title\":\"Text\",\"version\":105,\"icon\":\"\",\"requires\":[],\"requiresVersions\":[],\"installs\":[],\"permission\":\"\",\"permissions\":[],\"autoload\":false,\"singular\":0,\"created\":0,\"installed\":true,\"permanent\":true},\"86\":{\"name\":\"InputfieldPageName\",\"title\":\"Page Name\",\"version\":104,\"icon\":\"\",\"requires\":[],\"requiresVersions\":[],\"installs\":[],\"permission\":\"\",\"permissions\":[],\"autoload\":false,\"singular\":0,\"created\":0,\"installed\":true,\"permanent\":true},\"112\":{\"name\":\"InputfieldPageTitle\",\"title\":\"Page Title\",\"version\":102,\"icon\":\"\",\"requires\":[],\"requiresVersions\":[],\"installs\":[],\"permission\":\"\",\"permissions\":[],\"autoload\":false,\"singular\":0,\"created\":0,\"installed\":true,\"permanent\":true},\"131\":{\"name\":\"InputfieldButton\",\"title\":\"Button\",\"version\":100,\"icon\":\"\",\"requires\":[],\"requiresVersions\":[],\"installs\":[],\"permission\":\"\",\"permissions\":[],\"autoload\":false,\"singular\":0,\"created\":0,\"installed\":true,\"permanent\":true},\"181\":{\"name\":\"InputfieldIcon\",\"title\":\"Icon\",\"version\":2,\"icon\":\"\",\"requires\":[],\"requiresVersions\":[],\"installs\":[],\"permission\":\"\",\"permissions\":[],\"autoload\":false,\"singular\":0,\"created\":1422753753,\"installed\":true},\"41\":{\"name\":\"InputfieldName\",\"title\":\"Name\",\"version\":100,\"icon\":\"\",\"requires\":[],\"requiresVersions\":[],\"installs\":[],\"permission\":\"\",\"permissions\":[],\"autoload\":false,\"singular\":0,\"created\":0,\"installed\":true,\"permanent\":true},\"149\":{\"name\":\"InputfieldSelector\",\"title\":\"Selector\",\"version\":22,\"icon\":\"\",\"requires\":[],\"requiresVersions\":[],\"installs\":[],\"permission\":\"\",\"permissions\":[],\"autoload\":\"template=admin\",\"singular\":false,\"created\":0,\"installed\":true},\"60\":{\"name\":\"InputfieldPage\",\"title\":\"Page\",\"version\":104,\"icon\":\"\",\"requires\":[],\"requiresVersions\":[],\"installs\":[],\"permission\":\"\",\"permissions\":[],\"autoload\":false,\"singular\":0,\"created\":0,\"installed\":true,\"permanent\":true},\"80\":{\"name\":\"InputfieldEmail\",\"title\":\"Email\",\"version\":101,\"icon\":\"\",\"requires\":[],\"requiresVersions\":[],\"installs\":[],\"permission\":\"\",\"permissions\":[],\"autoload\":false,\"singular\":0,\"created\":0,\"installed\":true},\"122\":{\"name\":\"InputfieldPassword\",\"title\":\"Password\",\"version\":101,\"icon\":\"\",\"requires\":[],\"requiresVersions\":[],\"installs\":[],\"permission\":\"\",\"permissions\":[],\"autoload\":false,\"singular\":0,\"created\":0,\"installed\":true,\"permanent\":true},\"32\":{\"name\":\"InputfieldSubmit\",\"title\":\"Submit\",\"version\":101,\"icon\":\"\",\"requires\":[],\"requiresVersions\":[],\"installs\":[],\"permission\":\"\",\"permissions\":[],\"autoload\":false,\"singular\":0,\"created\":0,\"installed\":true,\"permanent\":true},\"30\":{\"name\":\"InputfieldForm\",\"title\":\"Form\",\"version\":105,\"icon\":\"\",\"requires\":[],\"requiresVersions\":[],\"installs\":[],\"permission\":\"\",\"permissions\":[],\"autoload\":false,\"singular\":0,\"created\":0,\"installed\":true,\"permanent\":true},\"40\":{\"name\":\"InputfieldHidden\",\"title\":\"Hidden\",\"version\":101,\"icon\":\"\",\"requires\":[],\"requiresVersions\":[],\"installs\":[],\"permission\":\"\",\"permissions\":[],\"autoload\":false,\"singular\":0,\"created\":0,\"installed\":true,\"permanent\":true},\"85\":{\"name\":\"InputfieldInteger\",\"title\":\"Integer\",\"version\":102,\"icon\":\"\",\"requires\":[],\"requiresVersions\":[],\"installs\":[],\"permission\":\"\",\"permissions\":[],\"autoload\":false,\"singular\":0,\"created\":0,\"installed\":true,\"permanent\":true},\"137\":{\"name\":\"InputfieldPageListSelectMultiple\",\"title\":\"Page List Select Multiple\",\"version\":101,\"icon\":\"\",\"requires\":[],\"requiresVersions\":[],\"installs\":[],\"permission\":\"\",\"permissions\":[],\"autoload\":false,\"singular\":0,\"created\":0,\"installed\":true,\"permanent\":true},\"15\":{\"name\":\"InputfieldPageListSelect\",\"title\":\"Page List Select\",\"version\":100,\"icon\":\"\",\"requires\":[],\"requiresVersions\":[],\"installs\":[],\"permission\":\"\",\"permissions\":[],\"autoload\":false,\"singular\":0,\"created\":0,\"installed\":true,\"permanent\":true},\"172\":{\"name\":\"InputfieldPageAutocomplete\",\"title\":\"Page Auto Complete\",\"version\":104,\"icon\":\"\",\"requires\":[],\"requiresVersions\":[],\"installs\":[],\"permission\":\"\",\"permissions\":[],\"autoload\":false,\"singular\":0,\"created\":1418594559,\"installed\":true},\"37\":{\"name\":\"InputfieldCheckbox\",\"title\":\"Checkbox\",\"version\":102,\"icon\":\"\",\"requires\":[],\"requiresVersions\":[],\"installs\":[],\"permission\":\"\",\"permissions\":[],\"autoload\":false,\"singular\":0,\"created\":0,\"installed\":true,\"permanent\":true},\"90\":{\"name\":\"InputfieldFloat\",\"title\":\"Float\",\"version\":103,\"icon\":\"\",\"requires\":[],\"requiresVersions\":[],\"installs\":[],\"permission\":\"\",\"permissions\":[],\"autoload\":false,\"singular\":0,\"created\":0,\"installed\":true,\"permanent\":true},\"94\":{\"name\":\"InputfieldDatetime\",\"title\":\"Datetime\",\"version\":103,\"icon\":\"\",\"requires\":[],\"requiresVersions\":[],\"installs\":[],\"permission\":\"\",\"permissions\":[],\"autoload\":false,\"singular\":0,\"created\":0,\"installed\":true,\"permanent\":true},\"43\":{\"name\":\"InputfieldSelectMultiple\",\"title\":\"Select Multiple\",\"version\":101,\"icon\":\"\",\"requires\":[],\"requiresVersions\":[],\"installs\":[],\"permission\":\"\",\"permissions\":[],\"autoload\":false,\"singular\":0,\"created\":0,\"installed\":true,\"permanent\":true},\"55\":{\"name\":\"InputfieldFile\",\"title\":\"Files\",\"version\":117,\"icon\":\"\",\"requires\":[],\"requiresVersions\":[],\"installs\":[],\"permission\":\"\",\"permissions\":[],\"autoload\":false,\"singular\":0,\"created\":0,\"installed\":true,\"permanent\":true},\"108\":{\"name\":\"InputfieldURL\",\"title\":\"URL\",\"version\":101,\"icon\":\"\",\"requires\":[],\"requiresVersions\":[],\"installs\":[],\"permission\":\"\",\"permissions\":[],\"autoload\":false,\"singular\":0,\"created\":0,\"installed\":true},\"56\":{\"name\":\"InputfieldImage\",\"title\":\"Images\",\"version\":113,\"icon\":\"\",\"requires\":[],\"requiresVersions\":[],\"installs\":[],\"permission\":\"\",\"permissions\":[],\"autoload\":false,\"singular\":0,\"created\":0,\"installed\":true,\"permanent\":true},\"36\":{\"name\":\"InputfieldSelect\",\"title\":\"Select\",\"version\":102,\"icon\":\"\",\"requires\":[],\"requiresVersions\":[],\"installs\":[],\"permission\":\"\",\"permissions\":[],\"autoload\":false,\"singular\":0,\"created\":0,\"installed\":true,\"permanent\":true},\"35\":{\"name\":\"InputfieldTextarea\",\"title\":\"Textarea\",\"version\":103,\"icon\":\"\",\"requires\":[],\"requiresVersions\":[],\"installs\":[],\"permission\":\"\",\"permissions\":[],\"autoload\":false,\"singular\":0,\"created\":0,\"installed\":true,\"permanent\":true},\"39\":{\"name\":\"InputfieldRadios\",\"title\":\"Radio Buttons\",\"version\":102,\"icon\":\"\",\"requires\":[],\"requiresVersions\":[],\"installs\":[],\"permission\":\"\",\"permissions\":[],\"autoload\":false,\"singular\":0,\"created\":0,\"installed\":true,\"permanent\":true},\"38\":{\"name\":\"InputfieldCheckboxes\",\"title\":\"Checkboxes\",\"version\":100,\"icon\":\"\",\"requires\":[],\"requiresVersions\":[],\"installs\":[],\"permission\":\"\",\"permissions\":[],\"autoload\":false,\"singular\":0,\"created\":0,\"installed\":true,\"permanent\":true},\"78\":{\"name\":\"InputfieldFieldset\",\"title\":\"Fieldset\",\"version\":101,\"icon\":\"\",\"requires\":[],\"requiresVersions\":[],\"installs\":[],\"permission\":\"\",\"permissions\":[],\"autoload\":false,\"singular\":0,\"created\":0,\"installed\":true,\"permanent\":true},\"25\":{\"name\":\"InputfieldAsmSelect\",\"title\":\"asmSelect\",\"version\":116,\"icon\":\"\",\"requires\":[],\"requiresVersions\":[],\"installs\":[],\"permission\":\"\",\"permissions\":[],\"autoload\":false,\"singular\":0,\"created\":0,\"installed\":true,\"permanent\":true},\"152\":{\"name\":\"PagePathHistory\",\"title\":\"Page Path History\",\"version\":1,\"icon\":\"\",\"requires\":[],\"requiresVersions\":[],\"installs\":[],\"permission\":\"\",\"permissions\":[],\"autoload\":true,\"singular\":true,\"created\":1406295417,\"installed\":true},\"6\":{\"name\":\"FieldtypeFile\",\"title\":\"Files\",\"version\":104,\"icon\":\"\",\"requires\":[],\"requiresVersions\":[],\"installs\":[],\"permission\":\"\",\"permissions\":[],\"autoload\":false,\"singular\":0,\"created\":0,\"installed\":true,\"permanent\":true},\"1\":{\"name\":\"FieldtypeTextarea\",\"title\":\"Textarea\",\"version\":104,\"icon\":\"\",\"requires\":[],\"requiresVersions\":[],\"installs\":[],\"permission\":\"\",\"permissions\":[],\"autoload\":false,\"singular\":0,\"created\":0,\"installed\":true,\"permanent\":true},\"111\":{\"name\":\"FieldtypePageTitle\",\"title\":\"Page Title\",\"version\":100,\"icon\":\"\",\"requires\":[],\"requiresVersions\":[],\"installs\":[],\"permission\":\"\",\"permissions\":[],\"autoload\":false,\"singular\":true,\"created\":0,\"installed\":true,\"permanent\":true},\"107\":{\"name\":\"FieldtypeFieldsetTabOpen\",\"title\":\"Fieldset in Tab (Open)\",\"version\":100,\"icon\":\"\",\"requires\":[],\"requiresVersions\":[],\"installs\":[],\"permission\":\"\",\"permissions\":[],\"autoload\":false,\"singular\":true,\"created\":0,\"installed\":true,\"permanent\":true},\"135\":{\"name\":\"FieldtypeURL\",\"title\":\"URL\",\"version\":100,\"icon\":\"\",\"requires\":[],\"requiresVersions\":[],\"installs\":[],\"permission\":\"\",\"permissions\":[],\"autoload\":false,\"singular\":true,\"created\":0,\"installed\":true,\"permanent\":true},\"57\":{\"name\":\"FieldtypeImage\",\"title\":\"Images\",\"version\":101,\"icon\":\"\",\"requires\":[],\"requiresVersions\":[],\"installs\":[],\"permission\":\"\",\"permissions\":[],\"autoload\":false,\"singular\":0,\"created\":0,\"installed\":true,\"permanent\":true},\"3\":{\"name\":\"FieldtypeText\",\"title\":\"Text\",\"version\":100,\"icon\":\"\",\"requires\":[],\"requiresVersions\":[],\"installs\":[],\"permission\":\"\",\"permissions\":[],\"autoload\":false,\"singular\":0,\"created\":0,\"installed\":true,\"permanent\":true},\"97\":{\"name\":\"FieldtypeCheckbox\",\"title\":\"Checkbox\",\"version\":101,\"icon\":\"\",\"requires\":[],\"requiresVersions\":[],\"installs\":[],\"permission\":\"\",\"permissions\":[],\"autoload\":false,\"singular\":1,\"created\":0,\"installed\":true,\"permanent\":true},\"89\":{\"name\":\"FieldtypeFloat\",\"title\":\"Float\",\"version\":105,\"icon\":\"\",\"requires\":[],\"requiresVersions\":[],\"installs\":[],\"permission\":\"\",\"permissions\":[],\"autoload\":false,\"singular\":1,\"created\":0,\"installed\":true,\"permanent\":true},\"171\":{\"name\":\"InputfieldRepeater\",\"title\":\"Repeater\",\"version\":101,\"icon\":\"\",\"requires\":[\"FieldtypeRepeater\"],\"requiresVersions\":{\"FieldtypeRepeater\":[\">=\",0]},\"installs\":[],\"permission\":\"\",\"permissions\":[],\"autoload\":false,\"singular\":0,\"created\":1418594519,\"installed\":true},\"170\":{\"name\":\"FieldtypeRepeater\",\"title\":\"Repeater\",\"version\":101,\"icon\":\"\",\"requires\":[],\"requiresVersions\":[],\"installs\":[\"InputfieldRepeater\"],\"permission\":\"\",\"permissions\":[],\"autoload\":true,\"singular\":true,\"created\":1418594519,\"installed\":true},\"133\":{\"name\":\"FieldtypePassword\",\"title\":\"Password\",\"version\":101,\"icon\":\"\",\"requires\":[],\"requiresVersions\":[],\"installs\":[],\"permission\":\"\",\"permissions\":[],\"autoload\":false,\"singular\":true,\"created\":0,\"installed\":true,\"permanent\":true},\"168\":{\"name\":\"FieldtypeComments\",\"title\":\"Comments\",\"version\":106,\"icon\":\"\",\"requires\":[],\"requiresVersions\":[],\"installs\":[\"InputfieldCommentsAdmin\"],\"permission\":\"\",\"permissions\":[],\"autoload\":false,\"singular\":true,\"created\":1418594516,\"installed\":true},\"169\":{\"name\":\"InputfieldCommentsAdmin\",\"title\":\"Comments Admin\",\"version\":104,\"icon\":\"\",\"requires\":[\"FieldtypeComments\"],\"requiresVersions\":{\"FieldtypeComments\":[\">=\",0]},\"installs\":[],\"permission\":\"\",\"permissions\":[],\"autoload\":false,\"singular\":0,\"created\":1418594516,\"installed\":true,\"permanent\":false},\"4\":{\"name\":\"FieldtypePage\",\"title\":\"Page Reference\",\"version\":102,\"icon\":\"\",\"requires\":[],\"requiresVersions\":[],\"installs\":[],\"permission\":\"\",\"permissions\":[],\"autoload\":false,\"singular\":0,\"created\":0,\"installed\":true,\"permanent\":true},\"28\":{\"name\":\"FieldtypeDatetime\",\"title\":\"Datetime\",\"version\":104,\"icon\":\"\",\"requires\":[],\"requiresVersions\":[],\"installs\":[],\"permission\":\"\",\"permissions\":[],\"autoload\":false,\"singular\":0,\"created\":0,\"installed\":true},\"105\":{\"name\":\"FieldtypeFieldsetOpen\",\"title\":\"Fieldset (Open)\",\"version\":100,\"icon\":\"\",\"requires\":[],\"requiresVersions\":[],\"installs\":[],\"permission\":\"\",\"permissions\":[],\"autoload\":false,\"singular\":1,\"created\":0,\"installed\":true,\"permanent\":true},\"29\":{\"name\":\"FieldtypeEmail\",\"title\":\"E-Mail\",\"version\":100,\"icon\":\"\",\"requires\":[],\"requiresVersions\":[],\"installs\":[],\"permission\":\"\",\"permissions\":[],\"autoload\":false,\"singular\":0,\"created\":0,\"installed\":true},\"27\":{\"name\":\"FieldtypeModule\",\"title\":\"Module Reference\",\"version\":101,\"icon\":\"\",\"requires\":[],\"requiresVersions\":[],\"installs\":[],\"permission\":\"\",\"permissions\":[],\"autoload\":false,\"singular\":0,\"created\":0,\"installed\":true,\"permanent\":true},\"106\":{\"name\":\"FieldtypeFieldsetClose\",\"title\":\"Fieldset (Close)\",\"version\":100,\"icon\":\"\",\"requires\":[],\"requiresVersions\":[],\"installs\":[],\"permission\":\"\",\"permissions\":[],\"autoload\":false,\"singular\":true,\"created\":0,\"installed\":true,\"permanent\":true},\"84\":{\"name\":\"FieldtypeInteger\",\"title\":\"Integer\",\"version\":101,\"icon\":\"\",\"requires\":[],\"requiresVersions\":[],\"installs\":[],\"permission\":\"\",\"permissions\":[],\"autoload\":false,\"singular\":0,\"created\":0,\"installed\":true,\"permanent\":true},\"186\":{\"name\":\"MarkupSEO\",\"title\":\"SEO\",\"version\":\"0.8.2\",\"icon\":\"\",\"requires\":[\"ProcessWire\",\"PHP\"],\"requiresVersions\":{\"ProcessWire\":[\">=\",\"2.4.0\"],\"PHP\":[\">=\",\"5.3.8\"]},\"installs\":[],\"permission\":\"\",\"permissions\":[],\"autoload\":true,\"singular\":false,\"created\":1424464275,\"installed\":true},\"174\":{\"name\":\"ProcessMigrator\",\"title\":\"Migrator\",\"version\":64,\"icon\":\"exchange\",\"requires\":[],\"requiresVersions\":[],\"installs\":[],\"permission\":\"\",\"permissions\":[],\"autoload\":false,\"singular\":true,\"created\":1419553195,\"installed\":true,\"nav\":[{\"url\":\"export\\/\",\"label\":\"Export\",\"icon\":\"arrow-right\"},{\"url\":\"import\\/\",\"label\":\"Import\",\"icon\":\"arrow-left\"},{\"url\":\"restore\\/\",\"label\":\"Restore\",\"icon\":\"reply\"}]},\"184\":{\"name\":\"ProcessGoogleAnalytics\",\"title\":\"Google Analytics\",\"version\":121,\"icon\":\"\",\"requires\":[],\"requiresVersions\":[],\"installs\":[],\"permission\":\"ga-view\",\"permissions\":[],\"autoload\":false,\"singular\":1,\"created\":1423332159,\"installed\":true,\"permanent\":false},\"177\":{\"name\":\"ProcessWireUpgrade\",\"title\":\"Upgrades\",\"version\":2,\"icon\":\"coffee\",\"requires\":[],\"requiresVersions\":[],\"installs\":[\"ProcessWireUpgradeCheck\"],\"permission\":\"\",\"permissions\":[],\"autoload\":false,\"singular\":1,\"created\":1422752041,\"installed\":true},\"178\":{\"name\":\"ProcessWireUpgradeCheck\",\"title\":\"Upgrades Checker\",\"version\":3,\"icon\":\"coffee\",\"requires\":[],\"requiresVersions\":[],\"installs\":[],\"permission\":\"\",\"permissions\":[],\"autoload\":\"template=admin\",\"singular\":true,\"created\":1422752041,\"installed\":true},\"162\":{\"name\":\"ModulesManager\",\"title\":\"Modules Manager\",\"version\":216,\"icon\":\"\",\"requires\":[\"JqueryDataTables\"],\"requiresVersions\":{\"JqueryDataTables\":[\">=\",0]},\"installs\":[],\"permission\":\"modules-manager\",\"permissions\":[],\"autoload\":false,\"singular\":true,\"created\":1418591915,\"installed\":true},\"185\":{\"name\":\"InputfieldAceEditor\",\"title\":\"ACE Editor\",\"version\":101,\"icon\":\"\",\"requires\":[],\"requiresVersions\":[],\"installs\":[],\"permission\":\"\",\"permissions\":[],\"autoload\":false,\"singular\":0,\"created\":1423775633,\"installed\":true},\"164\":{\"name\":\"ProcessBlog\",\"title\":\"Blog\",\"version\":234,\"icon\":\"\",\"requires\":[],\"requiresVersions\":[],\"installs\":[\"MarkupBlog\",\"BlogPublishDate\"],\"permission\":\"blog\",\"permissions\":[],\"autoload\":false,\"singular\":true,\"created\":1418594328,\"installed\":true},\"166\":{\"name\":\"BlogPublishDate\",\"title\":\"Blog Post Publish Date\",\"version\":234,\"icon\":\"\",\"requires\":[\"ProcessBlog\"],\"requiresVersions\":{\"ProcessBlog\":[\">=\",0]},\"installs\":[],\"permission\":\"\",\"permissions\":[],\"autoload\":true,\"singular\":true,\"created\":1418594328,\"installed\":true},\"165\":{\"name\":\"MarkupBlog\",\"title\":\"Markup Blog\",\"version\":234,\"icon\":\"\",\"requires\":[\"ProcessBlog\"],\"requiresVersions\":{\"ProcessBlog\":[\">=\",0]},\"installs\":[],\"permission\":\"\",\"permissions\":[],\"autoload\":false,\"singular\":true,\"created\":1418594328,\"installed\":true},\"179\":{\"name\":\"ProcessDatabaseBackups\",\"title\":\"Database Backups\",\"version\":3,\"icon\":\"database\",\"requires\":[\"ProcessWire\"],\"requiresVersions\":{\"ProcessWire\":[\">=\",\"2.4.15\"]},\"installs\":[],\"permission\":\"db-backup\",\"permissions\":{\"db-backup\":\"Manage database backups (recommended for superuser only)\"},\"autoload\":false,\"singular\":1,\"created\":1422752906,\"installed\":true,\"page\":{\"name\":\"db-backups\",\"parent\":\"setup\",\"title\":\"DB Backups\"},\"nav\":[{\"url\":\"backup\\/\",\"label\":\"New Backup\",\"icon\":\"plus-circle\"},{\"url\":\"upload\\/\",\"label\":\"Upload\",\"icon\":\"upload\"}]},\"161\":{\"name\":\"JqueryDataTables\",\"title\":\"jQuery DataTables Plugin\",\"version\":194,\"icon\":\"\",\"requires\":[],\"requiresVersions\":[],\"installs\":[],\"permission\":\"\",\"permissions\":[],\"autoload\":false,\"singular\":true,\"created\":1418591883,\"installed\":true}}', '2010-04-08 03:10:10');
INSERT INTO `caches` (`name`, `data`, `expires`) VALUES('ProcessWireUpgradeCheck_loginHook', '{\"branches\":{\"dev\":{\"name\":\"dev\",\"title\":\"Development\",\"zipURL\":\"https:\\/\\/github.com\\/ryancramerdesign\\/ProcessWire\\/archive\\/dev.zip\",\"version\":\"2.5.26\",\"versionURL\":\"https:\\/\\/raw.githubusercontent.com\\/ryancramerdesign\\/ProcessWire\\/dev\\/wire\\/core\\/ProcessWire.php\"},\"master\":{\"name\":\"master\",\"title\":\"Stable\\/Master\",\"zipURL\":\"https:\\/\\/github.com\\/ryancramerdesign\\/ProcessWire\\/archive\\/master.zip\",\"version\":\"2.5.3\",\"versionURL\":\"https:\\/\\/raw.githubusercontent.com\\/ryancramerdesign\\/ProcessWire\\/master\\/wire\\/core\\/ProcessWire.php\"}},\"moduleVersions\":{\"ProcessWireUpgrade\":{\"title\":\"Upgrades\",\"local\":\"0.0.2\",\"remote\":\"0.0.4\",\"new\":1,\"requiresVersions\":[]}}}', '2015-04-17 14:52:47');

DROP TABLE IF EXISTS `field_admin_theme`;
CREATE TABLE `field_admin_theme` (
  `pages_id` int(10) unsigned NOT NULL,
  `data` int(11) NOT NULL,
  PRIMARY KEY (`pages_id`),
  KEY `data` (`data`)
) ENGINE=MyISAM DEFAULT CHARSET=utf8;

INSERT INTO `field_admin_theme` (`pages_id`, `data`) VALUES('41', '159');

DROP TABLE IF EXISTS `field_blog_body`;
CREATE TABLE `field_blog_body` (
  `pages_id` int(10) unsigned NOT NULL,
  `data` mediumtext NOT NULL,
  PRIMARY KEY (`pages_id`),
  KEY `data_exact` (`data`(255)),
  FULLTEXT KEY `data` (`data`)
) ENGINE=MyISAM DEFAULT CHARSET=utf8;

INSERT INTO `field_blog_body` (`pages_id`, `data`) VALUES('41', '<p>I use to work at Linkeo Web Agencie, a French ICT company in Mauritius Quatre Bornne. Despite being a PHP/JS Developer I am quite versed with C#, Java ( J2ME and Android API, Processing) I try to learn as much as I can. Currently I work at Leaps and Bounds as a PHP/Moodle Developer, where I work on Moodle and extension of Moodle (themes, plugins and etc.). I spend most of my time researching on Gaming and game development.</p>');
INSERT INTO `field_blog_body` (`pages_id`, `data`) VALUES('1083', '<p>Dojo 1.7 is now available and ready for your web app. The second major release towards our plans for 2.0, we&#x2019;ve undergone substantial improvements while preserving existing APIs and capabilities. The Dojo community has come together to dramatically improve the performance and modularity of the toolkit, a popular theme in the world of&#x00a0;<a href=\"https://github.com/amdjs\">AMD</a>&#x00a0;(asynchronous module definition), JavaScript loaders, and microtoolkits.</p>\n<p>Source:<a title=\"Dojo\" href=\"http://dojotoolkit.org/blog/dojo-1-7-released\">Dojo Toolkit</a></p>\n');
INSERT INTO `field_blog_body` (`pages_id`, `data`) VALUES('1084', '<p>As of&#x00a0; Dojo 1.7 , it fully supports AMD (Asynchronous Modular&#x00a0; out of the box, now you ask what\'s AMD , well according to <a title=\"Writing AMD JS\" href=\"http://addyosmani.com/writing-modular-js/\">addy osmani\'s blog</a>, AMD is a cool way of writing Modular JavaScript rather than the typical packing all Objects and functions in a single JavaScript Source File.</p>\n<p><!--more--></p>\n<p>AMD gives you the structure of decoupling your objects into modules, to be quite frank its a lot more than that, but this article won\'t jump into that for now,&#x00a0; AMD allows you to actually import the necessary part&#x00a0; you really need.</p>\n<p><strong>Dojo and AMD</strong></p>\n<p>Dojo Toolkit&#x00a0; has converted most of its packages to AMD Compliant, looking into the source code you can see the AMD api in it \"define\" and \"require\", however you can still make use of the legacy synchronous mode \"dojo.require(\'dijit.form.Button\')\" but as of Dojo Toolkit 2.0 it will deprecate support for the Legacy Synchronous Mode.</p>\n<p><strong>Example of Dojo AMD and Non AMD Codes</strong></p>\n<p><strong>Event Handling</strong></p>\n<p>Dojo 1.6 Base comes with a lot of tool-sets, the<strong> parser</strong>,<strong>connect</strong>, and some other functions however when using 1.7 in async mode, you need to require the packages to be used, in order to get Developers to catch up with recent changes and usage of 1.7, Dojo has provided the Dojo Documentation which can be downloaded online, the new documentation runs all codes offline without an online connection.</p>\n<pre>// Dojo 1.7 (AMD)\nrequire([\"dojo/_base/connect\"], function(connect){\n  connect.connect(obj, event, context, method, dontFix);\n});\n// Dojo &lt; 1.7\n\n&#x00a0;dojo.connect(obj, event, context, method, dontFix);</pre>\n<p><strong>Dom Manipulations </strong></p>\n<pre>//Dojo 1.7\nrequire([\"dojo/dom-style\"], function(domStyle){\ndomStyle.get(node, style);\ndomStyle.set(node, style, value);\n});\n\n// Dojo &lt; 1.7\ndojo.style(node, style, value);</pre>\n<p><strong>Body Document</strong></p>\n<div>\n<pre>\n//Dojo 1.7 AMD\nrequire([\"dojo/_base/window\"], function(win){\n  console.log( win.body() );\n});\n</div>\n\n[ Dojo &lt; 1.7 ]\n\nconsole.log( dojo.body() );</pre>\n<p>AMD is quite an interesting way of writing JavaScript, it is the future of writing the <a title=\"Nettuts Next Generation JavaScript\" href=\"http://net.tutsplus.com/tutorials/javascript-ajax/next-generation-javascript-with-amd-and-requirejs-new-on-premium/\">Next Generation JavaScript</a>.</p>\n</div>\n');
INSERT INTO `field_blog_body` (`pages_id`, `data`) VALUES('1085', '<p>I came across a very interesting article while i was working on a project, its a mobile site built with the Dojox.Mobile from the Dojo Framework though not complete but renders the selected theme depending on the device you use.<br />\n<a href=\"http://sourcedepots.com/mobile\" title=\"Sample\">Work in Progress</a>.</p>\n<p>The Article is located at <a href=\"http://www.html5rocks.com/en/tutorials/speed/html5/#toc-introduction\" title=\"HTML5 Improving Performance.\" target=\"_blank\">HTML5:Improving Performance</a></p>\n');
INSERT INTO `field_blog_body` (`pages_id`, `data`) VALUES('1086', '<p>Today we are going to setup a Zend framework from scratch, this tutorial already assumes you have a WAMP/XAMPP/Zend Server, if not Ill advise you to get one but I use Zend Server as it comes with the necessary extension, and \"come on\" ,its Zend Framework, the more reason should use Zend Server, additional features and extra stuff, now before we fire on, we need to ensure that we are running PHP 5.3 and higher ,you can still use v 5.2 but as of now PHP 5.3 is installed on servers so its really up to you.</p>\n\n<p></p>\n\n<p><strong><em>NOTE</em></strong><em>: This tutorial shows how to install Zend on Window Environment. </em></p>\n\n<p><strong>Downloading Zend Library</strong></p>\n\n<p>Zend library can be downloaded from the <a href=\"http://framework.zend.com/\" title=\"Zend Library\">website</a>, navigate over to framework and download the version you need. However its possible you might already have a ZF library already with your server, as with Xampp and Zend Server it comes shipped in already, though I usually download the latest version, so for Xampp users you might need to check your folders and open readme.txt to see the ZF version you are using.</p>\n\n<p><strong>Why Zend Framework?</strong></p>\n\n<p>unlike statically typed languages like C# and Java, PHP is a loosely typed language, where you simply declare a variable and PHP automatically determines the variable type, PHP is really easy when it comes to building dynamic websites, infact chances are a large percent of websites running are built with PHP ; Wordpress , Joomla and even Facebook. It\'s quite easy for newbies to grasp, and simple websites could be created within days, back then PHP Codes and HTML were usually mixed together in a single page and database connection in the same page and really the web pages still worked, but on the longer run it made it extremely difficult to maintain, as each changes were made to the application.</p>\n\n<p>Zend Framework has a structure that makes it easier for web developer to maintain and also comes along with lots of packaged components ready to use, the best part of Zend Framework is that some component can be used without necessarily importing the whole framework.</p>\n\n<p><strong>What is Zend Framework?</strong></p>\n\n<p>The Zend Framework is a PHP library for building PHP web application. It provides a set of components to enable you to build PHP applications more easily which will be easier to maintain and extend over the lifetime of the application.</p>\n\n<p><em>Culled from Zend Frameworks in Action.</em></p>\n\n<p>Id recommend reading <a href=\"http://www.zendframeworkinaction.com/\" title=\"ZF in Action\">Zend Framework in Action</a> if you need to more information on Zend or simply go to <a href=\"http://www.zend.com/\">http://www.zend.com</a></p>\n\n<p><strong>Model View Controller (MVC) ?</strong></p>\n\n<p>The MVC is a design pattern that separates an application into 3 sections, <strong>Model</strong>, <strong>View</strong> and the <strong>Controller</strong>, because this tutorial is not an in-depth guide on Zends internal operation, you can click this link to Zends theory of operation to gain a better understanding however I will explain a bit on the components of MVC.</p>\n\n<p><strong>Model</strong></p>\n\n<p>In quick summary the model is where all your heavy logic takes place that are specific to the web application all the list of item retrieved from a store, discount item with 5% higher, usually Model is also associated with Data source, the model determines source of data<strong> </strong>e.g. retrieving data in XML,CSV,JSON,HTML,YAML. Zend has class Zend_Db which helps with Database Connection and Database Abstraction, another class the Zend_Db_Table which creates an object oriented interface to your table; its a really powerful concept, especially the ORM(Object Relational Mapping) libraries,these days are quite popular, you can also look at Doctrine another ORM library,but for this tutorial we will stick to Zend for beginners sake.</p>\n\n<p><strong>View</strong></p>\n\n<p>The view is the presentation or the GUI aspect of the application, this handle the display logic, for instance I create an application that serves html, and need to render an RSS Feed, the view that can be interchanged with a RSS view script, Zend has a class Zend_View with helper methods, helpers are additional methods that give useful codes to help with complex logic for templating, they are created to avoid repetition, although its possible for Smarty to be used as your templating Engine,but the Zend View is equally powerful for basic use. Another nice feature is the <strong>Zend_Layout</strong>, Zend Layout is to Zend as What Master Pages is to ASP.NET, and if you are not familiar with that either, its a design pattern that allows you to separate content of your web page into separate parts.</p>\n\n<p><strong>Controller</strong></p>\n\n<p>The controller handles task in routing and rendering the web pages according to requests, it is the component that delegates what actions to perform. E.g. a URL <a href=\"http://yourpage.com/about/\">http://yourpage.com/about/</a> gets forwarded to the Front Controller which handles all requests, it decomposes the URL and calls the appropriate Controller Action, the controller AboutController will be called, because no action was specified it calls the default action index. If the URL was supplied <a href=\"http://yourpage/about/company/\">http://yourpage/about/company/</a> the companyAction method in the AboutController will be called, the controller also handles other operations such as URL Rewriting through the help of Zend_Front_Controller_Route. you should note that Zend uses camel casing so each method should be like this \"storeAction\"</p>\n\n<p><strong>Creating your First Zend Project</strong></p>\n\n<p>We are going to use the Zend CLI tool zf.bat to help create our project, this is a very useful tools that creates your projects and adds controllers and other components to your project, however to get the Zf.bat to run, you need to adjust your environment variable, but to be quite sure that it runs, start your <strong>command prompt</strong>. And type <strong>zf</strong> you should see the ZF Command Line version with options listed.</p>\n\n<p><a href=\"/processwire/site/assets/files/1086/cli.jpg\"><img alt=\"cli\" class=\"align_left\" src=\"/site/assets/files/1086/cli.jpg\" /></a></p>\n\n<p></p>\n\n<p>However if you get a message saying program is not recognized, you will need to located the path where zf.bat is located, open your Zend Server / Xampp , in Zend Server installation it is located in ZendServer/share/Zendframework/bin, you will need to copy that location and open your <strong>Control panel</strong> click on <strong>System</strong> and click on <strong>Advanced system</strong> settings,</p>\n\n<p><a href=\"/processwire/site/assets/files/1086/system.jpg\"><img alt=\"system\" class=\"align_left\" src=\"/site/assets/files/1086/system.jpg\" /></a></p>\n\n<p></p>\n\n<p>click on <strong>Environment variables</strong>. In the <strong>System variables</strong> click on <strong>path</strong> and add the location each entry should be ended with ;. Save and close the command prompt and retry again the zf command again.</p>\n\n<p><strong>Creating a Zend Project with Command Tool</strong></p>\n\n<p>First open your command prompt and change to the localhost www directory or the htdocs depending on your webserver using the cd command, now type <em>zf create project HelloZend</em></p>\n\n<p>You should get some information after Zend has created the project for you, heres a snapshot of mine.</p>\n\n<p><a href=\"/processwire/site/assets/files/1086/directory.jpg\"><img alt=\"directory\" class=\"align_left\" src=\"/site/assets/files/1086/directory.jpg\" /></a></p>\n\n<p></p>\n\n<p>My project name is <strong>ValSucks</strong> basically because i hate vals even though i get gifts :D</p>\n\n<p><strong>Directory Structure of Zend Framework</strong></p>\n\n<p>The <strong>application</strong> folder holds the model, controller, scripts, layouts, modules it holds the whole application logic to your website.</p>\n\n<p><strong>Doc</strong> refers to documentation you might feel the need to document.</p>\n\n<p>The <strong>library</strong> folder is usually where Zend Framework is copied to, however since your server comes with Zend Framework you can omit that, however when you upload to your live server you should copy the framework here, I prefer to rely on this than the Servers ZF.</p>\n\n<p><strong>test</strong> folder involves unit testing which we will look at that later.</p>\n\n<p>So lets open our project in the browser.</p>\n\n<p><a href=\"/processwire/site/assets/files/1086/host.jpg\"><img alt=\"host\" class=\"align_left\" src=\"/site/assets/files/1086/host.jpg\" /></a></p>\n\n<p></p>\n\n<p>Apparently when running on your local server its a bit different to live server because only the public_html is usually exposed to the public and the application is a folder level above the public folder we need to change our Apache Directive to serve our Zend project directly, the ZF tool created an .htaccess that will serve all request to index.php in the public folder which bootstraps the whole project and the front controller.</p>\n\n<p>Open your XAMPP/Zend Server and locate the apache folder and look for the conf folder and open the httpd.conf, I cannot express how delicate this issue is, if you have ever installed PHP and Apache manually you will know how much you should not mess up with this conf file, I recommend making a copy before editing it.</p>\n\n<p>Search for the <strong>DocumentRoot</strong> directive mine is</p>\n\n<p><strong><em>DocumentRoot \"C:\\Zend\\Apache2/htdocs\" </em></strong>change it to <strong><em>DocumentRoot \"C:\\Zend\\Apache2\\htdocs\\&lt;your project folder&gt;\\public/\" </em></strong>mine will be <strong><em>DocumentRoot \"C:\\Zend\\Apache2\\htdocs\\ValSucks\\public/\" </em></strong>, you will need to restart apache to launch with this new settings, in XAMPP you can open the XAMPP Controller Panel to restart the server, Zend comes with a tool Zend Server locate this in control panel. You will get a Zend Community Edition page supply your password and simply click restart PHP at the bottom of the page or you can simply use the task manager in windows and under services stop and start the Apache 2.2 service.</p>\n\n<p>Retype the url again : <a href=\"../../\">http://localhost/</a></p>\n\n<p><a href=\"/processwire/site/assets/files/1086/zendpage.jpg\"><img alt=\"zendpage\" class=\"align_left\" src=\"/site/assets/files/1086/zendpage.jpg\" /></a></p>\n\n<p></p>\n\n<p><strong>Note:</strong> if you don\'t see any image don\'t panic, it retrieves the image from the net.</p>\n\n<p>And you get a running Zend Webpage, however at this point you should note that Apache serves this page directly so you might not be able to work with other projects, so you can always revert with DocumentRoot Directive, in the next part we will look at the structure and quickly have some simple interface and usability of the page, till then take care and explorer the contents.</p>');
INSERT INTO `field_blog_body` (`pages_id`, `data`) VALUES('1087', '<p>Hello everyone. In this tutorial we will be looking at setting up the Yii framework and create our skeleton app step by step. Lets begin.</p>\n<p><a title=\"YiiTutorials.net\" href=\"http://yiitutorials.net/easy/step-by-step-guide-setup-the-yii-framework\" target=\"_blank\">Visit Site</a></p>\n<p>Source: Yiitutorials.net</p>\n');
INSERT INTO `field_blog_body` (`pages_id`, `data`) VALUES('1088', '<p>Incase you are notfamiliarwith \"Web-works\", its a platform from RIM(Researchin Motion), that allows you convert your existing website or HTML Application to a Blackberry application, this is a very useful tool especially for web developers looking forward to creating apps on theBlackBerryplatform, its really easy to use, fun and of course lots of tools to use to create a webwork application with ease, but i\'ll limit this to the Dojo toolkit.</p>\n\n<p></p>\n\n<p>Let me say am no stranger to Blackberry Development, i started with the Java environment, though i had little java knowledge it was fun till a certain point, the UI aspect, building interface in the Java environment wastorturefor me, i could only see the changes after i had fired up the simulator, and the documentation was also not too straight forward, though lots of help came from the forum but i had already lost the interest, after coming across of articles on the Blackberry Webworks platform ,i was bit skeptical especially after my experience with RIM and the Java SDK, but the Web-works is a different ball game entirely; not only does it allow your website communicate with Blackberry API it also allows you to create custom extension that enhance your web application.</p>\n\n<p><a href=\"/processwire/site/assets/files/1088/remi.jpg\"><img alt=\"Webworks\" class=\"align_left\" src=\"/site/assets/files/1088/remi-1024x447.608x0-is.jpg\" /></a></p>\n\n<p><strong>Blackberry Webworks with Dojo</strong></p>\n\n<p>Building forWeb-works, i started using the dojox.app, this module unlike dojox.mobile.app actually deals with pushing of history states, and it also adopted the Dojo MVC which can be found at sitepen however, i had issue with the non-scrolling devices as the dojox.app as i had noin-depthknowledge with the package and all views seemed to be wrapped in a scene, i decided to stick with the dojox.mobile.app which had a different approach each view had its own assistant which handles event when a view appears or is pushed from the stack, it felt easier using this as each view operation could stated in the assistants. Dojox.mobile comes with loads of features which really appealed to me especially the alert Dialog, another aspect i loved was the Global configuration <em><strong>appInfo </strong></em>which holds the whole information and could be used in the views, updating certain information was as easy as changing from the <strong><em>appInfo</em></strong>, and the changes would reflect instantly.</p>\n\n<p><strong>Blackberry Templating</strong></p>\n\n<p>Really when using the dojox.mobile,skinningisusuallythe last issue on your mind as the dojox.mobile has themes for blackberry, really saved me the stress of whipping out a Photoshop template, the only thing i had to do was just override some few css rules to give it a different feel.</p>\n\n<p><strong>Gotcha\'s</strong></p>\n\n<p>Obviously i had some few gotcha\'s on the way,</p>\n\n<p>1. When building for the Blackberry to fit screen i never knew about the Screen Object that holds the screen size of width and height.</p>\n\n<p>2. Limited JavaScript knowledge was another issue i had, as am no Chuck Norris of JavaScript, i had some issue especially dealing with Anonymous functions and context.</p>\n\n<p>3. Loadingunnecessarymodules ,unless you are using AMD in Dojo, you will have to make sure you squeeze every free space you can get, i had a build ofDojoas high as 400kb making the app very large in size.</p>\n\n<p><strong>Tools</strong></p>\n\n<p>the following tools i used during my development</p>\n\n<p>1. Firebug</p>\n\n<p>2. Ripples Chrome and standalone</p>\n\n<p>3. Blackberry Simulator</p>\n\n<p>4. Eclipse IDE (Makes building real easy and signing) with nice tools</p>\n\n<p>5. The DojoFirebug Extension really important especially when you inspecting dijit,dojox components</p>\n\n<p></p>\n\n<p><strong>Final words</strong></p>\n\n<p>The BlackberryWeb-worksis really easy,fun and a good move though some would argue why i didn\'t use PhoneGap, well i had issues running PhoneGap but found running Webworks a lot easier and also in Nigeria where basically 80% of the population owes at least a Blackberry device, it would be a wrong move not to target that population.</p>\n\n<p><strong>Links</strong></p>\n\n<p><a href=\"https://bdsc.webapps.blackberry.com/html5/\" target=\"_blank\" title=\"Webworks\">Webworks</a></p>\n\n<p><a href=\"http://dojotoolkit.org/reference-guide/dojox/mobile.html\" target=\"_blank\" title=\"Dojox Mobile\">Dojox Mobile</a></p>\n\n<p></p>');
INSERT INTO `field_blog_body` (`pages_id`, `data`) VALUES('1089', '<p>Before i start this , i would simply love to state that this is not a article that pitches each framework over the other, the last thing i want is to spark a common fight \"Dojo vs Jquery\".</p>\n<p>Recently i participated in Mobile App Hackaton, which stated that within 48 hours, we were to come up with a mobile application, now the choice of framework no doubt had to be&#x00a0;jQuery&#x00a0;as most of the teams really had little or no&#x00a0;JavaScript&#x00a0;experience, hence we decided to use the jQuery Mobile, the mobile framework for creating mobile apps, to be quite frank it was a bit easy to come up with a Mobile app in jQuery mobile, and partially most of the style uses \"Declarative Coding\" where each scene and interface is generated from mark-up, and this is my following comparism with Dojo Mobile and jQuery mobile.</p>\n<p><!--more--></p>\n<p><strong>Loading Frameworks from CDN</strong></p>\n<p>jQuery Mobile and Dojo framework can both be loaded locally or from a Content Delivery Network e,g Google simply by appending the necessary scripts and css in the header section</p>\n<pre>//Jquery CDN\n[script type=\"text/javascript\" src=\"http://code.jquery.com/jquery-1.6.4.min.js\"][/script][script type=\"text/javascript\" src=\"http://code.jquery.com/mobile/1.0.1/jquery.mobile-1.0.1.min.js\"][/script]//Dojo Mobile[script type=\"text/javascript\" src=\"http://ajax.googleapis.com/ajax/libs/dojo/1.7/dojo/dojo.xd.js\"][/script][</pre>\n<p><strong>&#x00a0;Document Ready</strong></p>\n<p>Traditionally JavaScript developers often defer running certain functions when the page is loaded, the framework allows developers to chain methods to the document ready of the page.</p>\n<pre>//Jquery\n$(document).bind(\"mobileinit\", function(){\n  //apply overrides here\n});\n\n//Dojo 1.7 AMD\nrequire([\"dojo/ready\"],function(ready){\nready(function(){\n//apply overrides here\n});\n});\n\n//Dojo 1.7 Using Loader Plugin\nrequire([\"dojo/domReady!\"],function(){\n//apply overrides here\n});\n\n//Dojo.17 Pre AMD\ndojo.ready(function(){\n//apply overrides here\n});</pre>\n<p>Normally Jquery users would expect to insert codes in $(document).ready however the jQuery mobile starts running in the \"mobileinit\" event, in the case of Dojo it sticks with its tradition way of coding using the ready or loader plugin depending on which style you use.<br />\n<strong></strong></p>\n<p><strong>&#x00a0;Mark up</strong></p>\n<p>Jquery and Dojo mobiles allows the ease of building mobile interfaces through the use of declarative mark-ups, they also take advantage of HTML5 Data attributes, a complex interface can be created by simply putting various tags without scripting in Javascript.</p>\n<pre>\n//Jquery Page\n<div id=\"page1\" data-role=\"page\">Page 1</div>\n\n//Dojo Page\n<div data-dojo-type=\"dojox.mobile.View\"></div>\n\n//Basic ListView in Jquery\n<ul data-role=\"listview\">\n<li><a href=\"index.html\">One</a></li>\n<li><a href=\"index.html\">Two</a></li>\n<li><a href=\"index.html\">Three</a></li>\n</ul>\n\n//Basic ListView in Dojo\n<ul dojoType=\"dojox.mobile.RoundRectList\">\n<li dojoType=\"dojox.mobile.ListItem\">List Item 1</li>\n<li dojoType=\"dojox.mobile.ListItem\">List Item 2</li>\n<li dojoType=\"dojox.mobile.ListItem\">List Item 3</li>\n</ul>\n</pre>\n<p><strong>UI Themes and Look and Feel</strong></p>\n<p>jQuery mobile comes with a specific themes which renders superbly on all mobile platform, though there is no alternative theme however you can easily customize your appearance, however Dojo Mobile goes the extra mile of rendering the interface according to each\'s platform, as of Dojo 1.7 it supports the iPhone ,Blackberry and the Android theme, and also provides a custom theme for generic phones however you can still render a specific platform\'s look and feel on a different phone.</p>\n<p><strong>App Structure</strong></p>\n<p>Working with jQuery, depending on your style of coding you might get away with packing all functions in a single file, however to&#x00a0;JavaScript&#x00a0;developers who are familiar with&#x00a0;Modular&#x00a0;coding, you might \"<em>require.js\" , </em>however with the Dojo mobile framework you can make use of the normal structure which is similar to jQuery which basically loads all the views in one html, though jQuery mobile allows you to inject html views also,&#x00a0;Dojo also has an alternative structure which is the Dojox.mobile.app a simple framework for managing each scene, as a Dojo Mobile Developer this would be a recommended way because because scene has an Assistant&#x00a0;JavaScript&#x00a0;file which is loaded implicitly and handles the parsing and connection of each scene.</p>\n<p><strong>Conclusion</strong></p>\n<p>In order to keep the article short both the jQuery Mobile and Dojo Mobile are very nice to use and provide lots of tools to whip up a PhoneGap or&#x00a0;Web-works&#x00a0;applications however, the Dojo Mobile will require you to get used to the Dojo Concept and also you need to have a bit of intermediate knowledge of JavaScript, however Dojo gives you enough power to handle each connections from viewing to tearing down of the page, jQuery on the hand is really quick and fast to grasp, i whipped up a mobile application in a day, which isn\'t much of a big deal to me as having Dojo knowledge and JavaScript , jQuery Mobile seems to easy to use, but things are a bit different while in Dojo where you can create Dojo Widgets programmatically, the jQuery Mobile will have you write your markup to the page and refresh to re-parse the page, both mobile frameworks are superb and real fun to work it.</p>\n<p>&nbsp;</p>\n<p>&nbsp;</p>\n');
INSERT INTO `field_blog_body` (`pages_id`, `data`) VALUES('1090', '<p>The Zend Framework community is pleased to announce the immediate availability of Zend Framework 2.0.0beta3. Packages and installation instructions are available at <a href=\"http://framework.zend.com/zf2/blog/entry/Zend-Framework-2-0-0beta3-Released\" title=\"Zend Framework\">Zend Framework Website</a></p>\n');
INSERT INTO `field_blog_body` (`pages_id`, `data`) VALUES('1091', '<p><strong>What are Behaviours in Yii ?</strong></p>\n<blockquote><p>A&#x00a0;<em>behavior</em>&#x00a0;is an object whose methods can be \'inherited\' by its attached component through the means of collecting functionality instead of specialization (i.e., normal class inheritance). A component can be attached with several behaviors and thus achieve \'multiple inheritance\'.</p></blockquote>\n<p><a title=\"Yii\" href=\"http://www.yiiframework.com/doc/guide/1.1/en/basics.component#component-behavior\" target=\"_blank\">Yii</a><br />\n<!--more--></p>\n<p>Typically PHP does not support Multiple Inheritance such as extending Two Classes at the same time only a Multi-Level Inheritance where an extended class inherits another, Yii has a convention of using Multiple Inheritance like, where methods can be attached to classes in form of behaviors with ease and can also be detached.</p>\n<p><strong>Creating a Behavior&#x00a0;</strong></p>\n<p>Depending on the component you wish to add behaviors to, you can make use of the IBehavior or the <em>CModelBehaviour</em> if working with the <em>CModel</em> or <em>CActiveRecordBehavior</em> but i\'ll be sticking to the <em>CBehavior</em> which i find easier to use.</p>\n<p><strong>BrowserAgent: Behavior Class</strong></p>\n<p>We will create a behavior class called <em><strong>browserAgent</strong></em> a simple class that will be attached to the controller to access Navigator information from the Client browser.</p>\n<p>Fire up your text editor and create a file called \'BroswerAgent.php\' inside the \'protected/behavior\' folder you can paste it anyway as you will declare how to map to the file however for clarity sake its better to have a folder called \"<strong>behaviors\"</strong>.</p>\n<pre>class BrowserAgent extends CBehavior {\n\n	private $data;\n	private $owner;</pre>\n<p>we created a simple class to extend <em>CBehavior</em> and created to variables, the data will hold browser information while the owner will hold an instance of the component attaching this behavior, which is meant to be a controller,</p>\n<pre>public function useOwner(){\n        //the getOwner returns the owner component that this behavior is attached to in our case \"CController\" or your Controller that extends CController\n	$this->owner=$this->getOwner();\n	if(is_subclass_of($this->owner,\'CController\')){\n	//if it is a controller pass an information of browser to it\n		$u_agent = $_SERVER[\'HTTP_USER_AGENT\'];\n		$bname = \'Unknown\';\n		$platform = \'Unknown\';\n		$version= \"\";\n\n		//First get the platform?\n		if (preg_match(\'/linux/i\', $u_agent)) {\n			$platform = \'linux\';\n		}\n		elseif (preg_match(\'/macintosh|mac os x/i\', $u_agent)) {\n			$platform = \'mac\';\n		}\n		elseif (preg_match(\'/windows|win32/i\', $u_agent)) {\n			$platform = \'windows\';\n		}\n\n		// Next get the name of the useragent yes seperately and for good reason\n		if(preg_match(\'/MSIE/i\',$u_agent) &amp;&amp; !preg_match(\'/Opera/i\',$u_agent))\n		{\n			$bname = \'Internet Explorer\';\n			$ub = \"MSIE\";\n		}\n		elseif(preg_match(\'/Firefox/i\',$u_agent))\n		{\n			$bname = \'Mozilla Firefox\';\n			$ub = \"Firefox\";\n		}\n		elseif(preg_match(\'/Chrome/i\',$u_agent))\n		{\n			$bname = \'Google Chrome\';\n			$ub = \"Chrome\";\n		}\n		elseif(preg_match(\'/Safari/i\',$u_agent))\n		{\n			$bname = \'Apple Safari\';\n			$ub = \"Safari\";\n		}\n		elseif(preg_match(\'/Opera/i\',$u_agent))\n		{\n			$bname = \'Opera\';\n			$ub = \"Opera\";\n		}\n		elseif(preg_match(\'/Netscape/i\',$u_agent))\n		{\n			$bname = \'Netscape\';\n			$ub = \"Netscape\";\n		}\n\n		// finally get the correct version number\n		$known = array(\'Version\', $ub, \'other\');\n		$pattern = \'#(?\' . join(\'|\', $known) .\n		\')[/ ]+(?[0-9.|a-zA-Z.]*)#\';\n		if (!preg_match_all($pattern, $u_agent, $matches)) {\n			// we have no matching number just continue\n		}\n\n		// see how many we have\n		$i = count($matches[\'browser\']);\n		if ($i != 1) {\n			//we will have two since we are not using \'other\' argument yet\n			//see if version is before or after the name\n			if (strripos($u_agent,\"Version\") < strripos($u_agent,$ub)){\n				$version= $matches[\'version\'][0]; }\n				else {\n				$version= $matches[\'version\'][1];\n				}}\n				else {\n				$version= $matches[\'version\'][0];\n				}\n// check if we have a number\nif ($version==null || $version==\"\")\n{\n$version=\"?\";\n}\n\n$this->data=array(\n				\'userAgent\' => $u_agent,\n				\'name\'      => $bname,\n				\'version\'   => $version,\n				\'platform\'  => $platform,\n				\'pattern\'    => $pattern\n		);\n\n	}else{\n	throw new CException(\"This Component can only be attached to a Controller and not this[\".get_class($this->owner).\"]\");\n	}\n	}</pre>\n<p>let me go over it again</p>\n<pre>$this->owner=$this->getOwner();\n	if(is_subclass_of($this->owner,\'CController\')){</pre>\n<p>The <em>getOwner</em> is a function that is derived from <em>CBehavior</em> it gets the components that the behavior is attached to, because we need to make sure that only a controller can attach to this behavior we create a check to determine if the component is indeed a controller or a sub_class of controller and if not we throw <em>CException</em> which Yii\'s version of Exception.</p>\n<p>The rest of the code was gotten from PHP Manual it collects the browser name and the OS used by the client, and assigns the mapped array to its property \"data\", however which will need to create another function to simply return the information.</p>\n<pre>public function getInformation(){\n	$this->useOwner();\n	return $this->data;\n	}</pre>\n<p><strong>Attaching the Behavior to the Controller</strong><br />\nin the controller class simple override the behaviors method with:</p>\n<pre>public function behaviors(){\n		return array(\n	\'BrowserAgent\'=>\n	array(\'class\'=>\'application.behaviours.BrowserAgent\'\n			)\n		);\n	}</pre>\n<p>it returns an array with the classname and the class location the dot in Yii denote DIRECTORY SEPARATOR,</p>\n<p>Using the Behavior in the Controller simply call the behavior by doing this:</p>\n<pre>$data=$this->getInformation();\nprint_r($data);\n//$this->render(\'index\'); //stops the View Rendering</pre>\n<p>when Yii runs it will load the behavior and attach the methods to the class,you can also use Component::attachBehavior if you need to load behaviors dynamically however it should be noted that it must be added to the config main file.</p>\n<pre>behaviors\'=>array(\n                \'xyz\'=>array(\n                    \'class\'=>\'ext.xyz.XyzBehavior\',\n                    \'property1\'=>\'value1\',\n                    \'property2\'=>\'value2\',\n                ),\n            ),</pre>\n<p>with behaviors you can create reusable tools suchs as \"Dojo Behavior that loads Dojo from CDN to the View\" or a \"Class that allows Models to export to various formats\" lots and lots of useful tools to be created with behaviors, you can also read on <a title=\"Traits\" href=\"http://php.net/manual/en/language.oop5.traits.php\" target=\"_blank\">Traits</a> for PHP 5.4</p>\n');
INSERT INTO `field_blog_body` (`pages_id`, `data`) VALUES('1092', '\n<p>I&nbsp; am not your Linux typical user, infact i came across Linux during my classes and some Anti-Microsoft chants,i currently&nbsp; lost my Windows 7 installation, thanks to some adventurous stunt which cost me my Windows Installation and my files(luckily i got my backups).&nbsp; Well not really screaming and pulling my hair out as it was my Net-book HP Mini my irrelevant system, i decided to install Ubuntu on it and give it a try.</p>\n<p><!--more--></p>\n<p><a href=\"/processwire/site/assets/files/1092/screenshot-at-2012-04-08-000153.png\"><img class=\"align_left  wp-image-121\" title=\"Screenshot at 2012-04-08 00:01:53\" src=\"/processwire/site/assets/files/1092/screenshot-at-2012-04-08-000153-e1333836632368.693x405.png\" alt=\"\" width=\"693\" height=\"405\"></a></p>\n<p>&nbsp;</p>\n<p>&nbsp;</p>\n<p><strong>Desktop and File Explorer</strong></p>\n<p>The Ubuntu Desktop is quite really not bad, though the Unity is a bit hard getting used to, but i can always revert to the classical view, but as a lover of fancy UI; I prefer to stick with Unity but after updating my distro to Ubuntu 11.10 the Unity is a bit better as it has the programs categorised.</p>\n<p><strong>Browser and Development Extension</strong></p>\n<p><a href=\"/processwire/site/assets/files/1092/screenshot-at-2012-04-08-001724-e1333837229824.png\"><img class=\"align_left  wp-image-122\" title=\"Screenshot at 2012-04-08 00:17:24\" src=\"/processwire/site/assets/files/1092/screenshot-at-2012-04-08-001724-e1333837229824.686x389.png\" alt=\"\" width=\"686\" height=\"389\"></a></p>\n<p>&nbsp;</p>\n<p>No surprise here , all my Firefox extension and Dojo tools works with no issue, so really Web Development Client developer have no big issue when migrating to Ubuntu.</p>\n<p><strong>IDE Tools</strong></p>\n<p>With the Ubuntu Software Center ;there are lots of IDE free to use, i decided to search for some tools and came up with <strong>Eclipse for PHP Developers</strong> and <strong>Aptana Studio</strong>, however setting Apache up is quite different on Linux, to&nbsp; install Apache simply use the terminal and run the <strong>sudo apt-get install apache2</strong></p>\n<p><a href=\"/processwire/site/assets/files/1092/screenshot-at-2012-04-08-012756.png\"><img class=\"align_left  wp-image-123\" title=\"Screenshot at 2012-04-08 01:27:56\" src=\"/processwire/site/assets/files/1092/screenshot-at-2012-04-08-012756-1024x582.718x407.png\" alt=\"\" width=\"718\" height=\"407\"></a><br>\nam still exploring what Ubuntu has to offer, and if it pays using as my main OS, as of now i can say am really psyched about switching to Ubuntu on the Netbook .Its really fast and i know my OS won\'t suddenly accumulate space for no reason, will be posting more on my experience from time on.</p>\n');
INSERT INTO `field_blog_body` (`pages_id`, `data`) VALUES('1093', '<p><a href=\"http://twitter.github.com/bootstrap/index.html\" target=\"_blank\">Twitter Bootstrap</a>&#x00a0;contains pretty much everything you might need in a web app UI (and more). Its&#x00a0;<a href=\"http://twitter.github.com/bootstrap/base-css.html#forms\" target=\"_blank\">forms</a>are nice and clean so why not use them with ZF2? I wrote a module&#x00a0;<a href=\"https://bitbucket.org/dlu/dlutwbootstrap\" target=\"_blank\"><strong>DluTwBootstrap</strong>&#x00a0;</a>to make the process dead easy.</p>\n<p><a title=\"ZFDaily\" href=\"http://www.zfdaily.com/2012/04/twitter-bootstrap-forms-with-zf2-easily/\" target=\"_blank\">Visit Source</a></p>\n');
INSERT INTO `field_blog_body` (`pages_id`, `data`) VALUES('1094', '<p>Recently i found myself using Yii Framework, a lightweight and superb framework, its quite awesome, however the transition is not as smooth, has i had expected no doubt, its a quick to grasp framework especially coming from someone who uses the Zend Framework,</p>\n<p>Unlike Zend Framework the Yii framework is really tied to jQuery, and this really poses a problem for me, because i basically work with Dojo toolkit a lot, and add helpers in Zend to make&#x00a0;writing&#x00a0;Dojo&#x00a0;on the server side as sane as possible or even the Zend_Dojo_Form,</p>\n<p>Luckily found a way of loading Dojo in Yii with no problem using the <strong>CClientScript</strong> Class</p>\n<p>&nbsp;</p>\n<pre>\n<?php\nYii::app()->getClientScript()->registerScript(\'djConfig\',\'\nvar dojoConfig={\nasync:true\n		};\n		\',CClientScript::POS_END);\n?>\n<?php Yii::app()->;getClientScript()->;registerScriptFile(\"../dojo1.7/dojo/dojo.js\",CClientScript::POS_END);\nYii::app()->;getClientScript()->;registerScript(\"parse\",\"require([\'dojo/ready\'],function(ready){\nready(function(){\nconsole.log(dojo.version);\n});\n});\",CClientScript::POS_END);\n\n?>;</pre>\n<p>This basically loads the file and places it at the end of the body content, and the javascript code also<br />\nWorks well, will have to see if i can extended CWidgets with Dojo, will obviously share the outcome.</p>\n');
INSERT INTO `field_blog_body` (`pages_id`, `data`) VALUES('1095', '<p>Configuration is a big reason to use a Dependency Injection Container (DiC).  I&#x2019;ve been doing a lot of playing around with the ZF2 DiC and one of the things that I like about it is the ability to retrieve fully configured objects in  one line of code.  I&#x2019;ve been going a bit overboard lately but there&#x2019;s a lot of stuff you can do that can just be downright complex to handle on your own, all the time.<br />\n<a href=\"http://www.eschrade.com/page/zf2-dependency-injection-managing-configuration/\" title=\"Zend 2 DI Blog\" target=\"_blank\">Zend 2 Article</a></p>\n');
INSERT INTO `field_blog_body` (`pages_id`, `data`) VALUES('1096', '<p>With the release of Dojo 1.6 saw the shift of Dojo moving towards Asynchronous Module Definition (AMD) however the issue is currently there are really no books covering the new way of writing Dojo in AMD, this articles is meant to collate all Dojo Tools/Articles/Tutorials in one place, this will be updated from time to time.</p>\n<p><span style=\"text-decoration: underline;\"><strong>Pre - requisite for Learning Dojo Toolkit</strong></span></p>\n<p>JavaScript Garden:&#x00a0;<a href=\"http://bonsaiden.github.com/JavaScript-Garden/\">http://bonsaiden.github.com/JavaScript-Garden/</a></p>\n<p>Mozilla Tutorials:&#x00a0;<a href=\"https://developer.mozilla.org/en/A_re-introduction_to_JavaScript\">https://developer.mozilla.org/en/A_re-introduction_to_JavaScript</a></p>\n<p>Object Inheritance:</p>\n<p><a title=\"Object Inheritance\" href=\"http://www.crockford.com/javascript/inheritance.html\">http://www.crockford.com/javascript/inheritance.html</a></p>\n<p><a title=\"Object Inheritance\" href=\"http://tobyho.com/2011/11/11/js-object-inheritance/\">http://tobyho.com/2011/11/11/js-object-inheritance</a></p>\n<p>&nbsp;</p>\n<p><span style=\"text-decoration: underline;\"><strong>Dojo Tutorials:</strong></span></p>\n<p><a title=\"Dojo Tutorials\" href=\"http://dojotoolkit.org/documentation/\">http://dojotoolkit.org/documentation/</a></p>\n<p>Best way to Start a Dojo Project:&#x00a0;<a href=\"http://www.sitepen.com/blog/2011/05/04/what-is-the-best-way-to-start-a-dojo-project/\">http://www.sitepen.com/blog/2011/05/04/what-is-the-best-way-to-start-a-dojo-project/</a></p>\n<p>&nbsp;</p>\n<p><span style=\"text-decoration: underline;\"><strong>Dojo Tools for Development/Documentation/Debugging</strong></span></p>\n<ul>\n<li><a title=\"Firebug Tools\" href=\"http://getfirebug.com/\" target=\"_blank\">Firebug <cite><strong></strong></cite></a></li>\n<li><a title=\"DojoFirebug\" href=\"http://getfirebug.com/wiki/index.php/DojoFirebugExtension_Reference_Guide#Download\" target=\"_blank\">Dojo Firebug (requires Firebug)</a></li>\n<li><a title=\"Dojo Documentation Offline\" href=\"http://download.dojotoolkit.org/release-1.6.0b1/dojo-release-1.6.0b1-docs.tar.gz\" target=\"_blank\">Dojo Documentation (Offline Download)&#x00a0;</a></li>\n<li><a title=\"Dojo Documentation\" href=\"http://dojotoolkit.org/documentation/\" target=\"_blank\">Dojo Documentation (Online)</a></li>\n</ul>\n<p>&nbsp;</p>\n');
INSERT INTO `field_blog_body` (`pages_id`, `data`) VALUES('1097', '<p>As web applications continue to grow more advanced and more heavily rely on JavaScript, there has been a growing movement towards using modules to organize code and dependencies. Modules give us a way to make clearly distinguished components and interfaces that can easily be loaded and connected to dependencies. The AMD module system gives us the perfect path for using JavaScript modules to build web applications, with a simple format, asynchronous loading, and broad adoption.</p>\n<p><a title=\"Introduction to AMD\" href=\"http://www.sitepen.com/blog/2012/06/25/amd-the-definitive-source/\">Source</a></p>\n');
INSERT INTO `field_blog_body` (`pages_id`, `data`) VALUES('1098', '<p>The current version of the Zend Framework 2 is RC2 although,weekly fixes and updates have been going on, currently the only <a title=\"Zend Framework 2 Tutorial\" href=\"http://akrabat.com/zend-framework-2-tutorial/\" target=\"_blank\">tutoria</a>l left to start with the Zend Framework 2 is from \"<em><strong>Rob Allen</strong></em>\", the author whose pdf &#x00a0;\"<em>QuickStart with Zend Framework 1</em>\" gave me a good understanding of the framework, i somehow carried the notion that with Zend framework 1 knowledge,that &#x00a0;i could easily adapt to Zend Framework 2, to be quite frank ZF2 is a total learning curve on its own, as we get to see addition of ServiceManager, EventManager, Dependency Injector and the best part of all, Module manager, i\'m am going to be very honest with you, am not a hardcore PHP Developer, but i know enough to get me by, and Zend framework 2 is a bit powerful but the learning curve is anything but easy but once you understand the Zend Skeleton 2 in the Github you can get a pretty decent understanding of bootstrapping and routing.</p>\n<p><!--more--></p>\n<p>&nbsp;</p>\n<p><strong>BASIC UNDERSTANDING</strong></p>\n<p><strong>Modules and Configurations</strong></p>\n<p>ZF2 is centered towards Modules, so your application will have to be organized with each of its modules,e.g My Admin backend would be in a \"<em>AdminApplication\"</em>&#x00a0;module and my frontend n a \"<em>FrontendApplication</em>\". each Modules has its specific Configuration ,&#x00a0;Auto-loader&#x00a0;and required Classes to be loaded if needed; The Zend ModuleManager will look for a Module.php in every module folder you create. &#x00a0;the method&#x00a0;<strong>getConfig&#x00a0;</strong>retrieves the Configuration for the Module, this configuration is simply an array where the controller is specified and the view path to be used, you should note that all ths configurations will be used by the&#x00a0;<strong>ServiceManager&#x00a0;</strong>to pass them to the relevant components.</p>\n<p><strong>Application Configurations</strong></p>\n<p>if you are familiar with the Yii Framework there\'s a main config responsible for loading classes and passing information that can be used later on in the application, Zend also allows configuration and also all configuration passed in Application,or Modules will be merged together before being processed. the \"<strong>config/application.config.php</strong>\" it &#x00a0;provides configuration for the&#x00a0;<strong>ServiceManager</strong>,<strong>ModuleManager.</strong></p>\n<p><strong>Controllers and ViewModels</strong></p>\n<p>pretty much the same as ZF1 ,except all controllers extends the&#x00a0;<em><strong>AbstractActionController</strong></em>&#x00a0;and we can use an Object called the&#x00a0;<em><strong>ViewModel</strong></em>&#x00a0;a bit&#x00a0;similar&#x00a0;to&#x00a0;<strong>Microsoft ViewBag&#x00a0;</strong>and Yii, we can return the name of a view to be loaded and also pass variables to used by the view script, returning and we can also return an array with data, a ViewModel will be created behind the scene saving keystrokes.</p>\n<p><strong>Using ServiceManager to configure the database credentials and inject into the</strong><br />\n<strong>controller</strong></p>\n<p>Now this part really confused me for a while because after going the tutorial for the 5th time, i decided it was far saner to research the operations under the hood, because i really had no idea how the Db Configuration was been seen and what was responsible for instantiating it, it felt like voodoo and trust me in Web Programming voodoo is the last thing you need, an&#x00a0;in-depth&#x00a0;knowledge of internal operation never hurts anyone.</p>\n<ul>\n<li><strong>How ZF2 loads the database in Rob Allen\'s Guide</strong></li>\n</ul>\n<p>The&#x00a0;Configuration&#x00a0;in the \"config/autoload/global.php\" holds a Global Configuration which holds the DB Credentials, in an array key called \"db\", in the next line is the&#x00a0;<strong>ServiceManager&#x00a0;</strong>which calls a&#x00a0;<strong>Factory</strong>(a class responsible for constructing an Object) as denoted in the array \"factories\", it takes an array, now what happens here is that it creates a \"<em>Zend\\Db\\Adapter\\AdapterServiceFactory</em>\" and stores it in a key called \"Zend/Db/Adapter\", this key can be changed to anything i used \"Database\" to store the Adapter Object.</p>\n<p>What happens here is that it loads the AdapterServiceFactory class which implement the FactoryInterface and implements the method \"<strong>createService</strong>\" and saves it with the \"Zend/Db/Adapter\"</p>\n<p>&nbsp;</p>\n<pre>public function getServiceConfiguration()\n{\nreturn array(</pre>\n<pre>\'factories\' =&gt; array(\n\'Album\\Model\\AlbumTable\' =&gt; function($sm) {\n$dbAdapter = $sm-&gt;get(\'Zend\\Db\\Adapter\\Adapter\');\n$table = new AlbumTable($dbAdapter);\nreturn $table;\n},\n),</pre>\n<p>The code creates an&#x00a0;<em><strong>AlbumTable</strong></em>&#x00a0;which is stored in the key &#x00a0;\"<em>Album\\Model\\AlbumTable</em>\", which will be used in the controller so we need it instantiated and doing this in the controller is actually a bad practice, so we provide a Callback which takes the&#x00a0;<em><strong>ServiceManager&#x00a0;</strong></em>as the parameter, by calling the ServiceManager::get it actually loads the&#x00a0;<em><strong>AdapterServiceFactory</strong></em>&#x00a0;and triggers the&#x00a0;<em><strong>createService</strong></em>&#x00a0;Method. which contains the following code, to see it check the ZF2 Library</p>\n<pre>public function createService(ServiceLocatorInterface $serviceLocator)\n{\n$config = $serviceLocator-&gt;get(\'Configuration\');\nreturn new Adapter($config[\'db\']);\n}</pre>\n<p>The ServiceLocation loads the Configuration which contains all of our config and uses the db key holding the Database credentials and returns an instantiated object of a Db/Adapter which is passed in our class(<em><strong>AlbumTable</strong></em>) that extends the&#x00a0;<strong>AbstractTableGateway.</strong></p>\n<p>ZF2 is quite the framework however there are certain concepts which needs certain attention:</p>\n<p><strong>ServiceManager</strong></p>\n<p><strong>Modulemanager</strong></p>\n<p><strong>EventManager</strong></p>\n<p><strong>Configurations</strong></p>\n<p><strong>Namespacing</strong>,&#x00a0;<strong>Closures</strong>&#x00a0;,&#x00a0;<strong>Anonymous Function and PSR-0</strong></p>\n<p>The rest are quite easy to pick along i just decided to focus on the aspect that is key to ZF2, hopefully i hope to get acquainted with ZF2 and provide more information on it, my advise is take a look at the source and get to understand ZF2.</p>\n<p>&nbsp;</p>\n<p><strong>&#x00a0;NOTE:</strong>&#x00a0;Please feel free to point out any error i might have made.</p>\n<p>&nbsp;</p>\n<p>&nbsp;</p>\n');
INSERT INTO `field_blog_body` (`pages_id`, `data`) VALUES('1099', '<p>Recently I bought into the whole Nodejs development, WHY ?  I mean what\'s not to like, using the same code for both Server and Client plus the fact that you can write Server codes in a more structured way, I am talking AMD (Asynchronous Module Definition) baby, and if you don\'t know AMD by now, please refer to either RequireJS or CommonJS, its the new style of tackling Modules and dependencies in JavaScript. This articles is all about bootstrapping Nodejs and Dojotoolkit together, Dojotoolkit is a superb framework with lots of packages ready to use from out the box.</p>\n<p>NOTE: I run Nodejs on my Ubuntu Partition because am not sure if (NPM) Node Package Manager works on window smoothly.</p>\n<p>Source: <a href=\"http://dojotoolkit.org/documentation/tutorials/1.8/node/\" title=\"Running Nodejs with Dojotoolkit\" target=\"_blank\">Dojo and Node.js</a> </p>\n');
INSERT INTO `field_blog_body` (`pages_id`, `data`) VALUES('1100', '\n<h2>Introduction</h2>\n<p>This is the review of the book \"Dreamweaver CS6 Mobile and Web Development with HTML5,CSS3 and jQuery Mobile\", written by the author David Karlins, who has authored&nbsp; many books.&nbsp; The book practically covers the rudiments of Adobe Dreamweaver, HTML5,CSS3 and jQuery Mobile, it goes the extra mile to even break things to the basics; readers who are both new to Adobe Dreamweaver and HTML5&nbsp; will find this quick enough to grasp, and for those already familiar with the HTML5 but new to Adobe Dreamweaver, will find this very useful as it increases productivity and better workflow, a major benefit is the integration of tools within Adobe Dreamweaver to make building a mobile app a breeze. I had the opportunity of getting the book for reviewing, enjoy</p>\n<p><!--more--></p>\n<p><a href=\"/processwire/site/assets/files/1100/home.png\"><img title=\"Cover Page\" class=\"align_right size-large wp-image-261\" alt=\"Cover Page\" src=\"/processwire/site/assets/files/1100/home-791x1024.590x763.png\" width=\"590\" height=\"763\"></a></p>\n<h2>Chapter Reviews</h2>\n<p>This section contains the reviews&nbsp; of the chapter and explains what each chapter entails for the user to get a good perspective of the book.</p>\n<div>\n<h3><em><span style=\"text-decoration: underline;\">Chapter 1: Creating Sites and Pages with Dreamweaver CS6</span></em></h3>\n</div>\n<p><b>&nbsp;&nbsp;&nbsp;&nbsp;&nbsp;&nbsp;&nbsp;&nbsp;&nbsp;&nbsp;&nbsp; </b>This chapter covers using Adobe Dreamweaver to set up the workflow for creating your projects, it sheds light on various terms such FTP (File Transfer Protocol) working with remote servers, and the basic structures that make up HTML.</p>\n<div>\n<h3><em><span style=\"text-decoration: underline;\">Chapter 2: Using HTML5 for Page Structure</span></em></h3>\n</div>\n<p><b>&nbsp;&nbsp;&nbsp;&nbsp;&nbsp;&nbsp;&nbsp;&nbsp;&nbsp;&nbsp;&nbsp; </b>HTML5 Markups, this dives into new HTML5 tags and sheds details about HTML5 compatibility and browsers</p>\n<h3>&nbsp;<em><span style=\"text-decoration: underline;\">Chapter 3: Collecting Data with Forms</span></em></h3>\n<p><b>&nbsp;&nbsp;&nbsp;&nbsp;&nbsp;&nbsp;&nbsp;&nbsp;&nbsp;&nbsp;&nbsp; </b>This chapter breaks down the complexity of form validations and styling, it further introduces the user to the \"Adobe Spry Framework\"; and using Dreamweaver to create validations and gives real world examples of form validations.</p>\n<div>\n<h3><em><span style=\"text-decoration: underline;\">Chapter 4: CSS3 Effects and Transform</span></em></h3>\n</div>\n<p><b>&nbsp;&nbsp;&nbsp;&nbsp;&nbsp;&nbsp;&nbsp;&nbsp;&nbsp;&nbsp;&nbsp; </b>CSS3 Transforms and Transitions are first introduced to the users, this also dives into browser compatibility and CSS3 vendor specific rules. You will gain in-depth knowledge on creating complex CSS3 animations easily using the Adobe Dreamweaver.</p>\n<div>\n<h3><em><span style=\"text-decoration: underline;\">Chapter 5: HTML5 Native Audio and Video</span></em></h3>\n</div>\n<p><b>&nbsp;&nbsp;&nbsp;&nbsp;&nbsp;&nbsp;&nbsp;&nbsp;&nbsp;&nbsp;&nbsp; </b>This explains handling multimedia on the web with the new &lt;audio&gt; and &lt;video&gt; tags, it gives the reader a good and detailed information about Video/Audio formats and compression, the chapter further talks about using open source tools and Dreamweaver for managing both video and audio. The chapter also tackles Non-HTML5 browser and using Flash as fallback options using Dreamweaver.</p>\n<div>\n<h3><em><span style=\"text-decoration: underline;\">Chapter 6: Responsive Design with Media Queries</span></em></h3>\n</div>\n<p><b>&nbsp;&nbsp;&nbsp;&nbsp;&nbsp;&nbsp;&nbsp;&nbsp;&nbsp;&nbsp;&nbsp; </b>This covers creating responsive websites using the CSS Media queries; it discusses how Adobe Dreamweaver can aid in assisting responsive designs for multiple screens using the Adobe Multi-Screen Preview tool. It shows examples how you can easily generate media queries for tablets, mobile phones and desktop.</p>\n<div>\n<h3><em><span style=\"text-decoration: underline;\">Chapter 7: Creating Mobile Pages with jQuery Mobile</span></em></h3>\n</div>\n<p><b>&nbsp;&nbsp;&nbsp;&nbsp;&nbsp;&nbsp;&nbsp;&nbsp;&nbsp;&nbsp;&nbsp; </b>jQuery Mobile is introduced in this chapter, it explains various topic such as JavaScript, and getting to speed with jQuery Mobile using the Adobe Dreamweaver, it elaborately covers the framework and customization of jQuery Mobile themes (Themeroller).</p>\n<h3>&nbsp;<em><span style=\"text-decoration: underline;\">Chapter 8: Enhancing Mobile Sites</span></em></h3>\n<p><b>&nbsp;&nbsp;&nbsp;&nbsp;&nbsp;&nbsp;&nbsp;&nbsp;&nbsp;&nbsp;&nbsp; </b>Further explains additional aesthetics and layouts that can be adopted in jQuery Mobile to achieve complex layouts and improving the interface of your application.</p>\n<div>\n<h3><em><span style=\"text-decoration: underline;\">Chapter 9: Customizing Themes with ThemeRoller</span></em></h3>\n</div>\n<p><b>&nbsp;&nbsp;&nbsp;&nbsp;&nbsp;&nbsp;&nbsp;&nbsp;&nbsp;&nbsp;&nbsp; </b>Shows themes options and available themes that can be used with jQuery Mobile and using Dreamweaver to manage themes.</p>\n<div>\n<h3><em><span style=\"text-decoration: underline;\">Chapter 10: Building Apps with PhoneGap</span></em></h3>\n</div>\n<p><b>&nbsp;&nbsp;&nbsp;&nbsp;&nbsp;&nbsp;&nbsp;&nbsp;&nbsp;&nbsp;&nbsp; </b>This chapter is highly detailed, and focuses on how you can take your mobile web app and transform them into native applications. The chapter brilliantly touches on PhoneGap , Android and IOS Platforms. it furthers shows the use of the Adobe Dreamweaver and how you can build a web app into a cross platform application. You will get to see the author test an application built with PhoneGap on the Android SDK.</p>\n<h2>Summary</h2>\n<p>The book \"<b><i>Dreamweaver CS6 Mobile and Web Development with HTML5,CSS3 and jQuery Mobile</i></b>\" is carefully written to cater to both new users to HTML5 &amp; Dreamweaver and those new to Dreamweaver, it\'s doesn\'t just cover the rudiments of HTML5 and Adobe Dreamweaver, it further goes to explain various topics relating to them. &nbsp;This book can be finished within a day, as most examples are easy to follow with detailed steps. I strongly recommend this books to readers looking to get started with creating web applications using HTML5/CSS3 and also for users already familiar with web application but not to Dreamweaver, it shows how Adobe Dreamweaver can improve your workflow from creating to testing and deploying them on the respected platforms. I practically had fun reading this, and kicking myself in the leg especially when i discovered Adobe Dreamweaver simplified so many processes that i normally have headaches with. However my recommendation to new users is to get familiar with the basic HTML markups and some basic JavaScript.</p>\n<p>To get the book you can visit the link at :<br><span style=\"color: #0000ff;\"><a title=\"Adobe Dreamweaver CS6, HTML5 jQuery Mobile\" href=\"http://www.packtpub.com/dreamweaver-cs6-html5-css3-responsive-design-jquery-mobile/book\" target=\"_blank\"><span style=\"color: #0000ff;\">Get the Book at Packt</span></a></span><br><b><i>&nbsp;</i></b></p>\n<h2>About Author</h2>\n<p><span style=\"font-size: 13px;\">David Karlins is a web design consultant, teacher, and author of dozens of books on web design, including Building Websites All-in-One For Dummies, John Wiley &amp; Sons Inc. (co-author with Doug Sahlin), Adobe Creative Suite 5 Web Premium How-Tos: 100 Essential Techniques, Peachpit, and Dreamweaver CS5.5 Mobile and Web Development with HTML5, CSS3, and jQuery, Packt Publishing.</span></p>\n');
INSERT INTO `field_blog_body` (`pages_id`, `data`) VALUES('1101', '\n<h2 dir=\"ltr\">Introduction</h2>\n<p dir=\"ltr\">This is the review of the book \"Object-Oriented JavaScript\", written by the author Stoyan Stefanov who is a Facebook engineer and speaker, he has many notable works including the site <a href=\"http://www.jspatterns.com\">JSPatterns.com</a> which talks deeply about achieving best JavaScript design pattern. The book is aimed towards users looking to get started with JavaScript; the author takes into consideration that user might be new as it touches from the basics to advanced topics. The following section contains a breakdown of each chapters.</p>\n<p dir=\"ltr\"><!--more--></p>\n<p><a href=\"/processwire/site/assets/files/1101/3127ot_object-oriented-javascript.jpg\"><img title=\"Object Oriented JavaScript\" class=\"align_right size-full wp-image-267\" alt=\"Object Oriented Javascript\" src=\"/processwire/site/assets/files/1101/3127ot_object-oriented-javascript.500x617.jpg\" width=\"500\" height=\"617\"></a></p>\n<div>\n<h3 dir=\"ltr\"></h3>\n<h3 dir=\"ltr\"><em>Chapter 1 (Object Oriented JavaScript)</em></h3>\n<p dir=\"ltr\">This chapter deals with the evolution of JavaScript, it touches a lot from the history of JavaScript till modern adaptation, it also goes further to explain Object Oriented Programming in relative to JavaScript, the user will be introduced to various utilities , used for debugging JavaScript code on various platform and client browsers such as jsc(JavaScriptCore), NodeJS and the Webkit inspector found in the Chrome and Safari browsers.</p>\n<h3 dir=\"ltr\"><em>Chapter 2 (Primitive Data Types, Arrays, Loops, and Conditions)&nbsp;</em></h3>\n<p dir=\"ltr\">This chapter introduces the primitive data types and objects in JavaScript such as Numbers, Strings and Array, it covers writing codes using conditions, loops and also commenting your JavaScript source files, it further explains some common issues during comparison an example being the strict type checking.</p>\n<h3 dir=\"ltr\"><em>Chapter 3 (Functions)</em></h3>\n<p dir=\"ltr\">This introduces the users to creating of functions and various ways of declaring functions in JavaScript, This chapter is one of the most important chapter as it highly covers the core theme around JavaScript, it shows various forms of functions such as self-invoking functions, named functions, anonymous functions, callbacks, predefined functions and also variable hoisting. The most anticipated topic in JavaScript \"Closure\", is carefully explained; it elaborates on how Closures works and some slight issues to experience while working with closures, this chapter is simply one you will find yourself constantly consulting.</p>\n<h3 dir=\"ltr\"><em>Chapter 4 (Objects)</em></h3>\n<p dir=\"ltr\">Chapter 4 covers Objects in JavaScript; it explains various ways Objects can be created using the literal notation or using constructor functions. It also deeply explains the Global Object and other built in objects such as Math, Date, RegEx and numerous other objects. A great part of this article is that it sheds light on Error objects as well and how to interpret them.</p>\n<h3 dir=\"ltr\"><em>Chapter 5(Prototype)</em></h3>\n<p dir=\"ltr\">Another chapter that touches a core topic in JavaScript, the chapter discusses how methods can be added to an object through the prototype, also how to determine if an object has its own property as compared to inheriting from the prototype chain. It also sheds light on common issues with prototypes and also explains what is commonly known as \"shims\", \"monkey patching\" in the JavaScript world.</p>\n<h3 dir=\"ltr\"></h3>\n<h3 dir=\"ltr\"><em>Chapter 6 (Inheritance)</em></h3>\n<p dir=\"ltr\">This chapter is a bit technical, it shows numerous ways inheritance can be achieved in JavaScript, it employs many methods to illustrate how object properties can be copied to simulate classes, however it is quite important to note that this chapter will require more than just reading but also coding. Another great aspect of this chapter is that it explains the numerous option used for extending classes by using a case study to deliver the point.</p>\n<h3 dir=\"ltr\"><em>Chapter 7 (Browser Environment)</em></h3>\n<p dir=\"ltr\">Chapter 7 shifts away from ECMAScript and focuses on the BOM (Browser Object Model) and DOM (Document Object Model), it greatly covers a lot from document, nodes, events, propagation in events, types of events and also the XmlHttpRequest properly known as AJAX.</p>\n<h3 dir=\"ltr\"><em>Chapter 8 (Coding and Design Patterns)</em></h3>\n<p dir=\"ltr\">This chapter takes all the knowledge from previous chapters into consideration, it shows how you can adopt several design and coding patterns to build a complex JavaScript application with good practices. This chapter introduces the user to several popular design patterns such as the Singleton, Factory and the popular Observer pattern. This advantages of this chapter is that it explains the modern pattern used in popular framework such example noticed is the chaining pattern adopted in the jQuery library.</p>\n<h2 dir=\"ltr\"><em>Summary</em></h2>\n<p dir=\"ltr\">Stoyan Stefanov really went all out by breaking down and touching every important part in JavaScript in 382 pages, currently there are tons of JavaScript frameworks such as the Dojo Toolkit, jQuery, Backbone and the numerous list of others. Users often jump into these frameworks without having proper knowledge of JavaScript and this often leads to user getting frustrated with such frameworks or written poor codes. This books caters to developers new to JavaScript as it introduces everything related to JavaScript, it also caters to experienced JavaScript developers as it touches issues, and design patterns. There were several topics which i found interesting that were mentioned, were Closures, Error Objects and introducing users to the past and future of JavaScript and it\'s possible future, this point were important as it gave me a sense of why i would to invest my time using JavaScript.</p>\n<h2 dir=\"ltr\">About the Author</h2>\n<p dir=\"ltr\">Stoyan Stefanov is a Facebook engineer, author, and speaker. He talks regularly about web development topics at conferences and his blog www.phpied.com, and also runs a number of other sites, including JSPatterns.com?a site dedicated to exploring JavaScript patterns. Previously at Yahoo!, Stoyan was the architect of YSlow 2.0 and creator of the image optimization tool Smush.it. A \"citizen of the world\", Stoyan was born and raised in Bulgaria, but is also a Canadian citizen, currently residing in Los Angeles, California. In his offline moments, he enjoys playing the guitar, taking flying lessons, and spending time at the Santa Monica beaches with his family.</p>\n<div></div>\n</div>\n');
INSERT INTO `field_blog_body` (`pages_id`, `data`) VALUES('1102', '\n<h1 dir=\"ltr\">Introduction</h1>\n<p>This is an introduction to the review of the book &ldquo;Instant Highcharts&rdquo;, this books talk about the visualization toolkit &ldquo;Highcharts&rdquo;; which leverages on HTML5 Platform to render superb charting solutions, this review will cover the book chapter by chapter, giving the important aspect and highlights of the book.</p>\n<p><!--more--></p>\n<p><a href=\"http://www.packtpub.com/create-dynamic-customized-charts-instantly-using-highcharts\"><img title=\"Instant Highcharts\" class=\"align_right  \" alt=\"Instant Highcharts Cover page\" src=\"http://www.packtpub.com/sites/default/files/7545OT_HighCharts%20Starter_Instant_cov.jpg\" width=\"500\" height=\"617\"></a></p>\n<h3 dir=\"ltr\">Chapter 1: Installation of the Highcharts</h3>\n<p>This basically touches about the editor needed for writing Highcharts, it also prepares the users on what will the requirement needed before diving into using the framework. In this section the details of how to download the toolkit and use it with existing JavaScript frameworks such as jQuery,Prototype and Mootools. It even wastes no time as it gives the users the opportunity of create his/her first example using the mentioned JavaScript frameworks.</p>\n<p>&nbsp;</p>\n<h3 dir=\"ltr\">Chapter 2: Setting up the Main Section of Highcharts</h3>\n<p>This chapter jumps into describing the various components that are used in the Highcharts solutions such as the title,subtitle,the series ,credits,setting of axes, plots,lines,tool-tips and legends. This illustrates the core concepts and the customization of Highcharts, as this will enable the user to add or remove necessary parts he/she think is necessary. The interesting part of this chapter is that it goes further to give a diagram illustrating each part giving the user a clear picture of the setting when applied.</p>\n<p>&nbsp;</p>\n<h3 dir=\"ltr\">Chapter 3: Top 4 Features you need to know about</h3>\n<p dir=\"ltr\">Talks about the common task &nbsp;and commonly used features you will encounter throughout the use of the framework. it give various various examples such as creating of stacked bar charts, and also an important part is where it uses the Date Object as a data passed to the chart. Such of the examples created in this chapter are Pie Charts, Stacked Line bar, Dynamic Charts (Server Sided).</p>\n<h3 dir=\"ltr\">Chapter 4 : People and Places you should get to know</h3>\n<p>The Chapter touches mostly on community support and pages to visit for help, an important aspect here is that it explains the use of the Highcharts Reference which can be used as a reference guide during development, and shows the user how they can make use of Highcharts quickly by using the JSFiddle Solution and the access to links,blogs and social networks pages.</p>\n<p>&nbsp;</p>\n<h3 dir=\"ltr\">Summary</h3>\n<p dir=\"ltr\">For such a small and compact book, it really goes straight to business, by introducing the user to the Highcharts and giving out quick real life application to using it. The book explains various concepts and settings, that user will need to understand to be able to create a chart. This tutorial benefits any developer looking to create sophisticated charting solutions; an example of such could be a chart giving real time information of a server status, or a chart showing real time stocks from an external server or even showing game records and statistic e.g rendering the score results of Call of Duty and comparing players score with each other. Another incentive to learning this is that it is based on HTML5 which means the application of this chart will presentable to mobile and desktop users without the additional use of plugins and also caters for the Internet Explorer.</p>\n<p dir=\"ltr\"><a title=\"Instant Highchart\" href=\"http://bit.ly/15sxMSn\">Get the Book</a></p>\n<p>&nbsp;</p>\n<h3 dir=\"ltr\">About the Author</h3>\n<p dir=\"ltr\">Cyril Grandjean graduated from the school Supinfo (France) and from Oxford Brookes</p>\n<p dir=\"ltr\">University (United Kingdom). He is currently working for company Ausy as a software engineer.</p>\n<p dir=\"ltr\">During his professional experience, he has mainly developed web projects in PHP or Java. He also spends some of his spare time developing applications in C# or mobile applications. On his website <a href=\"http://www.cyril-grandjean.co.uk\">www.cyril-grandjean.co.uk</a>, he also writes some articles about software development. During his past job for the company Distrame, he contributed to the development of a solution called Efficacenergie, which measures the energy consumption (electricity, water, gas, and so on) of a building. By accessing a web interface developed with Ext-JS library, customers can analyze their own energy consumption through customizable charts developed with Highcharts library.</p>\n<p dir=\"ltr\"></p>\n');
INSERT INTO `field_blog_body` (`pages_id`, `data`) VALUES('1103', '<p>It\'s been a while since i have written any article, especially one not related to a book or review,anyway over the years Zend Framework 2 has seen numerous iterations and releases and also constant updates to the Zend Framework 2 Skeleton tutorial. A lot of authors of have done a tremendous job in writing articles for new comers to the framework, however looking at various websites and their comments i noticed a common trend, most after learning the Skeleton tutorial are often confused about what next or how to proceed from there or when is it the best time to use a certain module, event-manager. This tutorial is not creating a Zf2 application, this will simply explain the Zf2 process and what really goes on to give a better understanding of the framework, however it should be noted that there might be some concept which i either explained inaccurately or not well enough, should such occur please feel free to inform me.</p>\n\n<p><a href=\"/site/assets/files/1103/zf2-flowchart.jpg\"><img alt=\"zf2 flowchart\" class=\"align_right\" src=\"/site/assets/files/1103/zf2-flowchart.385x0-is.jpg\" width=\"385\" /></a></p>\n\n<p>Luckily thanks to Michael Romer, this graphical representation of the ZF2 process architecture actually made writing this article alot easier, as the user can simply see the detailed process and understand what really happens under the hood.</p>\n\n<h2>Requests</h2>\n\n<p><a href=\"zendframework2.de\"><img alt=\"Zend Framework 2 Cheat Sheet-Start\" class=\"align_right\" src=\"/site/assets/files/1103/zend-framework-2-cheat-sheet-start.png\" width=\"679\" /></a><br />\nNow if you really followed the Zend framework 2 Skeleton tutorial, you will notice the stage where you are instructed to set up a virtual host and the htaccess settings. This ensures that all requests from the browser are being sent to the index.php, which is responsible for dispatching each request.</p>\n\n<p><code>Setup autoloading require \'init_autoloader.php\';<br />\n// Run the application!<br />\nZend\\Mvc\\Application::init(require \'config/application.config.php\')-&amp;amp;gt;run();</code></p>\n\n<h2>Setting up Configuration for the Application</h2>\n\n<p>The StandardAutoLoader is being used to ensure that namespaces has a 1 to 1 map with the files, following the <a href=\"http://www.sitepoint.com/autoloading-and-the-psr-0-standard/\" target=\"_blank\" title=\"Autoloading PSR-0\">PSR-0 </a>Specification, the Zend Frameworks also allows you to specify other loaders such as Composer e.t.c the important line to notice is the require code, this simply loads an array of configuration into the Application class to run it, the following is an example of my application config.</p>\n\n<p><br />\nr<code>eturn array(<br />\n\'modules\' =&amp;amp;gt; array(<br />\n\'Application\',<br />\n\'Album\',<br />\n\'Zeffy\'<br />\n),<br />\n\'module_listener_options\' =&amp;amp;gt; array(<br />\n\'module_paths\' =&amp;amp;gt; array(<br />\n\'./module\',<br />\n\'./vendor\'<br />\n),<br />\n\'config_glob_paths\' =&amp;amp;gt; array(\'config/autoload/{,*.}{global,local}.php\')<br />\n)<br />\n);</code></p>\n\n<p>This array simply holds numerous and usually nested array of configs, the array key <strong><em>\'modules\'</em></strong> informs the Zend/Mvc/Application the modules to run/invoke, this is an interesting aspect as it shows how you can easily plug 3rd Party codes into the Zf2, an example is the famous <strong>zend-developer-tool</strong>. The key<strong><em> \'module_listener_options\"</em></strong> simply contain parameters that will be used when searching for modules, the \"<strong><em>module_paths\"</em> </strong>tells the ModuleManager where to search for modules and the <strong><em>\'config_glob_paths\'</em></strong> will scan for paths with the pattern (<em>e.g application.local.php,modulename.global.php</em>) and merge the configuration when the modules have been loaded, it also involves overriding, with the aid of the<strong> zend-developer-too</strong>l you can easily inspect the application config.</p>\n\n<p><br /><code>public static function init($configuration = array())<br />\n{<br />\n$smConfig = isset($configuration[\'service_manager\']) ? $configuration[\'service_manager\'] : array();<br />\n$listeners = isset($configuration[\'listeners\']) ? $configuration[\'listeners\'] : array();<br />\n$serviceManager = new ServiceManager(new Service\\ServiceManagerConfig($smConfig));<br />\n$serviceManager-&amp;amp;gt;setService(\'ApplicationConfig\', $configuration);<br />\n$serviceManager-&amp;amp;gt;get(\'ModuleManager\')-&amp;amp;gt;loadModules();<br />\nreturn $serviceManager-&amp;amp;gt;get(\'Application\')-&amp;amp;gt;bootstrap($listeners);<br />\n}</code><br />\n</p>\n\n<p>In this method the application config is passed as a parameter,the <em><strong>\'service_manager\'</strong> </em>and <em><strong>\'listeners\'</strong></em> key will not be defined at this point so the $smConfig and $listeners will be assigned an empty array. The service manager is later called using the <em>ServiceManagerConfig</em> as the parameter, the ServiceManagerConfig\'s role is to sniff out the services from the array that have the following key word <strong>\'factories</strong>\',\'<strong>invokables</strong>\',\'<strong>shared</strong>\',\'<strong>abstract_factories</strong>\' ,\'<strong>alias</strong>\', and simply merges the arrays and sets them to the respective service. The <em>ServiceManager</em> through the use Dependency Injection calls the <strong>ServiceManagerConfig-&gt;configureServiceManager()</strong> taking the <em>ServiceManager</em> as the parameter,<br /><strong>Note:</strong> it\'s quite evidential, that the ZF2 employs a number of advanced patterns, therefore its important to update your knowledge on them.<br />\nThe <em>configureServiceManager</em> will initialize and set up the <strong>ServiceManager</strong>; which was passed from the parameter in the method \'<em>configureServiceManager </em>\' to set itself up as a service in itself.</p>\n\n<p>[code lang=\"php\"]<br /><code>$serviceManager-&amp;amp;gt;setService(\'ServiceManager\', $serviceManager);</code><br />\n[/code]</p>\n\n<p><a href=\"/processwire/site/assets/files/1103/op991.jpg\"><img alt=\"\" class=\"align_right\" src=\"/processwire/site/assets/files/1103/op991.744x481.jpg\" title=\"Credit goes to Memegenerator.net\" /></a></p>\n\n<p>At this point, the $serviceManager will configure both the <em>EventManager</em> and <em>ModuleManager</em> in itself, once this has been done, the <em>ServiceManager</em> then creates a service called \"<em><strong>ApplicationConfig</strong></em>\" which will contain the application cofiguration (an array), this is still the same array except that the array might have been modified, this stores it as a Service, the importance of this is that you can easily retrieve it using the <strong>ServiceManager</strong>/<strong>ServiceLocator</strong> later on in the application lifecycle.<br />\nNow you might wonder \"What sorcery is this ?, where did <strong><em>ModuleManager</em></strong>,<strong><em>EventManager</em></strong> come from\"..... good question.<br />\nin the <strong>ServiceManagerConfig</strong> class, the property factories define 2 entries</p>\n\n<p>[code lang=\"php\" title=\"ServiceManagerConfig\"]<br /><code>protected $factories = array(<br />\n\'EventManager\' =&amp;amp;gt; \'Zend\\Mvc\\Service\\EventManagerFactory\',<br />\n\'ModuleManager\' =&amp;amp;gt; \'Zend\\Mvc\\Service\\ModuleManagerFactory\',<br />\n);</code><br />\n[/code]</p>\n\n<p>Remember our ServiceManagerConfig method \'configureServiceManager\' here is the code</p>\n\n<p>[code lang=\"php\" title=\"ServiceManagerConfig.php\"]<br /><code>public function configureServiceManager(ServiceManager $serviceManager)<br />\n{<br />\nforeach ($this-&amp;amp;gt;invokables as $name =&amp;amp;gt; $class) {<br />\n$serviceManager-&amp;amp;gt;setInvokableClass($name, $class);<br />\n}<br />\n//ModuleManager and EventManager are added as factories in the code here<br />\nforeach ($this-&amp;amp;gt;factories as $name =&amp;amp;gt; $factoryClass) {<br />\n$serviceManager-&amp;amp;gt;setFactory($name, $factoryClass);<br />\n}<br />\nforeach ($this-&amp;amp;gt;abstractFactories as $factoryClass) {<br />\n$serviceManager-&amp;amp;gt;addAbstractFactory($factoryClass);<br />\n}<br />\nforeach ($this-&amp;amp;gt;aliases as $name =&amp;amp;gt; $service) {<br />\n$serviceManager-&amp;amp;gt;setAlias($name, $service);<br />\n}<br />\nforeach ($this-&amp;amp;gt;shared as $name =&amp;amp;gt; $value) {<br />\n$serviceManager-&amp;amp;gt;setShared($name, $value);<br />\n}<br />\n$serviceManager-&amp;amp;gt;addInitializer(function ($instance) use ($serviceManager) {<br />\nif ($instance instanceof EventManagerAwareInterface) {<br />\nif ($instance-&amp;amp;gt;getEventManager() instanceof EventManagerInterface) {<br />\n$instance-&amp;amp;gt;getEventManager()-&amp;amp;gt;setSharedManager(<br />\n$serviceManager-&amp;amp;gt;get(\'SharedEventManager\')<br />\n);<br />\n} else {<br />\n$instance-&amp;amp;gt;setEventManager($serviceManager-&amp;amp;gt;get(\'EventManager\'));<br />\n}<br />\n}<br />\n});</code><br />\n[/code]</p>\n\n<p>a Factory is actually a Design pattern that hides the complexity of instantiating a class, it creates a simple interface for you to create classes. an important tip to note about \'<strong>Factories</strong>\' in Zend Framework 2, factories implements the \'<strong>FactoryInterface</strong>\' and defines the method \'<strong>createService</strong>\' which will be called, the only exception to this rule; is if you pass a <strong>Callback function</strong> to the factory key. Okay one small gotcha \'<strong>abstract_factories</strong>\' are a bit similar except it takes the name of the factory as a value e.g <em>(array(\'SomethingFactory\',\'NothingFactory\')</em>, where as factories stores the name using a key. e.g <em>array(\'remi\'=&gt;\'AwesomenessFactory\',\'GEJ\'=&gt;\'DeadPresidentFactory\')</em></p>\n\n<p>[code lang=\"php\" title=\"Zend/Mvc/Service/ModuleManagerFactory\"]<br /><code>public function createService(ServiceLocatorInterface $serviceLocator)<br />\n{<br />\nif (!$serviceLocator-&amp;amp;gt;has(\'ServiceListener\')) {<br />\n$serviceLocator-&amp;amp;gt;setFactory(\'ServiceListener\', \'Zend\\Mvc\\Service\\ServiceListenerFactory\');<br />\n}<br />\n$configuration = $serviceLocator-&amp;amp;gt;get(\'ApplicationConfig\');<br />\n$listenerOptions = new ListenerOptions($configuration[\'module_listener_options\']);<br />\n$defaultListeners = new DefaultListenerAggregate($listenerOptions);<br />\n$serviceListener = $serviceLocator-&amp;amp;gt;get(\'ServiceListener\');<br />\n$serviceListener-&amp;amp;gt;addServiceManager(<br />\n$serviceLocator,<br />\n\'service_manager\',<br />\n\'Zend\\ModuleManager\\Feature\\ServiceProviderInterface\',<br />\n\'getServiceConfig\'<br />\n);<br />\n$serviceListener-&amp;amp;gt;addServiceManager(<br />\n\'ControllerLoader\',<br />\n\'controllers\',<br />\n\'Zend\\ModuleManager\\Feature\\ControllerProviderInterface\',<br />\n\'getControllerConfig\'<br />\n);<br />\n$serviceListener-&amp;amp;gt;addServiceManager(<br />\n\'ControllerPluginManager\',<br />\n\'controller_plugins\',<br />\n\'Zend\\ModuleManager\\Feature\\ControllerPluginProviderInterface\',<br />\n\'getControllerPluginConfig\'<br />\n);<br />\n$serviceListener-&amp;amp;gt;addServiceManager(<br />\n\'ViewHelperManager\',<br />\n\'view_helpers\',<br />\n\'Zend\\ModuleManager\\Feature\\ViewHelperProviderInterface\',<br />\n\'getViewHelperConfig\'<br />\n);<br />\n$serviceListener-&amp;amp;gt;addServiceManager(<br />\n\'ValidatorManager\',<br />\n\'validators\',<br />\n\'Zend\\ModuleManager\\Feature\\ValidatorProviderInterface\',<br />\n\'getValidatorConfig\'<br />\n);<br />\n$serviceListener-&amp;amp;gt;addServiceManager(<br />\n\'FilterManager\',<br />\n\'filters\',<br />\n\'Zend\\ModuleManager\\Feature\\FilterProviderInterface\',<br />\n\'getFilterConfig\'<br />\n);<br />\n$serviceListener-&amp;amp;gt;addServiceManager(<br />\n\'FormElementManager\',<br />\n\'form_elements\',<br />\n\'Zend\\ModuleManager\\Feature\\FormElementProviderInterface\',<br />\n\'getFormElementConfig\'<br />\n);<br />\n$serviceListener-&amp;amp;gt;addServiceManager(<br />\n\'RoutePluginManager\',<br />\n\'route_manager\',<br />\n\'Zend\\ModuleManager\\Feature\\RouteProviderInterface\',<br />\n\'getRouteConfig\'<br />\n);<br />\n$serviceListener-&amp;amp;gt;addServiceManager(<br />\n\'SerializerAdapterManager\',<br />\n\'serializers\',<br />\n\'Zend\\ModuleManager\\Feature\\SerializerProviderInterface\',<br />\n\'getSerializerConfig\'<br />\n);<br />\n$serviceListener-&amp;amp;gt;addServiceManager(<br />\n\'HydratorManager\',<br />\n\'hydrators\',<br />\n\'Zend\\ModuleManager\\Feature\\HydratorProviderInterface\',<br />\n\'getHydratorConfig\'<br />\n);<br />\n$serviceListener-&amp;amp;gt;addServiceManager(<br />\n\'InputFilterManager\',<br />\n\'input_filters\',<br />\n\'Zend\\ModuleManager\\Feature\\InputFilterProviderInterface\',<br />\n\'getInputFilterConfig\'<br />\n);<br />\n$events = $serviceLocator-&amp;amp;gt;get(\'EventManager\');<br />\n$events-&amp;amp;gt;attach($defaultListeners);<br />\n$events-&amp;amp;gt;attach($serviceListener);<br />\n$moduleEvent = new ModuleEvent;<br />\n$moduleEvent-&amp;amp;gt;setParam(\'ServiceManager\', $serviceLocator);<br />\n$moduleManager = new ModuleManager($configuration[\'modules\'], $events);<br />\n$moduleManager-&amp;amp;gt;setEvent($moduleEvent);<br />\nreturn $moduleManager;<br />\n}</code></p>\n\n<p><code>}</code><br />\n[/code]</p>\n\n<p>Okay moving forward the \"<strong>createService\"</strong> gets invoked and this is a summary of what simply happens, but before we do that you might need to take a deep breath because a lot goes on this method, we will dive way deeper into the <del>Matrix </del> code. The <strong>ListenerOptions</strong> simply gets the following keys <strong><em>(\'module_listener_options\')</em></strong> from the \'<strong>ApplicationConfig</strong>\' (array of our configuration now in the ServiceManager). The <strong>ListenerOptions</strong> extends the <strong>AbstractOptions</strong> so the array becomes accessible like a property. e.g <em>$listenerOptions-&gt;modulePaths</em>, the <strong>DefaultListenerAggregate</strong> setups up the common listeners to the <strong>ModuleManager;</strong> to get more insights look at this official Zend Framework 2 documenation. <a href=\"http://framework.zend.com/manual/2.2/en/modules/zend.module-manager.module-manager.html\" target=\"_blank\" title=\"DefaultListenerAggregate\">More Info</a>.<br />\nThe <strong>EventManager</strong> gets pulled from the <strong>ServiceManager</strong> which also contains a <strong>SharedEventManager</strong> which the eventManager will look for the events in it, the principle is that Objects have their own EventManagers, the SharedEventManager simply holds other events that are owned by other object . This is might be a bit complex to understand at once, but here is an article that does a better job at explaining it. <a href=\"http://www.michaelgallego.fr/blog/2013/05/12/understanding-the-zend-framework-2-event-manager/\" target=\"_blank\" title=\"SharedEventManager/EventManagers\">SharedEventManagers/EventManagers</a><br />\nThe <strong>EventManager</strong> attaches the <em><strong>DefaultListener</strong> </em>and <em><strong>ServiceListener</strong></em>, this listeners will respond to several events during the life cycle of the application.</p>\n\n<p>[code lang=\"php\" title=\"DefaultListener\"]<br /><code>public function attach(EventManagerInterface $events)<br />\n{<br />\n$options = $this-&amp;amp;gt;getOptions();<br />\n$configListener = $this-&amp;amp;gt;getConfigListener();<br />\n$locatorRegistrationListener = new LocatorRegistrationListener($options);<br />\n// High priority, we assume module autoloading (for FooNamespace\\Module classes) should be available before anything else<br />\n$this-&amp;amp;gt;listeners[] = $events-&amp;amp;gt;attach(new ModuleLoaderListener($options));<br />\n$this-&amp;amp;gt;listeners[] = $events-&amp;amp;gt;attach(ModuleEvent::EVENT_LOAD_MODULE_RESOLVE, new ModuleResolverListener);<br />\n// High priority, because most other loadModule listeners will assume the module\'s classes are available via autoloading<br />\n$this-&amp;amp;gt;listeners[] = $events-&amp;amp;gt;attach(ModuleEvent::EVENT_LOAD_MODULE, new AutoloaderListener($options), 9000);<br />\nif ($options-&amp;amp;gt;getCheckDependencies()) {<br />\n$this-&amp;amp;gt;listeners[] = $events-&amp;amp;gt;attach(ModuleEvent::EVENT_LOAD_MODULE, new ModuleDependencyCheckerListener, 8000);<br />\n}<br />\n$this-&amp;amp;gt;listeners[] = $events-&amp;amp;gt;attach(ModuleEvent::EVENT_LOAD_MODULE, new InitTrigger($options));<br />\n$this-&amp;amp;gt;listeners[] = $events-&amp;amp;gt;attach(ModuleEvent::EVENT_LOAD_MODULE, new OnBootstrapListener($options));<br />\n$this-&amp;amp;gt;listeners[] = $events-&amp;amp;gt;attach($locatorRegistrationListener);<br />\n$this-&amp;amp;gt;listeners[] = $events-&amp;amp;gt;attach($configListener);<br />\nreturn $this;<br />\n}</code><br />\n[/code]</p>\n\n<p>This attaches itself to various events that would occur, and these events are associated with the Modules, as it calls every method from each Modules defined in the <strong>ApplicationConfig</strong>( in the config[\'modules\']), the OnBootstrap will be triggered from each Module and the init method. It would be very suicidal to have heavy codes in the <strong>onBootStrap</strong> or <strong>init</strong> method because as you can see this process will be called on every Page Request. While the <strong>ServiceListener</strong> will call the <strong>getServiceConfig</strong>,<strong>ViewHelperConfig</strong> and other methods related to the configuration of the service manager.<br />\nFinally the <strong>loadModules</strong> gets called and it triggers some events, any function that listens to these events get executed and each function will receive the event as its parameter allowing the function to gain information about the event and the parameters passed.</p>\n\n<p>[code lang=\"php\" title=\"Zend/Mvc/Application\"]<br /><code>public function loadModules()<br />\n{<br />\nif (true === $this-&amp;amp;gt;modulesAreLoaded) {<br />\nreturn $this;<br />\n}<br />\n$this-&amp;amp;gt;getEventManager()-&amp;amp;gt;trigger(ModuleEvent::EVENT_LOAD_MODULES, $this, $this-&amp;amp;gt;getEvent());<br />\n/**<br />\n* Having a dedicated .post event abstracts the complexity of priorities from the user.<br />\n* Users can attach to the .post event and be sure that important<br />\n* things like config merging are complete without having to worry if<br />\n* they set a low enough priority.<br />\n*/<br />\n$this-&amp;amp;gt;getEventManager()-&amp;amp;gt;trigger(ModuleEvent::EVENT_LOAD_MODULES_POST, $this, $this-&amp;amp;gt;getEvent());<br />\nreturn $this;<br />\n}</code><br />\n[/code]</p>\n\n<p>The next code that follows is the bootstrap method, the bootstrap method prepares the application as it retrieves all the listeners, which is then passed into the <strong>MvcEvent</strong>, looking at the code it fills up the <strong>MvcEvent</strong> with the necessary properties which will be used by the function that attaches to this event, an example is the <strong>setTarget</strong>(\'Application\') <strong>setRequest</strong>(), <strong>setResponse</strong>(). The trigger function causes all functions attached to the <strong>\'MvcEvent::BOOTSTRAP</strong>\' which is an alias for \'<strong>bootstrap</strong>\' to be executed. This pattern allows the application to be event driven such example exists in the JavaScript world \'Publish/Subscribe\'.<br />\nFinally the last method to be called is the run in the Zend/Mvc/Application</p>\n\n<p>[code lang=\"php\" title=\"Zend/Mvc/Application.php\"]&amp;amp;lt;/pre&amp;amp;gt;<br /><code>// Trigger route event<br />\n$result = $events-&amp;amp;gt;trigger(MvcEvent::EVENT_ROUTE, $event, $shortCircuit);<br />\nif ($result-&amp;amp;gt;stopped()) {<br />\n$response = $result-&amp;amp;gt;last();<br />\nif ($response instanceof ResponseInterface) {<br />\n$event-&amp;amp;gt;setTarget($this);<br />\n$event-&amp;amp;gt;setResponse($response);<br />\n$events-&amp;amp;gt;trigger(MvcEvent::EVENT_FINISH, $event);<br />\nreturn $response;<br />\n}<br />\nif ($event-&amp;amp;gt;getError()) {<br />\nreturn $this-&amp;amp;gt;completeRequest($event);<br />\n}<br />\nreturn $event-&amp;amp;gt;getResponse();<br />\n}<br />\nif ($event-&amp;amp;gt;getError()) {<br />\nreturn $this-&amp;amp;gt;completeRequest($event);<br />\n}<br />\n// Trigger dispatch event<br />\n$result = $events-&amp;amp;gt;trigger(MvcEvent::EVENT_DISPATCH, $event, $shortCircuit);<br />\n// Complete response<br />\n$response = $result-&amp;amp;gt;last();<br />\nif ($response instanceof ResponseInterface) {<br />\n$event-&amp;amp;gt;setTarget($this);<br />\n$event-&amp;amp;gt;setResponse($response);<br />\n$events-&amp;amp;gt;trigger(MvcEvent::EVENT_FINISH, $event);<br />\nreturn $response;<br />\n}<br />\n$response = $this-&amp;amp;gt;getResponse();<br />\n$event-&amp;amp;gt;setResponse($response);<br />\n$this-&amp;amp;gt;completeRequest($event);<br />\nreturn $this;<br />\n}</code><br />\n[/code]</p>\n\n<p>This method simply triggers different events during the Application life cycle and for each events triggered, it calls the listeners listening to that event. the last function calls the finish event, to let other listeners perform the necessary task during the final life cycle of the application, and this process is repeated again and again for each request.</p>');
INSERT INTO `field_blog_body` (`pages_id`, `data`) VALUES('1133', '<p>Hi so It\'s been a while since Ilast updated this blog, I recently got a mail from a developer urging me to keep writing tutorials so I decided to keep that up. However it should be noted that, the frequent update might not be as consistent as before due to office works and personal life. So to cut the long story short this is what I have been up to in the past few months.</p>\n\n<p></p>\n\n<h2>Angular Framework</h2>\n\n<p>I decided to get off my high-horses and embrace the factthat other JavaScript frameworks besidesDojotoolkit, after getting a lot of push from a friend (Larry), I gave it a shot and frankly I actually didn\'t like it at first but now am beginning to see the appeal in Angular. its quite easy to create an application and get down to business, however it\'s also easy to mess things up, How so ? Mixing controllers with DOM logics and not following best practices. However it should be noted that Angular 2.0 is in the pipelines and it\'s way better and more JavaScript like. I also gave Backbone, Can.JS a try well Backbone was a bit difficult to grasp Can.js was superb except i didn\'t like the fact that I couldn\'t load an external Mustache template if you know how please do comment and let me know.</p>\n\n<p></p>\n\n<h2>Ditching WordPress</h2>\n\n<p>Am sure by now you know that I practically have no love for Wordpress anymore, after inheritting a lot of projects with a crap codebase,I felt the need to leave the platform for something more flexible, and modular &amp; also a platform that doesn\'t make a developer\'s life hell. Currently am working with a Content Management Framework called <a href=\"http://processwire.com\" rel=\"nofollow\" target=\"_blank\" title=\"Processwire CMF\">Processwire</a> and i must admit, while not perfect its alot enjoyable than Wordpress and actually easy for users to manage without prior experience. Developers would appreciate the ease of templating and the concept of a Data Driven framework.</p>\n\n<p></p>\n\n<p><img alt=\"screenshot-fields2.png\" src=\"http://fi.processwire.com/site/assets/files/1/screenshot-fields2.png\" /></p>\n\n<h2></h2>\n\n<h2>TypeScript , Dojotoolkit 2.0 , Angular 2.0</h2>\n\n<p>By now you should have come across TypeScript (TS), well if you don\'t know TypeScript ;its a strict super-set of JavaScript (JS) which brings the power of static typing and Class based object oriented programming to JavaScript. So you may ask what\'s makes TypeScript special ?wellwe have CoffeeScript, but TypeScript doesn\'t require a different syntax unlike CoffeeScript, infact every JavaScript code is a valid Typescript code. However TS enhances JavaScript by offering Type annontations,Classes,Interfaces and Modules. This is something Ihave playing with and I have to admit its something I intend to adopt as it also compiles to ES5 andES6. Both the Dojotoolkit 2.0 and Angular 2.0 are adopting the TypeScript language to write against ES6 for their new releases.Here is a sample code of what TypeScript looks like</p>\n\n<pre>\n<code>class Student {\n    fullname : string;\n    constructor(public firstname, public middleinitial, public lastname) {\n        this.fullname = firstname + \" \" + middleinitial + \" \" + lastname;\n    }\n}\n\ninterface Person {\n    firstname: string;\n    lastname: string;\n}\n\nfunction greeter(person : Person) {\n    return \"Hello, \" + person.firstname + \" \" + person.lastname;\n}</code></pre>\n\n<h2></h2>\n\n<h2>Python and Raspberry Pi</h2>\n\n<p>I have currently taken an interest with the Raspberry Pi thingy, Imust admit, I stillpractically have no clue ofwhat kindof application I should be creating with it. But its quite fun you can get more information at CCHub; and the class is beenled by the one and only Desiree Craig.The fun part is that it\'s an opportunity for me to use Python for something fun as all my Python uses are either maintenance of logs or running tasks.</p>\n\n<p><img alt=\"img_20150314_133321.631x0-is.jpg\" src=\"/site/assets/files/1133/img_20150314_133321.631x0-is.jpg\" width=\"631\" /></p>\n\n<p></p>\n\n<h2></h2>\n\n<h2>Yii 2.0</h2>\n\n<p>Yii 2.0 is out nothing more to say, we now have support for namespaces, Dependency Injection and other cool stuffs, what we really need is a Yii 2.0 CMF , however Craft exist but it\'s not open-source, EasyiiCMS seems like the only option available for now.</p>\n\n<p>So let the fun start also if you have any fun technology I should be looking at please do let me know......as long as it\'s not wordpress.</p>');
INSERT INTO `field_blog_body` (`pages_id`, `data`) VALUES('1104', '\n<p dir=\"ltr\" style=\"line-height:1.5;margin-top:0pt;margin-bottom:0pt;\">\n	<span id=\"docs-internal-guid-2fe0df71-291c-43e4-a099-fa6179a3c8f2\"><span style=\"font-size: 15px; font-family: Arial; color: rgb(0, 0, 0); background-color: transparent; vertical-align: baseline; white-space: pre-wrap;\">Happy Holidays in Advance, 2013 has been a good year with lots of changes, revisions and updates to various APIs, libraries and new toolkits. 2014 is another year of promises, it presents the opportunity to branch out into&nbsp;newer technologies, it could be </span><span style=\"font-size: 15px; font-family: Arial; color: rgb(0, 0, 0); background-color: transparent; font-weight: bold; vertical-align: baseline; white-space: pre-wrap;\">HTML5 Canvas</span><span style=\"font-size: 15px; font-family: Arial; color: rgb(0, 0, 0); background-color: transparent; vertical-align: baseline; white-space: pre-wrap;\">, <strong>Server Sided </strong></span><span style=\"font-size: 15px; font-family: Arial; color: rgb(0, 0, 0); background-color: transparent; font-weight: bold; vertical-align: baseline; white-space: pre-wrap;\">JavaScript Development (NodeJS)</span><span style=\"font-size: 15px; font-family: Arial; color: rgb(0, 0, 0); background-color: transparent; vertical-align: baseline; white-space: pre-wrap;\">, </span><span style=\"font-size: 15px; font-family: Arial; color: rgb(0, 0, 0); background-color: transparent; font-weight: bold; vertical-align: baseline; white-space: pre-wrap;\">Zend Framework</span><span style=\"font-size: 15px; font-family: Arial; color: rgb(0, 0, 0); background-color: transparent; vertical-align: baseline; white-space: pre-wrap;\">, Game Creation using </span><span style=\"font-size: 15px; font-family: Arial; color: rgb(0, 0, 0); background-color: transparent; font-weight: bold; vertical-align: baseline; white-space: pre-wrap;\">Unity</span><span style=\"font-size: 15px; font-family: Arial; color: rgb(0, 0, 0); background-color: transparent; vertical-align: baseline; white-space: pre-wrap;\">, or even Desktop Applications with </span><span style=\"font-size: 15px; font-family: Arial; color: rgb(0, 0, 0); background-color: transparent; font-weight: bold; vertical-align: baseline; white-space: pre-wrap;\">WPF </span><span style=\"font-size: 15px; font-family: Arial; color: rgb(0, 0, 0); background-color: transparent; vertical-align: baseline; white-space: pre-wrap;\">and </span><span style=\"font-size: 15px; font-family: Arial; color: rgb(0, 0, 0); background-color: transparent; font-weight: bold; vertical-align: baseline; white-space: pre-wrap;\">Xaml</span><span style=\"font-size: 15px; font-family: Arial; color: rgb(0, 0, 0); background-color: transparent; vertical-align: baseline; white-space: pre-wrap;\">. </span></span>\n</p>\n<p dir=\"ltr\" style=\"line-height:1.5;margin-top:0pt;margin-bottom:0pt;\">\n	&nbsp;\n</p>\n<p dir=\"ltr\" style=\"line-height:1.5;margin-top:0pt;margin-bottom:0pt;\">\n	<span id=\"docs-internal-guid-2fe0df71-291c-43e4-a099-fa6179a3c8f2\"><span style=\"font-size: 15px; font-family: Arial; color: rgb(0, 0, 0); background-color: transparent; vertical-align: baseline; white-space: pre-wrap;\">&nbsp;&nbsp; &nbsp;Regardless of what technology, you plan to jump into, getting a starting point of how to adapt to the technology often becomes a problem, which why people often invest in Programming books and videos e.t.c.</span></span>\n</p>\n<p>\n	<span id=\"docs-internal-guid-2fe0df71-291c-43e4-a099-fa6179a3c8f2\"><span style=\"font-size: 15px; font-family: Arial; color: rgb(0, 0, 0); background-color: transparent; vertical-align: baseline; white-space: pre-wrap;\">Packt Publishing; a publishing company is having an eBook Bonanza which offers all its books and videos for 5 dollars, :o seriously am not kidding, that&rsquo;s even cheaper than beer money, However the offer lasts till January 3rd so ensure to pick your selection, while these offer stands.</span></span>\n</p>\n<p>\n	<img src=\"/processwire/site/assets/files/1104/782x300_main_banner.jpg\"></p>\n<p>\n	&nbsp;\n</p>\n<p>\n	<span id=\"docs-internal-guid-2fe0df71-291d-11f0-d6e4-00f1583edeaf\"><span style=\"font-size: 15px; font-family: Arial; color: rgb(0, 0, 0); background-color: transparent; vertical-align: baseline; white-space: pre-wrap;\">For more information you can click <a href=\"http://bit.ly/1jdCr2W\" target=\"_blank\">here</a> to find out about the offer</span></span></p>\n');
INSERT INTO `field_blog_body` (`pages_id`, `data`) VALUES('1105', '\n<p dir=\"ltr\">\n	<strong><span id=\"docs-internal-guid-6cb0d945-729f-cd9f-b5ac-41e867fc2eba\">Introduction</span></strong>\n</p>\n<p dir=\"ltr\">\n	&nbsp; &nbsp; &nbsp; &nbsp; &nbsp; &nbsp; &nbsp; &nbsp; &nbsp; &nbsp; &nbsp; &nbsp;Zend Framework has come a long way from Zend Framework 1 to the current version Zend Framework 2; Zend Framework 2 is a complete re-write from the ground, it has been built with flexible and good pratices. A lot of its component have been modified to ensure it fits into it\'s current goal, This book focuses on using the framework to create a social network, using Zend Framework 2 components and patterns to illustrate to users ways; application can be built on the framework.\n</p>\n<p dir=\"ltr\">\n	&nbsp;\n</p>\n<p>\n	<!--more-->\n</p>\n<p dir=\"ltr\">\n	<a href=\"/processwire/site/assets/files/1105/zf2cover.png\"><img alt=\"zf2cover\" class=\"align_right size-full wp-image-335\" height=\"640\" src=\"/processwire/site/assets/files/1105/zf2cover.496x640.png\" width=\"496\"></a>\n</p>\n<p dir=\"ltr\">\n	&nbsp;\n</p>\n<p dir=\"ltr\">\n	<strong><span id=\"docs-internal-guid-6cb0d945-729f-cd9f-b5ac-41e867fc2eba\">Chapter 1: Let&rsquo;s Build a Social Network</span></strong>\n</p>\n<p dir=\"ltr\">\n	&nbsp;\n</p>\n<p dir=\"ltr\">\n	<span id=\"docs-internal-guid-6cb0d945-729f-cd9f-b5ac-41e867fc2eba\">&nbsp;&nbsp;&nbsp;&nbsp;&nbsp;&nbsp;&nbsp;&nbsp;&nbsp;&nbsp;&nbsp; Chapter 1 introduces the Zend Framework and explains why users should adopt the framework, while giving an historical background of the Zend Framework 1, it also deals with the task at hand, it envisions the project of building a social network using an API centric approach, so as to expose its functions and features to numerous clients. It also gives reasons for the choice of the pattern and the features of the social network that will be created using the Zend Framework 2.0.</span>\n</p>\n<p dir=\"ltr\">\n	&nbsp;\n</p>\n<p dir=\"ltr\">\n	<strong><span id=\"docs-internal-guid-6cb0d945-729f-cd9f-b5ac-41e867fc2eba\">Chapter 2: Setting up the Environment</span></strong>\n</p>\n<p dir=\"ltr\">\n	<span id=\"docs-internal-guid-6cb0d945-729f-cd9f-b5ac-41e867fc2eba\">&nbsp;&nbsp;&nbsp;&nbsp;&nbsp;&nbsp;&nbsp;&nbsp;&nbsp;&nbsp;&nbsp; Chapter 2 focuses on a new tool called &ldquo;Vagrant&rdquo; which allows you to customize your Virtual Machine per projects, it simply involves running a script which pre-configures your virtual machine for the project.</span>\n</p>\n<p>\n	&nbsp;\n</p>\n<p dir=\"ltr\">\n	<strong><span id=\"docs-internal-guid-6cb0d945-729f-cd9f-b5ac-41e867fc2eba\">Chapter 3: Scratching the Surface of Zend Framework 2</span></strong>\n</p>\n<p dir=\"ltr\">\n	<span id=\"docs-internal-guid-6cb0d945-729f-cd9f-b5ac-41e867fc2eba\">&nbsp;&nbsp;&nbsp;&nbsp;&nbsp;&nbsp;&nbsp;&nbsp;&nbsp;&nbsp;&nbsp; Chapter 3 touches the core aspect of Zend Framework 2, it touches on the components which Zend Framework 2 is built upon; it\'s important to highlight that understanding this chapter is a big step towards mastering the framework. The following important topics are covered in this chapter:</span>\n</p>\n<p dir=\"ltr\">\n	<span id=\"docs-internal-guid-6cb0d945-729f-cd9f-b5ac-41e867fc2eba\">&middot; &nbsp;&nbsp;&nbsp;&nbsp;&nbsp;&nbsp;&nbsp;&nbsp;</span><em><strong>The Configuration Array</strong></em>: The Array Configuration responsible for &nbsp;bootstrapping the application.\n</p>\n<p dir=\"ltr\">\n	<span id=\"docs-internal-guid-6cb0d945-729f-cd9f-b5ac-41e867fc2eba\">&middot; &nbsp;&nbsp;&nbsp;&nbsp;&nbsp;&nbsp;&nbsp;&nbsp;</span><em><strong>PSR-0 and Autoloaders</strong></em>: Mapping of PHP classes to Physical files and how to load them.\n</p>\n<p dir=\"ltr\">\n	<span id=\"docs-internal-guid-6cb0d945-729f-cd9f-b5ac-41e867fc2eba\">&middot; &nbsp;&nbsp;&nbsp;&nbsp;&nbsp;&nbsp;&nbsp;<em><strong>&nbsp;</strong></em></span><em><strong>Service Manager</strong></em>: &nbsp;The core concept of this is Service Locator Pattern, it retrieves other objects for use and stores objects.\n</p>\n<p dir=\"ltr\">\n	<span id=\"docs-internal-guid-6cb0d945-729f-cd9f-b5ac-41e867fc2eba\">&middot; &nbsp;&nbsp;&nbsp;&nbsp;&nbsp;&nbsp;&nbsp;&nbsp;</span><em><strong>Event Manager</strong></em>: &nbsp;This allows the framework to have Event-driven architecture, it deals mostly with Publishing and Subscribing of events.\n</p>\n<p dir=\"ltr\">\n	<span id=\"docs-internal-guid-6cb0d945-729f-cd9f-b5ac-41e867fc2eba\">&middot; &nbsp;&nbsp;&nbsp;&nbsp;&nbsp;&nbsp;&nbsp;<em><strong>&nbsp;</strong></em></span><em><strong>Module Manager</strong></em>: &nbsp;An important feature that allows the framework to be Modular and decoupled, the core principle behind this is to further allow reusability among developers.\n</p>\n<p dir=\"ltr\">\n	<span id=\"docs-internal-guid-6cb0d945-729f-cd9f-b5ac-41e867fc2eba\">&middot; &nbsp;&nbsp;&nbsp;&nbsp;&nbsp;&nbsp;&nbsp;&nbsp;</span><em><strong>Request Object</strong></em>: &nbsp;An API built with as a wrapper around the $_REQUEST in PHP, it exposes useful methods and properties on the $_REQUEST environment variable.\n</p>\n<p dir=\"ltr\">\n	<span id=\"docs-internal-guid-6cb0d945-729f-cd9f-b5ac-41e867fc2eba\">&middot; &nbsp;&nbsp;&nbsp;&nbsp;&nbsp;&nbsp;&nbsp;&nbsp;</span><em><strong>Router</strong></em>: explains how the router the URL &nbsp;and dispatches it to the relevant controller, it also breaks down several available routers e.g. SimpleRouteStack, TreeRouteStack e.t.c\n</p>\n<p dir=\"ltr\">\n	<span id=\"docs-internal-guid-6cb0d945-729f-cd9f-b5ac-41e867fc2eba\">&middot; &nbsp;&nbsp;&nbsp;&nbsp;&nbsp;&nbsp;&nbsp;&nbsp;</span><em><strong>Controller &nbsp;Plugins</strong></em>: &nbsp;This allows &nbsp;you to use a plugin inside a controller , an example of such is the FlashMessenger &nbsp;plugin.\n</p>\n<p dir=\"ltr\">\n	<span id=\"docs-internal-guid-6cb0d945-729f-cd9f-b5ac-41e867fc2eba\">&middot; &nbsp;&nbsp;&nbsp;&nbsp;&nbsp;&nbsp;&nbsp;<em><strong>&nbsp;</strong></em></span><em><strong>AbstractRestfulController</strong></em>: &nbsp;this &nbsp;differs from the AbstractController which handles the controller and its action, in this class it maps all its actions to REST methods.\n</p>\n<p dir=\"ltr\">\n	<span id=\"docs-internal-guid-6cb0d945-729f-cd9f-b5ac-41e867fc2eba\">&middot; &nbsp;&nbsp;&nbsp;&nbsp;&nbsp;&nbsp;&nbsp;&nbsp;</span><em><strong>Response Object</strong></em>: Just as the request object, the response objects is a wrapper around the HTTP response data.\n</p>\n<p dir=\"ltr\">\n	&nbsp;\n</p>\n<p dir=\"ltr\">\n	<span id=\"docs-internal-guid-6cb0d945-729f-cd9f-b5ac-41e867fc2eba\">&nbsp;&nbsp;&nbsp;&nbsp;&nbsp;&nbsp;&nbsp;&nbsp;&nbsp;&nbsp;&nbsp; The chapter closes with creating a working example of from the request to the response which is returned in a view, this chapter gives you a feel of how the basic operation of the framework works.</span>\n</p>\n<p dir=\"ltr\">\n	&nbsp;\n</p>\n<p dir=\"ltr\">\n	<strong><em><span id=\"docs-internal-guid-6cb0d945-729f-cd9f-b5ac-41e867fc2eba\">Chapter 4: The First Request/Response &ndash; Building the User Wall</span></em></strong>\n</p>\n<p dir=\"ltr\">\n	<span id=\"docs-internal-guid-6cb0d945-729f-cd9f-b5ac-41e867fc2eba\">&nbsp;&nbsp;&nbsp;&nbsp;&nbsp;&nbsp;&nbsp; This &nbsp;section focuses on building the user wall of the social network platform, it explains getting data from the database and displaying them on the frontend. It also touches on the </span>AbstractRestfulController which will be used to create an API which will expose the data for the social network. &nbsp;In order to achieve this feat it covers the following &nbsp;topics:\n</p>\n<p dir=\"ltr\">\n	<span id=\"docs-internal-guid-6cb0d945-729f-cd9f-b5ac-41e867fc2eba\">&middot; &nbsp;&nbsp;&nbsp;&nbsp;&nbsp;&nbsp;&nbsp;&nbsp;</span>Working with Database: Using Vagrant to connect to MySql and setting up sample data.\n</p>\n<p dir=\"ltr\">\n	<span id=\"docs-internal-guid-6cb0d945-729f-cd9f-b5ac-41e867fc2eba\">a)</span> &nbsp;&nbsp;&nbsp;&nbsp;Zend\\Db\\TableGateway\n</p>\n<p dir=\"ltr\">\n	<span id=\"docs-internal-guid-6cb0d945-729f-cd9f-b5ac-41e867fc2eba\">b)</span> &nbsp;&nbsp;&nbsp;&nbsp;Zend\\Db\\Adapter\n</p>\n<p dir=\"ltr\">\n	<span id=\"docs-internal-guid-6cb0d945-729f-cd9f-b5ac-41e867fc2eba\">c)</span> &nbsp;&nbsp;&nbsp;&nbsp;&nbsp;Zend\\Db\\RowGateway\n</p>\n<p dir=\"ltr\">\n	<span id=\"docs-internal-guid-6cb0d945-729f-cd9f-b5ac-41e867fc2eba\">&middot; &nbsp;&nbsp;&nbsp;&nbsp;&nbsp;&nbsp;&nbsp;&nbsp;</span>Setting up the connection\n</p>\n<p dir=\"ltr\">\n	<span id=\"docs-internal-guid-6cb0d945-729f-cd9f-b5ac-41e867fc2eba\">&middot; &nbsp;&nbsp;&nbsp;&nbsp;&nbsp;&nbsp;&nbsp;&nbsp;</span>ViewManager Configuration\n</p>\n<p dir=\"ltr\">\n	<span id=\"docs-internal-guid-6cb0d945-729f-cd9f-b5ac-41e867fc2eba\">The chapter dives into various topics which such as the module configuration and setting the response to JSON to be consumed by applications.</span>\n</p>\n<p dir=\"ltr\">\n	&nbsp;\n</p>\n<p dir=\"ltr\">\n	&nbsp;\n</p>\n<p dir=\"ltr\">\n	&nbsp;\n</p>\n<p dir=\"ltr\">\n	<strong><span id=\"docs-internal-guid-6cb0d945-729f-cd9f-b5ac-41e867fc2eba\">Chapter 5: Handling Text Content - Posting Text</span></strong>\n</p>\n<p dir=\"ltr\">\n	<span id=\"docs-internal-guid-6cb0d945-729f-cd9f-b5ac-41e867fc2eba\">&nbsp;&nbsp;&nbsp;&nbsp;&nbsp;&nbsp;&nbsp;&nbsp;&nbsp;&nbsp;&nbsp; All Social networks involves posting data, this explains using Zend Framework to handle this process by creating the form with the Zend\\Form class and Zend\\Input Filter which handles the validation on the server side, and ways to also secure yourself using the CSRF, at the end of this chapter users will gain the knowledge of creating forms and storing them in the databases, and also Form Validations in ZF2.</span>\n</p>\n<p dir=\"ltr\">\n	&nbsp;\n</p>\n<p dir=\"ltr\">\n	<strong><span id=\"docs-internal-guid-6cb0d945-729f-cd9f-b5ac-41e867fc2eba\">Chapter 6: Working With images - Publishing Images</span></strong>\n</p>\n<p dir=\"ltr\">\n	<span id=\"docs-internal-guid-6cb0d945-729f-cd9f-b5ac-41e867fc2eba\">This covers using the Zend\\Form to handle file uploads, and adding validation for the files, it also further dives into manipulating the image upon uploading the file. This chapter will expose you with relevant filters to use while handling Files and Zend\\Form\\Elements to use to handle file uploads.</span>\n</p>\n<p dir=\"ltr\">\n	&nbsp;\n</p>\n<p dir=\"ltr\">\n	<strong><span id=\"docs-internal-guid-6cb0d945-729f-cd9f-b5ac-41e867fc2eba\">Chapter 7: Dealing with URL - Posting Links</span></strong>\n</p>\n<p dir=\"ltr\">\n	<span id=\"docs-internal-guid-6cb0d945-729f-cd9f-b5ac-41e867fc2eba\">&nbsp;&nbsp;&nbsp;&nbsp;&nbsp;&nbsp;&nbsp;&nbsp;&nbsp;&nbsp;&nbsp; In this chapter the user will get the opportunity to use the Zend\\Http\\Client class to fetch the website information and title, a feature similar to Facebook posting. it also shows how to create a customer Validator to be used by the Zend\\Form.</span>\n</p>\n<p dir=\"ltr\">\n	&nbsp;\n</p>\n<p dir=\"ltr\">\n	<strong><span id=\"docs-internal-guid-6cb0d945-729f-cd9f-b5ac-41e867fc2eba\">Chapter 8: Dealing with Spam - Akismet to the rescue</span></strong>\n</p>\n<p dir=\"ltr\">\n	<span id=\"docs-internal-guid-6cb0d945-729f-cd9f-b5ac-41e867fc2eba\">&nbsp;&nbsp;&nbsp;&nbsp;&nbsp;&nbsp;&nbsp;&nbsp;&nbsp;&nbsp;&nbsp; Just like every social networks and platform, spams are a reckon to deal with, this chapter equips you with the ZendService class; &nbsp;this class deals with interacting with third party APIs by simply using the methods of each service. You will create a Custom Validator around the Akismet API to ascertain if the comment is a spam. After this chapter you will gain more knowledge about the ZendService and some useful components such as the Zend\\Crypt\\Password.</span>\n</p>\n<p dir=\"ltr\">\n	&nbsp;\n</p>\n<p dir=\"ltr\">\n	<strong><span id=\"docs-internal-guid-6cb0d945-729f-cd9f-b5ac-41e867fc2eba\">Chapter 9:Let\'s Read Feeds - A News Reader</span></strong>\n</p>\n<p dir=\"ltr\">\n	<span id=\"docs-internal-guid-6cb0d945-729f-cd9f-b5ac-41e867fc2eba\">&nbsp;&nbsp;&nbsp;&nbsp;&nbsp;&nbsp;&nbsp;&nbsp;&nbsp;&nbsp;&nbsp; The introduces various topics such as CLI (Command Line Interface, CronJobs, Feeds), this chapter will inform the user on how to create cli applications, and running them via </span>cronjob (a Unix program) also modifying to the router to dispatch the appropriate controllers and action for each url. &nbsp;This chapter will expose you to creating scheduled tasks, developing cli applications in Zend Framework 2,Zend\\Feeds &nbsp;and other important classes necessary to achieve this feat.\n</p>\n<p dir=\"ltr\">\n	&nbsp;\n</p>\n<p dir=\"ltr\">\n	<strong><span id=\"docs-internal-guid-6cb0d945-729f-cd9f-b5ac-41e867fc2eba\">Chapter 10: Sign Up</span></strong>\n</p>\n<p dir=\"ltr\">\n	<span id=\"docs-internal-guid-6cb0d945-729f-cd9f-b5ac-41e867fc2eba\">&nbsp;&nbsp;&nbsp;&nbsp;&nbsp;&nbsp;&nbsp;&nbsp;&nbsp;&nbsp;&nbsp; Using the previous knowledge on Zend\\Form and Zend\\Filters, the developer creates the sign-up form from which users fill to use the social network, this chapter will dig deep into using additional Filters and Validations supported by Zend Framework to achieve the solution.</span>\n</p>\n<p dir=\"ltr\">\n	&nbsp;\n</p>\n<p dir=\"ltr\">\n	<strong><span id=\"docs-internal-guid-6cb0d945-729f-cd9f-b5ac-41e867fc2eba\">Chapter 11: Log In</span></strong>\n</p>\n<p dir=\"ltr\">\n	<span id=\"docs-internal-guid-6cb0d945-729f-cd9f-b5ac-41e867fc2eba\">&nbsp;&nbsp;&nbsp;&nbsp;&nbsp;&nbsp;&nbsp;&nbsp;&nbsp;&nbsp;&nbsp; you will learn a lot of concept such as authentication of user using the </span>AuthenticationService. The chapter explains the use of AuthenticationService with the Authentication Adapter which checks the credentials against a data-source (MySql Database) and permission of the application using the ACL (Access Control List).\n</p>\n<p dir=\"ltr\">\n	&nbsp;\n</p>\n<p dir=\"ltr\">\n	<strong><span id=\"docs-internal-guid-6cb0d945-729f-cd9f-b5ac-41e867fc2eba\">Chapter 12: Sending an Email</span></strong>\n</p>\n<p dir=\"ltr\">\n	<span id=\"docs-internal-guid-6cb0d945-729f-cd9f-b5ac-41e867fc2eba\">&nbsp;&nbsp;&nbsp;&nbsp;&nbsp;&nbsp;&nbsp;&nbsp;&nbsp;&nbsp;&nbsp; This chapter focuses on the popular Zend component Zend\\Mail, however unlike traditional form of sending images, the chapter reveals numerous methodology of sending mails and the necessary classes to adopt.</span> &nbsp;The author goes further to explain the role of the class PhpRenderer in association with the email templates, towards the ending of the chapter; the author gives suggestion of features to be implemented, in order test the user on his knowledge about the framework(Zend Framework 2).\n</p>\n<p dir=\"ltr\">\n	&nbsp;\n</p>\n<p dir=\"ltr\">\n	<strong><span id=\"docs-internal-guid-6cb0d945-729f-cd9f-b5ac-41e867fc2eba\">Chapter 13: OAuth 2.0 Protocol Securing our API</span></strong>\n</p>\n<p dir=\"ltr\">\n	<span id=\"docs-internal-guid-6cb0d945-729f-cd9f-b5ac-41e867fc2eba\">&nbsp;&nbsp;&nbsp;&nbsp;&nbsp;&nbsp;&nbsp;&nbsp;&nbsp;&nbsp;&nbsp; Chapter 13 illustrates the procedures involved in securing the API of the social network, as to avoid being abused due to the fact of it being exposes, the chapter shows the use of Oauth 2.0 to secure the API, this chapter requires subsequent reading; as it uses both the ServiceManager and EventManager &nbsp;to handle the process. a bit is mentioned on the session class Zend\\Session\\Container.</span>\n</p>\n<p>\n	&nbsp;\n</p>\n<p dir=\"ltr\">\n	<span id=\"docs-internal-guid-6cb0d945-729f-cd9f-b5ac-41e867fc2eba\">Summary</span>\n</p>\n<p dir=\"ltr\">\n	<span id=\"docs-internal-guid-6cb0d945-729f-cd9f-b5ac-41e867fc2eba\">&nbsp;&nbsp;&nbsp;&nbsp;&nbsp;&nbsp;&nbsp;&nbsp;&nbsp;&nbsp;&nbsp; Zend Framework 2 Application Development</span> &nbsp;is a straightforward that attempts to cover the rudiments of Zend Framework 2 with few words. The book is really interesting because it covers the core concept on which Zend Framework 2 was built upon. Zend Framework 2 Application will gives the user a sense of understanding about the framework equipping the user to have a general knowledge; from which the user would be able to move on and tackle more complex issues. However my personal opinion is that users might need to read this subsequently to fully grasp the framework, as the learning curve involved is quite high.\n</p>\n<p dir=\"ltr\">\n	<a href=\"http://www.packtpub.com/zend-framework-2-application-development/book\" target=\"_blank\">GET THE BOOK</a>\n</p>\n<p dir=\"ltr\">\n	<strong><span id=\"docs-internal-guid-6cb0d945-729f-cd9f-b5ac-41e867fc2eba\">About &nbsp;the Author</span></strong>\n</p>\n<p dir=\"ltr\">\n	<span id=\"docs-internal-guid-6cb0d945-729f-cd9f-b5ac-41e867fc2eba\">Christopher Valles is a Software Engineer from Barcelona, Spain, currently based in London, UK. He started developing when he was seven using a Vtech kid laptop that was strangely shipped with a simple version of the BASIC programming language. Since then, he has explored more than 16 different programming languages ranging from Assembler to PHP, Python, and GO. The sectors where Chris has worked ranges from adult content websites and payment processors to social networks and the gaming industry. Presently, he\'s working as a Software Engineer at Hailo Networks, Ltd.</span></p>\n');
INSERT INTO `field_blog_body` (`pages_id`, `data`) VALUES('1106', '<p dir=\"ltr\">This is another Packt review, and this time , its a book titled &#x201c;Mastering NodeJS&#x201d;, this might be my biggest review so far because this book packs a lot of information. I hope you read and enjoy the review on the book.</p>\n<p dir=\"ltr\"><!--more--></p>\n<h2 dir=\"ltr\">Chapter 1 : Understanding the NodeJS Environment</h2>\n<p dir=\"ltr\">The chapter starts with the motive and concept behind NodeJS, it highlights the current situation about current technology and how NodeJS can solve existing issues such as the ability to scale and efficiently serve multiple connections without bottlenecks. A few notes also, on why the adoption of JavaScript &#x00a0;was selected as the language to power NodeJS. It also covers other important and essential topics such as Events and Modularity(seperating code files), this two topics sums up the pattern through which NodeJS Applications are written, and also touches on the Modular Pattern adopted &#x201c;CommonJS&#x201d; and the famous packaging system NPM (Node Packaging Management). The author goes deeper to touch on the Google V8 (JavaScript Engine built in C++) and Harmony, however this topics are a bit advanced to beginners but nevertheless but still readers should at least get to know the internals, it concludes the chapter with the explanation of the &#x201c;Process Object&#x201d; and the REPL (Read Eval Print Loop) aka NodeJS Shell.</p>\n<h2 dir=\"ltr\">Chapter 2: Understanding Asynchronous Event-Driven Programming</h2>\n<p dir=\"ltr\">This is arguably no doubt one of the most important and longest chapter in this book, and it deserves to be; as Asynchronous Event-driven Programming is a bit different from other pattern of programming especially coming from a Blocking environment like PHP. The chapters requires a careful read and also this will serve as a reference point due to its complexity. The chapter dives into the asynchronous pattern used in writing NodeJS applications and explains the various concepts around it. The &#x201c;EventEmitter&#x201d;\'s role will be explained in this chapter, Signals and Forking (creating child processes) are also explained in a detailed manner. A lot of useful tools are really explained here and especially the most important part &#x201c;Event Loop&#x201d;. My personal advice is to read this chapter repeatedly so as to get a good grasp.</p>\n<h2 dir=\"ltr\">Chapter 3: Streaming Data Across Nodes and Clients</h2>\n<p dir=\"ltr\">This chapter covers the various interfaces needed for the abstract Stream. It covers the readable Streams, publishing,pulling,writable streams and Duplex streams,the author shows how an HTTP Server can be created in node and send data to the client, personally if you are using NodeJS for web applications, you might want to spend a lot of time looking at this chapter. It covers a lot on the Request Object; and using the Query String to parse GET variables from the URL, handling of POST Data, setting of cookies, Responses and writing to HTTP headers.</p>\n<h2 dir=\"ltr\">Chapter 4: Using Node to Access the FileSystem</h2>\n<p dir=\"ltr\">This chapters givers a history and overview of the file system, and the interface that NodeJS provides to enable you write data easily and also manipulate file information systems. The author was kind enough to throw some important foundation knowledge such as how UNIX treats files. As usual numerous examples are carefully constructed to introduce you to various types of operations ranging from &#x201c;reading from directories,reading files,creating a writable stream, file operations and also handling file uploads&#x201d;. By the end of the chapter; the reader would gain a lot of information about NodeJS and accessing and writing to files and streams.</p>\n<h2 dir=\"ltr\">Chapter 5: Managing Simultaneous Connections</h2>\n<p dir=\"ltr\">This chapter talks mostly on concurrency and multiple connections, it talks about the C10k problem, the design architecture of a network that handles 10,000 simultaneous users. In this chapter the author will break down the principles of concurrency and also parallelism. This is the first chapter that introduces Third Party libraries; it talks about managing routes with Express ; a popular NodeJS Framework and Redis an in-memory database. It covers other topics such as authentication,session,cookies and handshakes.</p>\n<h2 dir=\"ltr\">Chapter 6: Creating Real Time Applications</h2>\n<p dir=\"ltr\">This chapter focuses on the development of a real time application , and it covers the following by touching 3 different approaches AJAX, WebSockets and SSE (Server Sided events). This chapter also provides codes and the type of real time application that can be built for collaborative purposes. In this chapter you will be shown how to build a similar Google Doc- like application and how others can edit it. However I would advise for readers to take time to practice with an idea of a collaborative simple application to gain more experience.</p>\n<h2 dir=\"ltr\">Chapter 7: Utilizing Multiple Processes</h2>\n<p dir=\"ltr\">Chapter 7 speaks about achieving parallelism, and working with numerous processes, it also sheds light on both the pattern of Single Thread programming and Multi-Threaded and explains the complexity behind Multi-threading such as thread synchronization. This chapter really goes deep by giving a detailed explanation behind Multi-threading and also the project &#x201c;libuv&#x201d;, a C++ project that is based on asynchronous programming and event-driven pattern. You will be introduced to the ChildProcess object which is responsible for spawning (creating) processes, with this you can fork a &#x00a0;child process to run a task such as invoking the terminal to get PHP information or running a python script and returning the result into NodeJS, you can supply command and arguments. What\'s more interesting is that, when a parent forks a child processes, the child process can communicate with the parent object and vice -versa. This chapter is highly detailed and interesting.</p>\n<h2 dir=\"ltr\">Chapter 8: Scaling your Application</h2>\n<p dir=\"ltr\">Building your application is half of the job, scaling become an issue especially when the application becomes extremely popular, in this chapter the authors explains a lot of topics ranging from Network latency,HOT CPU and others. The readers will also be introduced to tools to monitor performance and memory usage, such examples being the AB Apache Bench, a popular tool used for benchmarking web application and simulating HTTP Requests. A lot of tools and services are covered in this chapter.</p>\n<h2 dir=\"ltr\">Chapter 9:Testing your Application</h2>\n<p dir=\"ltr\">NodeJS just like any other environment has certain tools to enable you ensure your application performs in the intended manner, luckily with the advent of NPM (NodeJS Package Manager) testing in NodeJS is quite easy. This chapter iterates on the principles behind testing and types of testing to be made. e.g such as Unit Testing, Functional Testing , Integration Testing. It also covers native debugging tools provided by NodeJS and covers the two terms &#x201c;Errors&#x201d; and &#x201c;Exceptions&#x201d;. The author covers testing a NodeJS application using the following tools : ZombieJS, Mocha,Grunt and PhantomJS</p>\n<h2 dir=\"ltr\">Appendix A : Organizing your Code</h2>\n<p dir=\"ltr\">Simply put this chapter talks about using NPM and the style/manner in which NodeJS modules are installed. It covers guides on code organization and how you can share your repository with others. Remember someone out there might need your module.</p>\n<h2 dir=\"ltr\">Appendix B : Introducing the Path Framework</h2>\n<p dir=\"ltr\">This chapter introduces the Path Framework to the user and gives reasons why users should adopt the framework for NodeJS Development.</p>\n<h2 dir=\"ltr\">Appendix C : Creating your own C++ Addons</h2>\n<p dir=\"ltr\">This chapter covers how you can create your own C++ add-ons and expose them through the NodeJS header file. This chapter might be a bit complex to users with no C++ knowledge therefore a good knowledge on C++ and OOP would be essential.</p>\n<h2 dir=\"ltr\">Conclusion</h2>\n<p>Basically the book is no doubt a very detailed book that manages to cover complicated issues and shed lights on lots of principles and paradigms over the choice of selected patterns used in NodeJS Application. Mastering NodeJS is quite a read, &#x00a0;as it really broke down the architecture design of NodeJS, its event-driven programming style and good insights over why certain style of coding are adopted in NodeJS. This book will cater to users new to NodeJS, who want to go beyond the basic use of Nodejs and master the framework and understand why NodeJS operates the way it does. Personally I would recommend users to understand JavaScript and some important topics such as Callbacks and Closures, and also this book would require a lot of coming back to; to enable users grasp the framework and what it has to offer. Overall its a real good read and got to understand some new things and concepts.</p>\n<h2 style=\"text-align: left;\">About the Author</h2>\n<p>Sandro Pasquali began writing games on a Commodore PET in grade school, and hasn\'t looked back. A polyglot programmer, who started with BASIC and assembly, his journey through C, Perl, and PHP led to JavaScript and the browser in 1995. He was immediately hooked on a vision of browsers as the software delivery mechanism of the future. By 1997 he had formed Simple.com , a technology company selling the world\'s first JavaScript-based application development framework, patenting several technologies and techniques that have proven prescient. Node represents for him only the natural next step in an inevitable march towards the day when all software implementations, and software users, are joined within a collaborative information network. He has led the design of enterprise-grade applications for some of the largest companies in the world, including Nintendo, Major League Baseball, Bang and Olufsen, LimeWire, and others. He has displayed interactive media exhibits during the Venice Biennial, won design awards, built knowledge management tools for research institutes and schools, and has started and run several startups. Always seeking new ways to blend design excellence and technical innovation, he has made significant contributions across all levels of software architecture, from data management and storage tools to innovative user interfaces and frameworks. He now works to mentor a new generation of developers also bitten by the collaborative software bug, especially the rabid ones.</p>\n<p><a href=\"http://www.packtpub.com/mastering-nodejs/book\" target=\"_blank\">Visit the link</a></p>\n');
INSERT INTO `field_blog_body` (`pages_id`, `data`) VALUES('1107', '<p><a href=\"/processwire/site/assets/files/1107/2000th-book-home-page-banner.png\"><img alt=\"2000th-Book-Home-Page-Banner\" class=\"align_right\" src=\"/site/assets/files/1107/2000th-book-home-page-banner.png\" /></a></p>\n\n<p>We, at Packt Publishing are launching an exciting campaign to coincide with the release of our 2000th title. During this offer Packt is giving its reader a chance to dive into their comprehensive catalog and Buy One, Get One Free across their entire range of eBooks.</p>\n\n<p>The campaign begins on 18th-Mar-2014 and will continue up until 26th-Mar-2014. Following are the benefits readers can avail during this campaign.</p>\n\n<p>Unlimited purchases during the offer period</p>\n\n<p>Offer is automatically applied at checkout</p>\n\n<p></p>\n\n<p>For more Information visit the following link <a href=\"http://bit.ly/1j26nPN%20#Packt2k\">Packt Publishing</a></p>');
INSERT INTO `field_blog_body` (`pages_id`, `data`) VALUES('1132', '<p><strong>Creating Themes in Impresspages CMS</strong></p>\n\n<p>Today\'s tutorial is my contribution towards the (IP) ImpressPages CMS, we will simply look at how we can easily convert HTML/CSS web pages to the IP CMS, currently the ImpressPages Market houses some themes but we will be looking at creating more nice themes so you can contribute to the MarketPlace.</p>\n\n<p> For brevity sake, I decided to make use of the <a href=\"http://www.blacktie.co/2014/01/stanley-freelancer-theme/\">Blacktie Stanley </a>theme, as it luckily falls under the Common Creative license which allows us to redistribute. This favors me as I do not need to create a template from scratch. So I would like to dedicate this article to <a href=\"http://www.blacktie.co/2014/01/stanley-freelancer-theme/\">Blacktie </a>for making such an awesome template free.</p>\n\n<p></p>\n\n<p><strong>ImpressPages Theme Structure</strong></p>\n\n<p><br /><img alt=\"zyYQIk3TTpoBgLombn_wm855QEeHYZPCw2Z2TTOf\" src=\"https://lh4.googleusercontent.com/zyYQIk3TTpoBgLombn_wm855QEeHYZPCw2Z2TTOfA93EU4WXJ_QlqVj079pMD161R5UL5dkov4ZlvL3a6ntuPPKG-D921AQsG9KJzkz-LdVNXxa5Rx3ce1vg-Oh2HShCJu9ekOO1L3VF\" /></p>\n\n<p>This is a simple IP theme layout and in my own words I will explain each folder:</p>\n\n<p><strong>assets  </strong>This contains all your front-end assets such as fonts, images, JavaScript and css/less</p>\n\n<p><strong>override</strong>  This overrides the view template of a Core IP file or a plugin, it should be noted that you cannot override PHP Classes here</p>\n\n<p><strong>setup  </strong>This contains meta-information about the theme and also the JavaScript File which allows real-time preview and the ability to add design options.</p>\n\n<p><strong>translation</strong> - <strong>This </strong>folder contains multilingual translations of theme interface strings.</p>\n\n<p></p>\n\n<p><strong>NOTE</strong>: It should be noted that IP treats any PHP file in the themes root folder without an underscore as a layout file. A Layout file contains HTML with placeholders where widgets can be dropped and this can be changed at the back-end. For instance assuming I need a unique homepage. All I need to do is to create a homepage.php and set it as a layout for the home page in the Pages section of the administration panel.</p>\n\n<p></p>\n\n<p><strong>Getting Started</strong></p>\n\n<p>So we simply create an empty theme and for this purpose, I intend to name the template something different, sadly am not good with naming nomenclatures; so I will simply give it the name of my favorite character Sephiroth (<em>as i am an HARDCORE Final Fantasy fan</em>) and call it Sephira. You can simply copy and paste the Air template and rename it as Sephira to serve as boilerplate.</p>\n\n<p></p>\n\n<p><strong>Setting up the theme information </strong></p>\n\n<p> Our first task is to create the Meta-information for the theme and any information you want added on the theme. The following information is what I will be using, you can paste this code in the file theme.json under the setup folder.</p>\n\n<p></p>\n\n<p><em>Code</em></p>\n\n<p><code><em>{</em></code></p>\n\n<p><code><em></em><em>\"title\"</em><em>:</em><em> </em><em>\"Sephira\",</em></code></p>\n\n<p><code><em></em><em>\"version\"</em><em>:</em><em> </em><em>\"1.00\",</em></code></p>\n\n<p><code><em></em><em>\"doctype\"</em><em>:</em><em> </em><em>\"HTML5\"</em><em>,</em><em> </em><em>/* HTML5, XHTML1_STRICT, XHTML1_TRANSITIONAL, XHTML1_FRAMESET, </em></code></p>\n\n<p><code><em>HTML4_STRICT, HTML4_TRANSITIONAL, HTML4_FRAMESET */</em></code></p>\n\n<p><code><em></em><em>\"thumbnail\"</em><em>:</em><em> </em><em>\"thumbnail.png\",</em></code></p>\n\n<p><code><em></em><em>\"author\"</em><em>:</em><em> </em><em>\"dojoVader/geostigma \"</em></code></p>\n\n<p></p>\n\n<p><code><em>}</em></code></p>\n\n<p>you should see your newly created theme listed in the Design section of admin:</p>\n\n<p></p>\n\n<p>Now at this point, we can simply install the theme, we install it because we want immediate visual feedback.</p>\n\n<p></p>\n\n<p>This is what my homepage looks like, so blank and awesome . This makes things easier as it serves as a foundation for creating a new template.<img alt=\"I1QulCViLQEjiSN18SwBJ6fDvpNafOte973WrsuX\" src=\"https://lh6.googleusercontent.com/I1QulCViLQEjiSN18SwBJ6fDvpNafOte973WrsuX_PIje0OHCZmG0xfY4X9q1-bFS7k8t_nJHC-BxliUQ01CriWc48nuAiNYYxxMqiYgGPBZ9801MFfgiHAWj4CZqic8e_WaifLTwJ2K\" /></p>\n\n<p></p>\n\n<p>This is the theme Stanley from <a href=\"http://blacktie.co\">Blacktie</a>, for the purpose of the article I will be changing some elements to fit the purpose of this tutorial.</p>\n\n<p></p>\n\n<p><strong>First Task: Separate Header and Footer</strong></p>\n\n<p>The first step is to simply create our header and footer as this helps in reducing code <img alt=\"oS07Q6WF87oX8M0hHU1L6v2Asl6c_xIP_tIyZgSK\" src=\"https://lh5.googleusercontent.com/oS07Q6WF87oX8M0hHU1L6v2Asl6c_xIP_tIyZgSKwCkbq6DMCfbRsm4l9rP79Sz7imSmnzX-TLSZYGqlAx_EzuLpoDNFStnL1Fl8M_VOoYdu_82O1ko5ujF4F_0igYB6Sud-XLL5V1pg\" />duplication, so my first task is to replace the head section with ImpressPages codes, and saving it in a _header.php so that other layouts can easily use it.</p>\n\n<p><code>&lt;?php echo ipDoctypeDeclaration(); ?&gt;</code></p>\n\n<p><code>&lt;html&lt;?php echo ipHtmlAttributes(); ?&gt;&gt;</code></p>\n\n<p><code>&lt;head&gt;</code></p>\n\n<p><code>&lt;meta charset=\"utf-8\"&gt;</code></p>\n\n<p><code>&lt;meta http-equiv=\"X-UA-Compatible\" content=\"IE=edge\"&gt;</code></p>\n\n<p><code>&lt;meta name=\"viewport\" content=\"width=device-width, initial-scale=1.0\"&gt;</code></p>\n\n<p><code>&lt;meta name=\"description\" content=\"\"&gt;</code></p>\n\n<p><code>&lt;meta name=\"author\" content=\"\"&gt;</code></p>\n\n<p><code>&lt;?php ipAddCss(\'assets/css/bootstrap.css\'); ?&gt;</code></p>\n\n<p><code>&lt;?php ipAddCss(\'assets/css/main.css\'); ?&gt;</code></p>\n\n<p><code>&lt;?php echo ipHead(); ?&gt;</code></p>\n\n<p><code>&lt;link rel=\"shortcut icon\" href=\"../../docs-assets/ico/favicon.png\"&gt;</code></p>\n\n<p><code>&lt;title&gt;STANLEY - Free Bootstrap Theme &lt;/title&gt;</code></p>\n\n<p><code>&lt;?php echo ipAddJs(\'assets/js/hover.zoom.js\'); ?&gt;</code></p>\n\n<p><code>&lt;?php echo ipAddJs(\'assets/js/hover.zoom.conf.js\'); ?&gt;</code></p>\n\n<p><code>&lt;!-- HTML5 shim and Respond.js IE8 support of HTML5 elements and media queries --&gt;</code></p>\n\n<p><code>&lt;!--[if lt IE 9]&gt;</code></p>\n\n<p><code>&lt;script src=\"https://oss.maxcdn.com/libs/html5shiv/3.7.0/html5shiv.js\"&gt;&lt;/script&gt;</code></p>\n\n<p><code>&lt;script src=\"https://oss.maxcdn.com/libs/respond.js/1.3.0/respond.min.js\"&gt;&lt;/script&gt;</code></p>\n\n<p><code>&lt;![endif]--&gt;</code></p>\n\n<p><code>&lt;/head&gt;</code></p>\n\n<p><code>&lt;body&gt;</code></p>\n\n<p><code>&lt;!-- Static navbar --&gt;</code></p>\n\n<p><code>&lt;div class=\"navbar navbar-inverse navbar-static-top\"&gt;</code></p>\n\n<p><code>&lt;div class=\"container\"&gt;</code></p>\n\n<p><code>&lt;div class=\"navbar-header\"&gt;</code></p>\n\n<p><code>&lt;button type=\"button\" class=\"navbar-toggle\" data-toggle=\"collapse\" data-target=\".navbar-collapse\"&gt;</code></p>\n\n<p><code>&lt;span class=\"icon-bar\"&gt;&lt;/span&gt;</code></p>\n\n<p><code>&lt;span class=\"icon-bar\"&gt;&lt;/span&gt;</code></p>\n\n<p><code>&lt;span class=\"icon-bar\"&gt;&lt;/span&gt;</code></p>\n\n<p><code>&lt;/button&gt;</code></p>\n\n<p><code>&lt;a class=\"navbar-brand\" href=\"index.html\"&gt;&lt;?php echo ipSlot(\'logo\'); ?&gt;&lt;/a&gt;</code></p>\n\n<p><code>&lt;/div&gt;</code></p>\n\n<p><code>&lt;div class=\"navbar-collapse collapse\"&gt;</code></p>\n\n<p><code>&lt;ul class=\"nav navbar-nav navbar-right\"&gt;</code></p>\n\n<p><code>&lt;li&gt;&lt;a href=\"work.html\"&gt;Work&lt;/a&gt;&lt;/li&gt;</code></p>\n\n<p><code>&lt;li&gt;&lt;a href=\"about.html\"&gt;About&lt;/a&gt;&lt;/li&gt;</code></p>\n\n<p><code>&lt;li&gt;&lt;a href=\"blog.html\"&gt;Blog&lt;/a&gt;&lt;/li&gt;</code></p>\n\n<p><code>&lt;li&gt;&lt;a href=\"contact.html\"&gt;Contact&lt;/a&gt;&lt;/li&gt;</code></p>\n\n<p><code>&lt;/ul&gt;</code></p>\n\n<p><code>&lt;/div&gt;&lt;!--/.nav-collapse --&gt;</code></p>\n\n<p><code>&lt;/div&gt;</code></p>\n\n<p><code>&lt;/div&gt;</code></p>\n\n<p><br />\n</p>\n\n<p><strong>Code Breakdown</strong></p>\n\n<p> There\'s a lot going on in the code but I will take my time to break this down, IP has some helper method to help create your template with ease, at this point you should be familiar with IP functions and how to locate them.</p>\n\n<p>However with a good IDE you should get PHPDocs support on what each method does, however I would still shed light on some IP functions. The ipHead function generates the JavaScript/CSS files in the header section, while the <em>ipAddCss</em> adds the css files to queue. What the ipHead simply does ; is to iterate over the queue and prints all css in the head section. If you are familiar with Zend/View/Helpers and WordPress Enqueue System this will be easy to grasp. This means if you add <em>ipAddCss</em> after the <em>ipHead</em> your files will not be listed in the head section. The <em>ipSlot(logo)</em> is a function that helps generate either a text for your site-name or an image for your logo, this slot is very convenient as you can change to any type of your choice</p>\n\n<p></p>\n\n<p><strong>Slots</strong></p>\n\n<p>Slots are a bit complicated for a first timer so I will try to explain in simple terms, but before anything the first rules about Slot is that, you cannot drag and drop contents to Slot, the content of a slot has to be provided by a plugin, meaning a code is responsible for returning the formatted html content to be viewed on the screen. The best part about slot is that if you call a slot that doesn\'t exists it simply renders nothing.</p>\n\n<p></p>\n\n<p><strong>Journey so far</strong></p>\n\n<p>The following screenshot shows the progress of the site after altering the _header.php</p>\n\n<p></p>\n\n<p><img alt=\"lm46s77Hs-10q754jeedk0ZWKVPWdwgZvfimcWQY\" src=\"https://lh4.googleusercontent.com/lm46s77Hs-10q754jeedk0ZWKVPWdwgZvfimcWQYsZ2AftC00595dWOAx9V3Q7_CjeZq38rZMeDjLXf7i0_r1DTbcpsPyLK_vqNPLCOaXT1IW54RCDd8rO2_A_nQhAwjHi0\" /></p>\n\n<p><em>Note</em>: because IP uses the Bootstrap toolkit, you should be careful on your css codes and ensure that you dont have anything modifying or overriding rules for the IP Admin bar, however towards the end of the tutorial we will ensure to fix this but for now, its something we can live with. </p>\n\n<p><br />\n</p>\n\n<p><code>Footer</code></p>\n\n<p><code>&lt;div id=\"footer\"&gt;</code></p>\n\n<p><code>&lt;div class=\"container\"&gt;</code></p>\n\n<p><code>&lt;div class=\"row\"&gt;</code></p>\n\n<p><code>&lt;div class=\"col-lg-4\"&gt;</code></p>\n\n<p><code>&lt;h4&gt;My Bunker&lt;/h4&gt;</code></p>\n\n<p><code>&lt;p&gt;</code></p>\n\n<p><code>Some Address 987,&lt;br/&gt;</code></p>\n\n<p><code>+34 9054 5455, &lt;br/&gt;</code></p>\n\n<p><code>Madrid, Spain.</code></p>\n\n<p><code>&lt;/p&gt;</code></p>\n\n<p><code>&lt;/div&gt;&lt;!-- /col-lg-4 --&gt;</code></p>\n\n<p><code>&lt;div class=\"col-lg-4\"&gt;</code></p>\n\n<p><code>&lt;h4&gt;My Links&lt;/h4&gt;</code></p>\n\n<p><code>&lt;p&gt;</code></p>\n\n<p><code>&lt;a href=\"#\"&gt;Dribbble&lt;/a&gt;&lt;br/&gt;</code></p>\n\n<p><code>&lt;a href=\"#\"&gt;Twitter&lt;/a&gt;&lt;br/&gt;</code></p>\n\n<p><code>&lt;a href=\"#\"&gt;Facebook&lt;/a&gt;</code></p>\n\n<p><code>&lt;/p&gt;</code></p>\n\n<p><code>&lt;/div&gt;&lt;!-- /col-lg-4 --&gt;</code></p>\n\n<p><code>&lt;div class=\"col-lg-4\"&gt;</code></p>\n\n<p></p>\n\n<p><code>&lt;?php echo ipSlot(\'text\', array(\'id\' =&gt; \'themeName\', </code></p>\n\n<p><code>\'tag\' =&gt; \'h4\', \'default\' =&gt; __(\'Stanley\', \'Sephira\', false), \'class\' =&gt; \'\')); ?&gt;</code></p>\n\n<p><code>&lt;p&gt;This cute theme was created to showcase your work in a simple way. Use it wisely.&lt;/p&gt;</code></p>\n\n<p><code>&lt;p&gt;&lt;?php echo sprintf(__(\'Drag &amp; drop with %s\', \'Air\'),</code></p>\n\n<p><code>\'&lt;a href=\"http://www.impresspages.org\"&gt;ImpressPages&lt;/a&gt;\'); ?&gt;&lt;/p&gt;</code></p>\n\n<p><code>&lt;/div&gt;&lt;!-- /col-lg-4 --&gt;</code></p>\n\n<p><code>&lt;/div&gt;</code></p>\n\n<p><code>&lt;/div&gt;</code></p>\n\n<p><code>&lt;/div&gt;</code></p>\n\n<p><code>&lt;?php echo ipJs(); ?&gt;</code></p>\n\n<p><code>&lt;/body&gt;</code></p>\n\n<p><code>&lt;/html&gt;</code></p>\n\n<p></p>\n\n<p>So we later copy the footer code from the template and add some IP codes such as Slot; however Ii will be focusing on converting the template to IP template, once this task has been completed we will later look at using Slots and adding widgets. The following shows the screenshot of the site after altering the _footer.php</p>\n\n<p><img alt=\"oGq__hLFa403goLSND7dx6bFAB0tDtzTzD0COimk\" src=\"https://lh5.googleusercontent.com/oGq__hLFa403goLSND7dx6bFAB0tDtzTzD0COimklCU6AwTFcCC3BIDI9Ccda2LZNZP56zCNHHkHyjGMIQ1-UBJAbe1BnM0Brol_NSlJZ5kGPrynULg-b9Foei---FH0wlc\" /></p>\n\n<p></p>\n\n<p><strong>Layout</strong></p>\n\n<p>So far we have a basic template and can proceed however before we do, I will like to state that generally as much as we can have layouts for blogs, about and other pages, its the usual practice to have a generic template, meaning a blank layout where you can drag and drop widgets and populate the contents of the page. So at this point we will split this topic into 2 parts Generic Layouts <em>( General Layouts )</em> and <em>Specific Layouts.</em></p>\n\n<p></p>\n\n<p><strong>General Layouts</strong></p>\n\n<p>General Layouts are layouts that will be used for generic purposes, this is similar to CMS which uses dynamic content within the same layouts compared to static layouts. In order to achieve this we will create a file called main.php <em>(remember layout files are files without underscore as names</em> ) In order to use the layout you need to go to Administrator / Pages and select the layout.</p>\n\n<p><img alt=\"46sv2xiBcac5abDK88ZKKBpO9e30DSvP7cuX8PNs\" src=\"https://lh5.googleusercontent.com/46sv2xiBcac5abDK88ZKKBpO9e30DSvP7cuX8PNsVlvurHZBEQVanajp40oOcwXhjAtzwx_XkVY1E-Fz0MROPO6YFK59xfRFkQK2h-2--GbvsC4Sr-uwHM1vJhpQZl9drGg\" /></p>\n\n<p></p>\n\n<p>then you paste the snippet below in the main.php</p>\n\n<p></p>\n\n<p><code>&lt;?php echo ipView(\'_header.php\')-&gt;render(); ?&gt;</code></p>\n\n<p><code>&lt;div id=\"white\"&gt;</code></p>\n\n<p><code>&lt;div class=\"container\"&gt;</code></p>\n\n<p><code>&lt;div class=\"row\"&gt;</code></p>\n\n<p><code>&lt;div class=\"col-lg-8 col-lg-offset-2\"&gt;</code></p>\n\n<p><code>&lt;p&gt;&lt;img src=\"assets/img/user.png\" width=\"50px\" height=\"50px\"&gt; &lt;ba&gt;Stanley Stinson&lt;/ba&gt;&lt;/p&gt;</code></p>\n\n<p><code>&lt;p&gt;&lt;bd&gt;January 3, 2014&lt;/bd&gt;&lt;/p&gt;</code></p>\n\n<p><code>&lt;h4&gt;An Image Post&lt;/h4&gt;</code></p>\n\n<p><code>&lt;p&gt;&lt;img class=\"img-responsive\" src=\"assets/img/blog01.jpg\" alt=\"\"&gt;&lt;/p&gt;</code></p>\n\n<p><code>&lt;p&gt;Lorem Ipsum is simply dummy text of the printing and typesetting industry. Lorem Ipsum has been the industry\'s standard dummy text ever since the 1500s, when an unknown printer took a galley of type and scrambled it to make a type specimen book.&lt;/p&gt;</code></p>\n\n<p><code>&lt;p&gt;It has survived not only five centuries, </code></p>\n\n<p><code>but also the leap into electronic typesetting, remaining essentially unchanged.&lt;/p&gt;</code></p>\n\n<p><code>&lt;p&gt;It was popularised in the 1960s with the release of Letraset sheets containing Lorem Ipsum passages, and more recently with desktop publishing software like Aldus PageMaker including versions of Lorem Ipsum.&lt;/p&gt;</code></p>\n\n<p><code>&lt;br&gt;</code></p>\n\n<p><code>&lt;p&gt;&lt;bt&gt;TAGS: &lt;a href=\"#\"&gt;Wordpress&lt;/a&gt; - &lt;a href=\"#\"&gt;Web Design&lt;/a&gt;&lt;/bt&gt;&lt;/p&gt;</code></p>\n\n<p><code>&lt;hr&gt;</code></p>\n\n<p><code>&lt;p&gt;&lt;a href=\"blog.html\"&gt;# Back&lt;/a&gt;&lt;/p&gt;</code></p>\n\n<p><code>&lt;/div&gt; &lt;/div&gt;&lt;!-- /row --&gt;</code></p>\n\n<p><code>&lt;/div&gt; &lt;!-- /container --&gt;</code></p>\n\n<p><code>&lt;/div&gt;&lt;!-- /white --&gt;</code></p>\n\n<p><code>&lt;?php echo ipView(\'_footer.php\')-&gt;render(); ?&gt;</code></p>\n\n<p></p>\n\n<p><strong>Screenshot</strong></p>\n\n<p><img alt=\"OBFNCs7Eu6mhG_CUP6nidPpgBARfhfwnhCrXzCmh\" src=\"https://lh3.googleusercontent.com/OBFNCs7Eu6mhG_CUP6nidPpgBARfhfwnhCrXzCmha1w-xxoNup8VDwAD-03upjyIPLSnkMgs5kuYI5kDmLCzIg1HFsYjvmkQwI-z31CkQrg2E3mJFoRQl2YZ1y1OoaPZZ3c\" /></p>\n\n<p></p>\n\n<p><strong>Gotchas</strong></p>\n\n<p>A common problem usually faced with creating templates, is the issue of loading images from the assets folder, in order to point the folder easily we will leverage on one of IP helper methods <em>ipThemeUrl</em>, this function loads an assets in relative to the theme folder.</p>\n\n<p></p>\n\n<p><code>&lt;?php echo ipThemeUrl(\"assets/img/image.jpg\"); ?&gt;</code></p>\n\n<p></p>\n\n<p>So lets fix the issues and load the appropriate images, however it should be noted that we wont be using this images but will just cover it regardless, just to show you how to load images relative to the theme folder.</p>\n\n<p>And finally we get images working</p>\n\n<p><img alt=\"bTbuiO3mU_GX9w0ZF8yu6Gxsmmnhc07C8siZxrpO\" src=\"https://lh6.googleusercontent.com/bTbuiO3mU_GX9w0ZF8yu6Gxsmmnhc07C8siZxrpOg3heOTtfoHq5JT3kHDogdVIPjT1rVKggqoUFcTq8SSuYpXtAw3OBNfGgaxe6gKPnuZ2tnfz-UpsF3Iw0bUoWW-PTj1w\" /></p>\n\n<p><br />\n</p>\n\n<p>Now because we want this page to be the general page for any content, we will strip out the images and content and replace them with IP codes and Ii will explain the role of each function Ii use. So I have the following code in my default template:</p>\n\n<p><code>&lt;?php echo ipView(\'_header.php\')-&gt;render(); ?&gt;</code></p>\n\n<p><code>&lt;div id=\"white\"&gt;</code></p>\n\n<p><code>&lt;div class=\"container\"&gt;</code></p>\n\n<p><code>&lt;div class=\"row\"&gt;</code></p>\n\n<p><code>&lt;?php echo ipSlot(\'breadcrumb\'); ?&gt;</code></p>\n\n<p><code>&lt;div class=\"col-lg-8 col-lg-offset-2\"&gt;</code></p>\n\n<p><code>&lt;p&gt;&lt;?php echo ipBlock(\'main\')-&gt;render(); ?&gt;&lt;/p&gt;</code></p>\n\n<p></p>\n\n<p><code>&lt;/div&gt;</code></p>\n\n<p style=\"margin-left:72pt;\"><code>&lt;div class=\"col-lg-2\"&gt;</code></p>\n\n<p style=\"margin-left:72pt;\"><code>&lt;p&gt;Sidebar Goes Here&lt;/p&gt;</code></p>\n\n<p style=\"margin-left:72pt;\"><code>&lt;p&gt;&lt;?php echo ipBlock(side)-&gt;render(); ?&gt;&lt;/p&gt;</code></p>\n\n<p style=\"margin-left:72pt;\"><code>&lt;/div&gt;</code></p>\n\n<p><br />\n</p>\n\n<p><code>&lt;/div&gt;&lt;!-- /row --&gt;</code></p>\n\n<p><code>&lt;/div&gt; &lt;!-- /container --&gt;</code></p>\n\n<p><code>&lt;/div&gt;&lt;!-- /white --&gt;</code></p>\n\n<p><code>&lt;?php echo ipView(\'_footer.php\')-&gt;render(); ?&gt;</code></p>\n\n<p></p>\n\n<p>Now I used the function ipBlock, this method acts as a container for widgets, meaning it makes the block a zone where you can easily drag and drop Widgets, however it should be noted that the <strong>main</strong> is a special block as most of the important content goes there, it is encouraged that you use the <strong>main</strong> where you expect to have important page contents. As you can see I created another block with the name side according to IP block naming <a href=\"http://www.impresspages.org/docs/block\">convention</a>.</p>\n\n<p></p>\n\n<p><strong>NOTE:</strong></p>\n\n<p></p>\n\n<p>The contents of block can be reused in other pages by adding this code</p>\n\n<p><code>&lt;?php echo ipBlock(\'side1\')-&gt;asStatic()-&gt;render(); ?&gt;</code></p>\n\n<p></p>\n\n<p>The only caveat is that main cannot be declared as static, because think of it, main is meant to dynamic where each pages fills the zone with its page contents. So with this code in place our theme becomes more dynamic.</p>\n\n<p><br /><br /><br /><br />\n</p>\n\n<p><strong>Screenshot</strong></p>\n\n<p><strong><img alt=\"BOWOhNzeRTYQk0WQ9mmSS2R52YHyPe2ZXGr6BO_V\" src=\"https://lh4.googleusercontent.com/BOWOhNzeRTYQk0WQ9mmSS2R52YHyPe2ZXGr6BO_VJB2w_LuKoSEQMm6rP7mq2JrLsBfcZBNHbt01FNxNaf2klHXGOdAWEPrtWGV74rKKGDqlNkX1Tj9Gu2f_EPZTX0sY44Y\" /></strong></p>\n\n<p></p>\n\n<p>As you can see from my annotations, I simply illustrated the various widgets I drag and dropped to each block. So far we have a dynamic layout which can be used for any page. The beautiful thing about ImpressPages is that ; converting an html theme to an ImpressPages theme is so simple and straightforward compared to some content management systems. </p>\n\n<p></p>\n\n<p><strong>SPECIFIC LAYOUTS</strong></p>\n\n<p>Specific layouts are contents that are not dynamic and have a specific purpose , an example can be Homepage,Contact or About us. Ideally you can use your default layout to whip up some contents to have those information however, specific layouts have advanced styling which are almost impossible to create via ImpressPages default widgets. It should be noted that ImpressPages has no idea of specific layouts or general layouts, in fact both are considered layouts. Both we can add areas in specific templates where users can easily change and edit.</p>\n\n<p></p>\n\n<p><strong>Task ( Create About Page Layout )</strong></p>\n\n<p>So our first task is to create the About layout where we allow the user to simply change the avatar and also the content in the text. This is the screenshot before the modification.</p>\n\n<p><img alt=\"kJN7W7TqEIgaQNWhd13PRsfKvdcjEP2woKRsfe13\" src=\"https://lh4.googleusercontent.com/kJN7W7TqEIgaQNWhd13PRsfKvdcjEP2woKRsfe13aHW4rpGUbGldkZH9_Ueef3MCmrCN7_LxSx9mKIc3Y8p0GzIpn5hMUJ787biCpZHQe8EtEL-mPhfXHzJ997IV9VALW54\" /></p>\n\n<p>about.php</p>\n\n<p></p>\n\n<p><code>&lt;?php echo ipView(\'_header.php\')-&gt;render(); ?&gt;</code></p>\n\n<p><code>&lt;div id=\"white\"&gt;</code></p>\n\n<p><code>&lt;div class=\"container\"&gt;</code></p>\n\n<p><code>&lt;div class=\"row\"&gt;</code></p>\n\n<p><code>&lt;div class=\"col-lg-8 col-lg-offset-2 centered\"&gt;</code></p>\n\n<p><code>&lt;?php</code></p>\n\n<p><code>$options = array(</code></p>\n\n<p><code>\'id\' =&gt; \'contact\',</code></p>\n\n<p><code>\'width\' =&gt; \'155\',</code></p>\n\n<p><code>\'height\'=&gt;\'155\',</code></p>\n\n<p><code>\'class\' =&gt; \'cssclass(optional)\',</code></p>\n\n<p><code>\'default\' =&gt; ipThemeUrl(\'assets/img/user.png\')</code></p>\n\n<p><code>);</code></p>\n\n<p><code>echo ipSlot(\'image\', $options);</code></p>\n\n<p><code>?&gt;</code></p>\n\n<p></p>\n\n<p><code>     </code></p>\n\n<p><code>     &lt;h1&gt;About&lt;/h1&gt;</code></p>\n\n<p><code>     &lt;p&gt;&lt;?php echo ipSlot(\'text\', array(</code></p>\n\n<p><code>\'id\' =&gt; \'contactText\',</code></p>\n\n<p><code>\'default\' =&gt; \'The default text\'</code></p>\n\n<p><code>)); ?&gt;</code></p>\n\n<p><code>&lt;/p&gt;</code></p>\n\n<p><code>    </code></p>\n\n<p><code>    &lt;/div&gt;</code></p>\n\n<p><code>    &lt;/div&gt;</code></p>\n\n<p><code>    &lt;/div&gt;</code></p>\n\n<p><code>    &lt;/div&gt;</code></p>\n\n<p><code>&lt;?php echo ipView(\'_footer.php\')-&gt;render(); ?&gt; </code></p>\n\n<p></p>\n\n<p>Basically all we needed was the Slot Text and Image, this allows users to make dynamic ImpressPages templates as you can observe, user can now edit and update the information on the page with ease. You should read more on Slot and its parameters to gain more understanding. It should be noted that each Slot ID must be unique.</p>\n\n<p><img alt=\"wmYshR1Ths1xtntTt5UB4k2WYN6k-CGWFFfHMJ1P\" src=\"https://lh6.googleusercontent.com/wmYshR1Ths1xtntTt5UB4k2WYN6k-CGWFFfHMJ1P0lo_1kiToGy8Vt9i4qh7fH6pCXVzVG60QC8agq5_BfXWzL1bciH7Tcnk3U7fhWV9MeNVyK6SrbJRBWog4mBIsWUNCS8\" /></p>\n\n<p></p>\n\n<p>Right now the next task is to create the homepage and add our Slot (Text and Images), so that users can add or edit the information. This is the static homepage screenshot before we make our modification.</p>\n\n<p><img alt=\"ubkXkp579L7TTUobufEPnBk43r-CSVWf1fgV_Z7G\" src=\"https://lh4.googleusercontent.com/ubkXkp579L7TTUobufEPnBk43r-CSVWf1fgV_Z7GokP6Q1Lm1OMiWvtEhJyGYVB6Djpk-lKO8CJ74PoyFBNx6Y8QFkCWk7mLuCVWXAD6Zj5I0Zi8EtlqZwgJH5n8EOAhGLg\" /></p>\n\n<p><br /><br /><br />\n</p>\n\n<p><img alt=\"edit\" src=\"https://lh5.googleusercontent.com/vvM0ccLABwMVp67ilQvxTgXILKr1eTCOrKG3orXzWb2xY0H-GLS23Ym5IxMC4p9nSrVeopeRhP0C2nbWM8m6zJCy177510MbDDiMMsZabm5BbDsLItqxBrDqB1L0P6_gmeg\" /></p>\n\n<p></p>\n\n<p>So now our first task is to create the Text contents on the homepage, obviously this means we use the Slot Text because we want user to be able to modify the content of the homepage and Slot Image, and this becomes my final result.</p>\n\n<p><code>&lt;?php echo ipView(\'_header.php\')-&gt;render(); ?&gt;</code></p>\n\n<p><code>&lt;div id=\"ww\"&gt;</code></p>\n\n<p><code>  &lt;div class=\"container\"&gt;</code></p>\n\n<p><code>   &lt;div class=\"row\"&gt;</code></p>\n\n<p><code>    &lt;div class=\"col-lg-8 col-lg-offset-2 centered\"&gt;</code></p>\n\n<p><code>     &lt;?php</code></p>\n\n<p><code>    $options = array(</code></p>\n\n<p><code>     \'id\' =&gt; \'homeImage\',</code></p>\n\n<p><code>     \'width\' =&gt; \'155\',</code></p>\n\n<p><code>     \'height\'=&gt;\'155\',</code></p>\n\n<p><code>     \'class\' =&gt; \'\',</code></p>\n\n<p><code>     \'default\' =&gt; ipThemeUrl(\'assets/img/user.png\')</code></p>\n\n<p><code>    );</code></p>\n\n<p><code>    echo ipSlot(\'image\', $options);</code></p>\n\n<p><code>    ?&gt;</code></p>\n\n<p><code>    &lt;h1&gt;&lt;?php echo ipSlot(\'text\', array(</code></p>\n\n<p><code>\'id\' =&gt; \'homeHeadText\',</code></p>\n\n<p><code>\'default\' =&gt; \"Hi My name is Okeowo Aderemi\"</code></p>\n\n<p><code>)); ?&gt; &lt;/h1&gt;</code></p>\n\n<p><code>     &lt;?php echo ipSlot(\'text\', array(</code></p>\n\n<p><code>\'id\' =&gt; \'homeText\',</code></p>\n\n<p><code>\'default\' =&gt; \"Hello everybody. I\'m Stanley, a free handsome bootstrap theme coded by BlackTie.co. A really simple theme for those wanting to showcase their work with a cute &amp; clean style.</code></p>\n\n<p></p>\n\n<p><code>Please, consider to register to our newsletter to be updated </code></p>\n\n<p><code>with our latest themes and freebies. Like always, you can use this theme in any project freely. Share it with your friends.\"</code></p>\n\n<p><code>)); ?&gt;</code></p>\n\n<p><br />\n</p>\n\n<p><code>    </code></p>\n\n<p><code>    &lt;/div&gt;&lt;!-- /col-lg-8 --&gt;</code></p>\n\n<p><code>   &lt;/div&gt;&lt;!-- /row --&gt;</code></p>\n\n<p><code>  &lt;/div&gt; &lt;!-- /container --&gt;</code></p>\n\n<p><code> &lt;/div&gt;</code></p>\n\n<p><code> &lt;div class=\"container pt\"&gt;</code></p>\n\n<p><code>&lt;div class=\"row mt centered\"&gt;</code></p>\n\n<p><code>  &lt;?php echo ipBlock(\'homeWidget\')-&gt;render();?&gt;</code></p>\n\n<p><code>  &lt;/div&gt;</code></p>\n\n<p><code> &lt;/div&gt;</code></p>\n\n<p><code>&lt;div class=\"clear\"&gt;&lt;/div&gt;</code></p>\n\n<p><code>&lt;?php echo ipView(\'_footer.php\')-&gt;render(); ?&gt;</code></p>\n\n<p></p>\n\n<p><img alt=\"YF2ZZWQz5iGTMYcPhkzLQE8sxf6ZxIB4f4Lr75rg\" src=\"https://lh5.googleusercontent.com/YF2ZZWQz5iGTMYcPhkzLQE8sxf6ZxIB4f4Lr75rgtIseiSCyHPZrl5ppgf84rrPkCCmIEs-eSSoRlnl2SFU6b8KD-tGlmATqr9Dv0o0lB9FyidiEtD5ZPGmgTFZW2R3FKzw\" /></p>\n\n<p></p>\n\n<p>Right now, what we need is cater for the section where the user has to put his portfolio, now at this point we have 2 choices, we can either use the Slot images and have multiple images, however this seems a bit unnecessary, also we need the images to point to a url describing the portfolio, so we will use a block where we can drag the Gallery Widget and modify the gallery view to achieve this. And also we will make a copy of the gallery skin file in our override folder and ensure it follows the stanley markup. So at this point because Ii need to modify the view of the Gallery template Ii simply copied the<em> Ip/Internal/Content/Widget/Gallery/skin/default.php </em>to my override folder using this markup below Ii ensured to follow the templates markup to give it the same look and feel.</p>\n\n<p><code>&lt;?php if (isset($images) &amp;&amp; is_array($images)) { ?&gt;</code></p>\n\n<p><code>&lt;div class=\"_container\"&gt;</code></p>\n\n<p><code>&lt;?php foreach ($images as $imageKey =&gt; $image) { ?&gt;</code></p>\n\n<p><code>&lt;div class=\"_item ipsItem\"&gt;</code></p>\n\n<p><code>&lt;a</code></p>\n\n<p><code>&lt;?php if ($image[\'type\'] == \'lightbox\' &amp;&amp; !ipIsManagementState()) { ?&gt;</code></p>\n\n<p><code>rel=\"lightbox\"</code></p>\n\n<p><code>href=\"&lt;?php echo escAttr($image[\'imageBig\']); ?&gt;\"</code></p>\n\n<p><code>&lt;?php } ?&gt;</code></p>\n\n<p><code>&lt;?php if ($image[\'type\'] == \'link\') { ?&gt;</code></p>\n\n<p><code>href=\"&lt;?php echo escAttr($image[\'url\']); ?&gt;\"</code></p>\n\n<p><code>&lt;?php echo $image[\'blank\'] ? \' target=\"_blank\" \' : \'\'; ?&gt;</code></p>\n\n<p><code>&lt;?php } ?&gt;</code></p>\n\n<p><code>class=\"_link\"</code></p>\n\n<p><code>title=\"&lt;?php echo esc($image[\'title\']); ?&gt;\"</code></p>\n\n<p><code>data-description=\"&lt;?php echo isset($image[\'description\']) ? escAttr($image[\'description\']) : \'\'; ?&gt;\"</code></p>\n\n<p><code>&gt;</code></p>\n\n<p><code>&lt;img class=\"_image ipsImage\" src=\"&lt;?php echo escAttr($image[\'imageSmall\']); ?&gt;\" </code></p>\n\n<p><code>alt=\"&lt;?php echo escAttr($image[\'title\']); ?&gt;\" /&gt;</code></p>\n\n<p><code>&lt;/a&gt;</code></p>\n\n<p><code>&lt;/div&gt;</code></p>\n\n<p><code>&lt;?php } ?&gt;</code></p>\n\n<p><code>&lt;/div&gt;</code></p>\n\n<p><code>&lt;?php } ?&gt;</code></p>\n\n<p></p>\n\n<p>I simply copied the Gallery default skin and modified it to match the themes markup and it works now as shown in the screenshot below:</p>\n\n<p></p>\n\n<p><img alt=\"download.png\" src=\"https://lh3.googleusercontent.com/N6WxU25hCFa1at-_u70MAhr1c3FQt53RBiaWKI_Jb1Pc0rw4iUJtLDtzZqTWzV3xJkNAS4gbkwcLqCIE0Qm-jlkxKTZQBGOYNWcAg0-2WkjXplPeveK0r0Et8GS-o3i5QDU\" /></p>\n\n<p>And there we have a beautiful laid out portfolio, this illustrates the point that your theme can customize the output of various widget layouts, knowing this; will give you great advantage over the output of ImpressPages widget appearance. however our job is not done yet.</p>\n\n<p></p>\n\n<p><strong>WHATS ON THE MENU</strong></p>\n\n<p></p>\n\n<p><strong>Menu From ImpressPages</strong></p>\n\n<p><strong><img alt=\"t5kNIdfegeoGlxWvP8jnN266tdGF8MJ5hvlyScHl\" src=\"https://lh6.googleusercontent.com/t5kNIdfegeoGlxWvP8jnN266tdGF8MJ5hvlyScHlMN2JJqHEIqWNc0qZXmRNTv3LRLXLZDOA3G2JX5zmtMEF013tBFBXkfCUOv39EIFDFx2eEV4L1oQV_50X9OaELzojiTk\" /></strong></p>\n\n<p></p>\n\n<p><strong>Menu on the Theme</strong></p>\n\n<p><strong><img alt=\"glEaSJ_NKss2kjl-G-KyDLVB2JNEu5ouscuAJL_u\" src=\"https://lh4.googleusercontent.com/glEaSJ_NKss2kjl-G-KyDLVB2JNEu5ouscuAJL_uPJFYlm2xDK3TdO7RK0uvsfAH4QCQ2qFJN9_3bGoAeudd1LYf__YvZPk_--GSdQR_BvTulV_3KG0Vt0tlrLI7vRsqlzg\" /></strong></p>\n\n<p></p>\n\n<p>As you can clearly see, this menu have been hardcoded in the template, we are simply going to create the menu so it reflects the Impresspages template, my first task is to simply use the Slot Menu. The first step is analyze the themes menu assuming you got the template from someone, but if you did build this from scratch you would have an idea of the menu structure. So after learning the structure you adapt ImpressPages code to fit the menus way. Luckily the theme uses a bootstrap menu layout so IIIi simply steal borrow from my previous themes.</p>\n\n<p>So it changes from :</p>\n\n<p><code>&lt;div class=\"navbar-collapse collapse\"&gt;</code></p>\n\n<p><code>&lt;ul class=\"nav navbar-nav navbar-right\"&gt;</code></p>\n\n<p><code>&lt;li&gt;&lt;a href=\"work.html\"&gt;Work&lt;/a&gt;&lt;/li&gt;</code></p>\n\n<p><code>&lt;li&gt;&lt;a href=\"about.html\"&gt;About&lt;/a&gt;&lt;/li&gt;</code></p>\n\n<p><code>&lt;li&gt;&lt;a href=\"blog.html\"&gt;Blog&lt;/a&gt;&lt;/li&gt;</code></p>\n\n<p><code>&lt;li&gt;&lt;a href=\"contact.html\"&gt;Contact&lt;/a&gt;&lt;/li&gt;</code></p>\n\n<p><code>&lt;/ul&gt;</code></p>\n\n<p><code>&lt;/div&gt;</code></p>\n\n<p>To:</p>\n\n<p></p>\n\n<p><code>&lt;div class=\"navbar-collapse collapse \"&gt;</code></p>\n\n<p></p>\n\n<p><code>&lt;?php</code></p>\n\n<p><code>$menuOption=array(</code></p>\n\n<p><code>\'items\'=&gt;\'menu\',</code></p>\n\n<p><code>\'attributes\'=&gt;array(\'class\'=&gt;\'nav navbar-nav navbar-right\')</code></p>\n\n<p><code>);</code></p>\n\n<p><code>echo ipSlot(\'menu\',$menuOption);</code></p>\n\n<p><code>?&gt;</code></p>\n\n<p></p>\n\n<p><code>&lt;/div&gt;&lt;!--/.nav-collapse </code></p>\n\n<p></p>\n\n<p><strong>UPDATED</strong></p>\n\n<p>Thanks to <strong>Tachyon </strong>on the ImpressPages IRC, it should be noted that the Slot Menu uses the property items to fetch the menu from the backend as shown in the screenshot below</p>\n\n<p><img alt=\"HDId2q23i2tplWAXwNE4WdOC2Glbcq7wjzSDLsmb\" src=\"https://lh4.googleusercontent.com/HDId2q23i2tplWAXwNE4WdOC2Glbcq7wjzSDLsmbdHDi8dAEsfodjKxow-ktm8qNsjKqrEJmSnosBQwsqANJsFHVOU4VuYj0mpMMBpAu7mrdFgjWIaRm1nX3UGrDHpyJ2r4\" /></p>\n\n<p>So if for any reason you dont see any menu on the template and it shows on other templates you can easily change the name in the code, to reflect with the name for the menu in the backend.</p>\n\n<p></p>\n\n<p><strong>HOLD UP</strong></p>\n\n<p></p>\n\n<p>But something seems wrong here</p>\n\n<p><img alt=\"08hOEgasu_CqrMDwn4E5s-3y9EPsux18VGVS1Jn7\" src=\"https://lh4.googleusercontent.com/08hOEgasu_CqrMDwn4E5s-3y9EPsux18VGVS1Jn7dBUh_pLnUq43uS1J-LQuhqrbOnaairx4gWadP4z0VDpS9UXG-LauUOTDHsqi_Z3RIbpdgfB-mlIQ0Q8s3224IhjJNNw\" /></p>\n\n<p>After series of investigation it seems the reason is that the drop down menu is messed up because its not using Bootstraps Layout but the default one from Impresspages so with great power comes awesome skills. What we do is to simply override the menu template, luckily i created one in my earlier attempts at theme creations so lets steal that.</p>\n\n<p><code>&lt;?php</code></p>\n\n<p></p>\n\n<p><code>/**</code></p>\n\n<p><code>* This comment block is used just to make IDE suggestions to work</code></p>\n\n<p><code>* @var $items \\Ip\\Menu\\Item[]</code></p>\n\n<p><code>* @var $this \\Ip\\View</code></p>\n\n<p><code>*/</code></p>\n\n<p><code>?&gt;</code></p>\n\n<p><code>&lt;?php if (!empty($items)){ ?&gt;</code></p>\n\n<p><code>&lt;ul &lt;?php echo $attributesStr; ?&gt;&gt;&lt;?php</code></p>\n\n<p><code>foreach($items as $menuItem) {</code></p>\n\n<p><code>$css = array();</code></p>\n\n<p><code>$submenu = \'\';</code></p>\n\n<p><code>$target = \'\';</code></p>\n\n<p><code>$class = \'\';</code></p>\n\n<p><code>$anchorToggleClass=\'\';</code></p>\n\n<p></p>\n\n<p><code>if($menuItem-&gt;isCurrent()) {</code></p>\n\n<p><code>$css[] = $active;</code></p>\n\n<p><code>} elseif ($menuItem-&gt;isInCurrentBreadcrumb()) {</code></p>\n\n<p><code>$css[] = $crumb;</code></p>\n\n<p><code>}</code></p>\n\n<p><code>if(sizeof($menuItem-&gt;getChildren()) &gt; 0) {</code></p>\n\n<p><code>$css[] = \"dropdown\";</code></p>\n\n<p><code>$anchorToggleClass=\"dropdown-toggle\";</code></p>\n\n<p><br />\n</p>\n\n<p><code>}</code></p>\n\n<p><code>if ($menuItem-&gt;isDisabled()) {</code></p>\n\n<p><code>$href = \'\';</code></p>\n\n<p><code>$css[] = $disabled;</code></p>\n\n<p><code>} else {</code></p>\n\n<p><code>$href = \' href=\"\' . escAttr($menuItem-&gt;getUrl()) . \'\"\';</code></p>\n\n<p><code>}</code></p>\n\n<p></p>\n\n<p><code>if ($menuItem-&gt;getBlank()) {</code></p>\n\n<p><code>$target = \' target=\"_blank\"\';</code></p>\n\n<p><code>}</code></p>\n\n<p></p>\n\n<p><code>if ($menuItem-&gt;getChildren()) {</code></p>\n\n<p><code>$submenuData = array(</code></p>\n\n<p><code>\'items\' =&gt; $menuItem-&gt;getChildren(),</code></p>\n\n<p><code>\'depth\' =&gt; $depth + 1,</code></p>\n\n<p><code>\'attributesStr\' =&gt; \'class=\"dropdown-menu\" role=\"menu\"\'</code></p>\n\n<p><code>);</code></p>\n\n<p></p>\n\n<p><code>$submenuData = array_merge($this-&gt;getVariables(), $submenuData);</code></p>\n\n<p><code>$submenu = ipView(\'menu.php\', $submenuData)-&gt;render();</code></p>\n\n<p></p>\n\n<p><code>}</code></p>\n\n<p></p>\n\n<p><code>if (!empty($css)) {</code></p>\n\n<p><code>$class = \' class=\"\'.implode(\' \', $css).\'\"\';</code></p>\n\n<p><code>}</code></p>\n\n<p><code>?&gt;</code></p>\n\n<p><code>&lt;li&lt;?php echo $class; ?&gt;&gt;</code></p>\n\n<p></p>\n\n<p><code>&lt;a &lt;?php echo (strlen($anchorToggleClass) &gt; 0) ? \'data-toggle=\"dropdown\" \': \'\' ?&gt; class=\"&lt;?php</code></p>\n\n<p></p>\n\n<p><code>echo $anchorToggleClass ?&gt;\" &lt;?php echo $href; ?&gt;&lt;?php echo $target; ?&gt; title=\"&lt;?php echo escAttr($menuItem-&gt;getTitle()); ?&gt;\"&gt;</code></p>\n\n<p><code>&lt;?php echo $menuItem-&gt;getTitle(); ?&gt;</code></p>\n\n<p><code>&lt;/a&gt;</code></p>\n\n<p><code>&lt;?php echo $submenu; ?&gt;</code></p>\n\n<p><code>&lt;/li&gt;&lt;?php</code></p>\n\n<p><code>} ?&gt;</code></p>\n\n<p><code>&lt;/ul&gt;</code></p>\n\n<p><code>&lt;?php }</code></p>\n\n<p><br />\n</p>\n\n<p>What i simply did was to copy the original menu view template to my override folder and altered it so it could match the standard bootstrap menu layout. which means i copied the default.php from <em>Ip/Content/Widget/Gallery/skin</em> to my override folder.</p>\n\n<p><img alt=\"qZ1-LJGwee4fYSWf5MYUYvbqYjNnkoTWBb7MvYfl\" src=\"https://lh6.googleusercontent.com/qZ1-LJGwee4fYSWf5MYUYvbqYjNnkoTWBb7MvYfl6cTDfQDY_-7XSVS1gGuNfbAHUGeyf9yj3g2aGkQj8cYPRumv9qihhIFsYAy89Ww6gFfa_DPfR27qXolXDeMx8A9ilmI\" /></p>\n\n<p></p>\n\n<p><strong>HOLD UP </strong></p>\n\n<p>We have an issue and it seems the Dropdown menu doesnt work, a little investigation points to the fact that i didnt include bootstrap because ImpressPages has bootstrap already, but when am not logged in i have no bootstrap included as the bootstrap is used for ImpressPages Admin Bar, so I simply create this code to escape such dilemma</p>\n\n<p><code>&lt;?php</code></p>\n\n<p><code>if(!ipAdminId()):</code></p>\n\n<p><code>?&gt;</code></p>\n\n<p><code>&lt;?php echo ipAddJs(\'js/bootstrap.min.js\'); ?&gt;</code></p>\n\n<p><code>&lt;?php</code></p>\n\n<p><code>endif;</code></p>\n\n<p><code>?&gt;</code></p>\n\n<p>What this does is to check if am in Management Mode and if Ii am it doesnt add bootstrap and and if am not we get bootstrap. and finally we get a dropdown menu as shown below:</p>\n\n<p><img alt=\"kew2LK4ozs2yQKk7ga3m4Npq5FBYVDytaeJdlHGk\" src=\"https://lh3.googleusercontent.com/kew2LK4ozs2yQKk7ga3m4Npq5FBYVDytaeJdlHGknzwCjU0m1P4ZOm3Wqds7p2DakdAypztD0qfYMh8Sx0tLOtVFvtSkn3bg8kge8aNIlqznYXdxwEyhmY6lU4syUQ5l5aI\" /></p>\n\n<p>So far we have made alot of progress in this template all we need to do is to add blocks to footer section to enable user edit the information on the page.</p>\n\n<p><img alt=\"VfIf8Pal27P-cuNnVLT5kTSu104Q4SZThiuXTEUU\" src=\"https://lh3.googleusercontent.com/VfIf8Pal27P-cuNnVLT5kTSu104Q4SZThiuXTEUUOOS-5pm6hFIv5OsTHBL_V_eObIV8My9p6ojPUKJzcD7MPBIeaiwqv5449Ct34wGj4NqAbpyV6I30z7fgAYeNm9_T9KQ\" /></p>\n\n<p></p>\n\n<p>If you have been following the tutorial you will realize that all we simply need to do is create the ipBlock in the Footer section and our day has been made.</p>\n\n<p></p>\n\n<p><code>&lt;div class=\"row\"&gt;</code></p>\n\n<p><code>&lt;div class=\"col-lg-4\"&gt;</code></p>\n\n<p><code>&lt;h4&gt;&lt;?php echo ipSlot(\'text\', array(</code></p>\n\n<p><code>\'id\' =&gt; \'footerHeaderText\',</code></p>\n\n<p><code>\'default\' =&gt; \'My Address\'</code></p>\n\n<p><code>)); ?&gt;&lt;/h4&gt;</code></p>\n\n<p><code>&lt;p&gt;&lt;?php echo ipSlot(\'text\', array(</code></p>\n\n<p><code>\'id\' =&gt; \'footerContextText\',</code></p>\n\n<p><code>\'default\' =&gt; \'The default text\'</code></p>\n\n<p><code>)); ?&gt;</code></p>\n\n<p><code>&lt;/div&gt;&lt;!-- /col-lg-4 --&gt;</code></p>\n\n<p><code>&lt;div class=\"col-lg-4\"&gt;</code></p>\n\n<p><code>&lt;p&gt;&lt;?php echo ipBlock(\'footerBlock\')-&gt;render(); ?&gt;&lt;/p&gt;</code></p>\n\n<p><code>&lt;/div&gt;&lt;!-- /col-lg-4 --&gt;</code></p>\n\n<p><code>&lt;div class=\"col-lg-4\"&gt;</code></p>\n\n<p></p>\n\n<p>I simply replaced the _footer.php with the following lines and dragged a Rich Text Editor to the block and pasted the HTML content Ii copied from the page so IIi can easily modify the content and change the links as Ii deem fit or Ii can simply replace that with another widget depending on what you feel comfortable with. Viola we get this</p>\n\n<p><img alt=\"f3XA7olOsea0aeh457AMN9tJGC_U4ADellWG7CDY\" src=\"https://lh6.googleusercontent.com/f3XA7olOsea0aeh457AMN9tJGC_U4ADellWG7CDY0VfwjGyPCH1Zr8FCab7O7G4fBqB5vQJlMCvueeSKhjkSghRwZDNrgz-Z16qdiKvm9PmJo9RVwSWXXhaWxex4ftrhKkY\" /></p>\n\n<p><br />\n</p>\n\n<p><strong>Journey So Far</strong></p>\n\n<p></p>\n\n<p>At this point my template looks alright and i can easily add contents and widgets to it easily. the following shows a screenshot of the theme with multiple widgets added to it.</p>\n\n<p><br /><img alt=\"Contents.png\" src=\"https://lh4.googleusercontent.com/KfQCTXbDOA7iuzoV2FfZve8RwlAPRiqkyNeTLEE5Mjkrj9l89X7KOVvjHONLxhQqjJJYcMIFFfvOAelfV5XDYj57Cr1OYAdn9Scx4b_L-f2nnZjfJd9glKp6iQZ1A3xIhHM\" /></p>\n\n<p><strong>WRAPPING UP</strong></p>\n\n<p></p>\n\n<p>At this point, we have basically touched every important aspect of creating templates for ImpressPages, however the next section touches on Theme options and screenshot, these are important topic because a user would use the screenshot to identify the specific theme, so we will need to create a screenshot, ideally a screenshot should contain dummy content and not personal information, so Ii will fill in dummy contents and stock images. Luckily IIi use a Chrome tool called awesome screenshot(<em>responsible for all screenshots on this page</em>), so Ii simply take a full screenshot of the page and save it as thumbnail.png in the setup folder according to the instructions of ImpressPages.</p>\n\n<p></p>\n\n<p><strong>Result</strong></p>\n\n<p><img alt=\"XSrJBgjBUvrnlK97h4l_o8zXwxdZmgOGYHTD1bgX\" src=\"https://lh5.googleusercontent.com/XSrJBgjBUvrnlK97h4l_o8zXwxdZmgOGYHTD1bgXbrxVOUJuwSDHX0zalGpm04hD2rfVT_91ZaXCMIk-ayR25dLBgfFXRmc_w8EMWHxRpJ6xh8IZ81a4Q9sqVX4225__REQ\" /></p>\n\n<p></p>\n\n<p>This is also useful for author looking to sell their templates on the MarketPlace, it should noted that you should be honest with your screenshots.</p>\n\n<p>and finally we have the theme options.</p>\n\n<p></p>\n\n<p><strong>THEME OPTIONS</strong></p>\n\n<p> Theme options are configuration allows website administrators edit theme settings without additional coding, theme options is usually used in premium themes where users have no technical or programming skills.</p>\n\n<p>So for this tutorial we will be looking at 3 simple options</p>\n\n<ol><li>\n	<p>backgroundColor</p>\n	</li>\n	<li>\n	<p>Text Color</p>\n	</li>\n	<li>\n	<p>Custom CSS Codes</p>\n	</li>\n</ol><p></p>\n\n<p>Unlike <strong>some</strong> Content Mmanagement Systems , creating theme options are unnecessarily complex , so complex that 3rd parties build options framework just to make things saner, however with ImpressPages creating theme options are easier and more straightforward. The most important part you need to know about ; is that options for themes are placed in the theme.json file, which is found in the setup folder.</p>\n\n<p>The following is a snippet of my options in the theme.json</p>\n\n<p><code>{</code></p>\n\n<p><code>\"title\": \"Sephira\",</code></p>\n\n<p><code>\"version\": \"1.00\",</code></p>\n\n<p><code>\"doctype\": \"HTML5\", /* HTML5, XHTML1_STRICT, XHTML1_TRANSITIONAL, XHTML1_FRAMESET, HTML4_STRICT, HTML4_TRANSITIONAL, HTML4_FRAMESET */</code></p>\n\n<p><code>\"thumbnail\": \"thumbnail.png\",</code></p>\n\n<p><code>\"author\": \"dojoVader/geostigma \",</code></p>\n\n<p><code>\"options\": [</code></p>\n\n<p><code>{</code></p>\n\n<p><code>\"label\": \"Body background color\",</code></p>\n\n<p><code>\"name\": \"bodyBackgroundColor\",</code></p>\n\n<p><code>\"type\": \"color\",</code></p>\n\n<p><code>\"default\": \"#fff\"</code></p>\n\n<p><code>},</code></p>\n\n<p><code>{</code></p>\n\n<p><code>\"label\": \"Text color\",</code></p>\n\n<p><code>\"name\": \"textColor\",</code></p>\n\n<p><code>\"type\": \"color\",</code></p>\n\n<p><code>\"default\": \"#fff\"</code></p>\n\n<p><code>},</code></p>\n\n<p><code>{</code></p>\n\n<p><code>\"label\": \"Custom CSS\",</code></p>\n\n<p><code>\"name\": \"customCSS\",</code></p>\n\n<p><code>\"type\": \"text\",</code></p>\n\n<p><code>\"default\": \"\" }</code></p>\n\n<p><code>]</code></p>\n\n<p></p>\n\n<p><code>}</code></p>\n\n<p>And after we refresh we get this</p>\n\n<p></p>\n\n<p><img alt=\"DMVOocI4UtURyiaf-NJ2APg4P3XxJH0luB9WAspY\" src=\"https://lh3.googleusercontent.com/DMVOocI4UtURyiaf-NJ2APg4P3XxJH0luB9WAspYC72DmvxrIuKpNFLFTuSWadR_QqtAsEje797Z-diYySAbVhMwmRrPlC065ttsX6ikImbyzDwFCnO8XGhFJ-AgE2t1sEo\" /></p>\n\n<p></p>\n\n<p><strong>NOTE </strong></p>\n\n<p>The following section requires you to have basic JavaScript Knowledge or even jQuery knowledge</p>\n\n<p></p>\n\n<p><strong>Real Time Preview</strong></p>\n\n<p> The Real Time Preview well..., allows you see your preview in real time, what makes this interesting is that you have control how the changes are implemented. Yyou will be using JavaScript or Jquery to effect those changes. Iit should be noted that this needs to be saved in the <strong>options.js</strong> file inside the setup folder. Here is an example of a snippet</p>\n\n<p></p>\n\n<table style=\"border-collapse:collapse;border:none;\"><tbody><tr><td style=\"vertical-align:top;\">\n			<p><code>var ipDesignOptions = {</code></p>\n\n			<p><code>bodyBackgroundColor: function (value) {</code></p>\n\n			<p><code>\'use strict\';</code></p>\n\n			<p><code>$(\'body\').css(\'background-color\', value);</code></p>\n\n			<p><code>}</code></p>\n\n			<p><code>};</code></p>\n			</td>\n		</tr></tbody></table><p></p>\n\n<p>The Synatx is quite simple, you simply pass the Option name as the property of the ipDesignOptions that is a function which will be the callback function with the parameter value.</p>\n\n<p><img alt=\"BwTWgjxDSSgJmQOmUx3HbsQv2zjkDsZigb2KvJdq\" src=\"https://lh6.googleusercontent.com/BwTWgjxDSSgJmQOmUx3HbsQv2zjkDsZigb2KvJdqhDIkvbN3p563koV3ADGeCKPihzZB6BKpnQpkcPkJ66hLIS6x6Cv8mpIuQUS83QL9WgjHA9tPLciqBAHFAODBh7xns4U\" /></p>\n\n<p></p>\n\n<p>So when the user selects the Body background color and the value, a function will be called with the value selected as the parameter. At the same time it also saves the changes which can be retrieved by code using:</p>\n\n<p></p>\n\n<p>&lt;?php echo ipGetThemeOption(\'bodyBackgroundColor\'); ?&gt;</p>\n\n<p></p>\n\n<p>This logic is placed in the template or layout. so Ii placed the following code in my _header.php after the template loads the CSS, this allows overriding.</p>\n\n<p><code>&lt;style&gt;</code></p>\n\n<p><code>body{</code></p>\n\n<p><code>background:&lt;?php echo ipGetThemeOption(\'bodyBackgroundColor\',\'black\'); ?&gt; !important</code></p>\n\n<p><code>}</code></p>\n\n<p><code>.row .centered{</code></p>\n\n<p><code>color:&lt;?php echo ipGetThemeOption(\'textColor\',\'black\'); ?&gt; !important</code></p>\n\n<p><code>}</code></p>\n\n<p><code>&lt;?php echo ipGetThemeOption(\'customcss\'); ?&gt;</code></p>\n\n<p></p>\n\n<p><code>&lt;/style&gt;</code></p>\n\n<p><strong>NOTE</strong>: You should be careful with this, because its possible not to get a real time feedback especially when you have too many rules overriding your property, however with the code in the _header.php after the CSS files, you will get a accurate feedback once you click save and the pages refresh.</p>\n\n<p></p>\n\n<p>The following can be seen from the Screenshot</p>\n\n<p><img alt=\"M4mUDZivESL418-IIcqX5sOWyCxdV39sR7rvonNT\" src=\"https://lh3.googleusercontent.com/M4mUDZivESL418-IIcqX5sOWyCxdV39sR7rvonNTjFJ-iqDEz8Ud3jDE2uXUFdVITPr59WzMylpXkAhc9PNlL4Er9n9yhvEUdFq5457oo0lP0EgnO9Qmq9NIE_kOiUddFJQ\" /></p>\n\n<p></p>\n\n<p>And thats concludes this tutorial.. Feel free to ask questions and point out any mistakes - thank you.</p>\n\n<p></p>\n\n<p><strong>Updated:</strong></p>\n\n<p>You can now download the theme from ImpressPages Store just look for the name StanleyIP, sadly I wasnt familiar with making demos so it looks plain.</p>\n\n<p></p>\n\n<p>Thanks for all the corrections so far really grateful.</p>\n\n<p></p>\n\n<p><em>Author</em>: Okeowo Aderemi (dojoVader)</p>\n\n<p><em>email</em>:okeowoaderemi@gmail.com</p>\n\n<p><br /><br />\n</p>');
INSERT INTO `field_blog_body` (`pages_id`, `data`) VALUES('1108', '\n<p>I am a freelance Web Developer, with good experience on <strong>XHTML/CSS</strong>,<strong> JavaScript (Dojo and jQuery)</strong> <strong>PHP/Zend framework 2 and Yii Framework&nbsp;</strong> and also work a lot with<strong> WordPress</strong> (Plugins,Caching and Extending WordPress Applications) , I also work as a contract Web developer to some companies, I give consultations on Web Development, Moodle Customization, Optimization of existing websites and ways to make Web Application user friendly. I occasionally branch of from Web Development to try other techs like am eager to learn 3D on Web and Game Development. I use to work at Linkeo Web Agencie, a French ICT company in Mauritius Quatre Bornne. Despite being a PHP/JS Developer I am quite versed with C#, Java ( J2ME and Android API, Processing) I try to learn as much as I can.</p>\n<p>Currently I work at Leaps and Bounds as a PHP/Moodle Developer, where I work on Moodle and extension of Moodle (themes, plugins and etc.). I spend most of my time researching on Gaming and game development. Feel free to get in touch. :)</p>\n<p><a href=\"/processwire/site/assets/files/1108/tuio.png\"><img class=\"align_right size-large wp-image-387\" alt=\"TUIO\" src=\"/processwire/site/assets/files/1108/tuio-1024x575.png\" width=\"1024\" height=\"575\"></a></p>\n<h2>My Toolsets</h2>\n<h3>Web Development</h3>\n<p>IDE / Text Editors (Eclipse Zend, Aptana Studio and Sublime Text Editor 3)</p>\n<p>Emmet (HTML markup/ CSS Generation)</p>\n<p>LESS (CSS Preprocessor) I can\'t imagine writing CSS again without these</p>\n<p>JavaScript (Jquery, Dojotoolkit (90% of the time))</p>\n<p>Intern (JavaScript Testing Suite)</p>\n<p>Google Chrome Developer</p>\n<p>Maqetta</p>\n<p>NodeJS (Express)</p>\n<h3>Backend Development</h3>\n<p>PHP Frameworks (Zend 2, Yii )</p>\n<p>Composer ( think of NPM for PHP)</p>\n<p>PHPUnit (PHP Testing)</p>\n<h3>Mobile Development</h3>\n<p>HTML5 (Duh Dojotoolkit Mobile)</p>\n<h3>Misc</h3>\n<p>ASP.NET MVC 3</p>\n<p>Java ( Just for J2ME and Android)</p>\n<p>Shell</p>\n');
INSERT INTO `field_blog_body` (`pages_id`, `data`) VALUES('1111', '<p>Feel free to drop a mail <a title=\"Google Gmail\" href=\"http://mail.gmail.com\" target=\"_blank\">okeowoaderemi@gmail.com</a></p>\n');
INSERT INTO `field_blog_body` (`pages_id`, `data`) VALUES('1112', '\n<div>\n<div class=\"left\" style=\"width: 40%;\"><a href=\"/processwire/site/assets/files/1112/aria.png\"><img class=\"align_left  wp-image-185\" title=\"Aria\" src=\"/processwire/site/assets/files/1112/aria.276x516.png\" alt=\"\" width=\"276\" height=\"516\"></a></div>\n<div class=\"left\" style=\"width: 50%;\">\n<h1>HTML5 Web and Mobile Web apps</h1>\n<p>With the new HTML5 Technology you can take your business solutions online, and on mobile platform without the need to go native, you can have your apps running on numerous platform in no time. we make use of the Blackberry Webworks, Dojo Toolkit and the jQuery Framework to provide a state of the art HTML5 Mobile Applications.</p>\n<p>&nbsp;</p>\n<p>&nbsp;</p>\n</div>\n<div class=\"clear\"></div>\n</div>\n<hr><div>\n<div class=\"left\" style=\"width: 40%;\"><a href=\"/processwire/site/assets/files/1112/psd2xhtml.png\"><img class=\"align_left size-full wp-image-186\" title=\"psd2xhtml\" src=\"/processwire/site/assets/files/1112/psd2xhtml.280x103.png\" alt=\"\" width=\"280\" height=\"103\"></a></div>\n<div class=\"left\" style=\"width: 50%;\">\n<h1>PSD2XHTML</h1>\n<p>You have a good looking PSD Template already ?, I can convert your Template to a Wordpress/Joomla/XHTML/Yii layout/Zend Layout sites.</p>\n<p>&nbsp;</p>\n<p>&nbsp;</p>\n</div>\n<div class=\"clear\"></div>\n</div>\n<hr><div>\n<div class=\"left\" style=\"width: 40%; overflow: hidden; margin-right: 2%;\"><a href=\"/processwire/site/assets/files/1112/ria-785x402.png\"><img class=\"align_left size-full wp-image-184\" title=\"ria-785x402\" src=\"/processwire/site/assets/files/1112/ria-785x402.png\" alt=\"\" width=\"785\" height=\"402\"></a></div>\n<div class=\"left\" style=\"width: 50%;\">\n<h1>Web Application / RIA</h1>\n<p>I also develop Web application using popular PHP Frameworks from Zend / Joomla / Yii Framework powered using Rich Internet Applications tools such as Dojo Toolkit and jQuery for Rich user experience.</p>\n</div>\n<div class=\"clear\"></div>\n</div>\n');
INSERT INTO `field_blog_body` (`pages_id`, `data`) VALUES('1113', '<p>[rio-portfolio]</p>\n');
INSERT INTO `field_blog_body` (`pages_id`, `data`) VALUES('1115', '<p>[web_portfolio]</p>\n');

DROP TABLE IF EXISTS `field_blog_categories`;
CREATE TABLE `field_blog_categories` (
  `pages_id` int(10) unsigned NOT NULL,
  `data` int(11) NOT NULL,
  `sort` int(10) unsigned NOT NULL,
  PRIMARY KEY (`pages_id`,`sort`),
  KEY `data` (`data`,`pages_id`,`sort`)
) ENGINE=MyISAM DEFAULT CHARSET=utf8;

INSERT INTO `field_blog_categories` (`pages_id`, `data`, `sort`) VALUES('1097', '1071', '0');
INSERT INTO `field_blog_categories` (`pages_id`, `data`, `sort`) VALUES('1099', '1071', '0');
INSERT INTO `field_blog_categories` (`pages_id`, `data`, `sort`) VALUES('1106', '1071', '0');
INSERT INTO `field_blog_categories` (`pages_id`, `data`, `sort`) VALUES('1085', '1072', '0');
INSERT INTO `field_blog_categories` (`pages_id`, `data`, `sort`) VALUES('1089', '1072', '0');
INSERT INTO `field_blog_categories` (`pages_id`, `data`, `sort`) VALUES('1097', '1072', '1');
INSERT INTO `field_blog_categories` (`pages_id`, `data`, `sort`) VALUES('1099', '1072', '1');
INSERT INTO `field_blog_categories` (`pages_id`, `data`, `sort`) VALUES('1100', '1072', '0');
INSERT INTO `field_blog_categories` (`pages_id`, `data`, `sort`) VALUES('1101', '1072', '0');
INSERT INTO `field_blog_categories` (`pages_id`, `data`, `sort`) VALUES('1102', '1072', '0');
INSERT INTO `field_blog_categories` (`pages_id`, `data`, `sort`) VALUES('1104', '1072', '0');
INSERT INTO `field_blog_categories` (`pages_id`, `data`, `sort`) VALUES('1106', '1072', '1');
INSERT INTO `field_blog_categories` (`pages_id`, `data`, `sort`) VALUES('1085', '1073', '1');
INSERT INTO `field_blog_categories` (`pages_id`, `data`, `sort`) VALUES('1097', '1073', '2');
INSERT INTO `field_blog_categories` (`pages_id`, `data`, `sort`) VALUES('1099', '1073', '2');
INSERT INTO `field_blog_categories` (`pages_id`, `data`, `sort`) VALUES('1100', '1073', '1');
INSERT INTO `field_blog_categories` (`pages_id`, `data`, `sort`) VALUES('1101', '1073', '1');
INSERT INTO `field_blog_categories` (`pages_id`, `data`, `sort`) VALUES('1102', '1073', '1');
INSERT INTO `field_blog_categories` (`pages_id`, `data`, `sort`) VALUES('1104', '1073', '1');
INSERT INTO `field_blog_categories` (`pages_id`, `data`, `sort`) VALUES('1105', '1073', '0');
INSERT INTO `field_blog_categories` (`pages_id`, `data`, `sort`) VALUES('1085', '1074', '2');
INSERT INTO `field_blog_categories` (`pages_id`, `data`, `sort`) VALUES('1088', '1074', '0');
INSERT INTO `field_blog_categories` (`pages_id`, `data`, `sort`) VALUES('1089', '1074', '1');
INSERT INTO `field_blog_categories` (`pages_id`, `data`, `sort`) VALUES('1100', '1074', '2');
INSERT INTO `field_blog_categories` (`pages_id`, `data`, `sort`) VALUES('1101', '1074', '2');
INSERT INTO `field_blog_categories` (`pages_id`, `data`, `sort`) VALUES('1102', '1074', '2');
INSERT INTO `field_blog_categories` (`pages_id`, `data`, `sort`) VALUES('1104', '1074', '2');
INSERT INTO `field_blog_categories` (`pages_id`, `data`, `sort`) VALUES('1089', '1075', '2');
INSERT INTO `field_blog_categories` (`pages_id`, `data`, `sort`) VALUES('1094', '1075', '0');
INSERT INTO `field_blog_categories` (`pages_id`, `data`, `sort`) VALUES('1097', '1075', '3');
INSERT INTO `field_blog_categories` (`pages_id`, `data`, `sort`) VALUES('1099', '1075', '3');
INSERT INTO `field_blog_categories` (`pages_id`, `data`, `sort`) VALUES('1100', '1075', '3');
INSERT INTO `field_blog_categories` (`pages_id`, `data`, `sort`) VALUES('1101', '1075', '3');
INSERT INTO `field_blog_categories` (`pages_id`, `data`, `sort`) VALUES('1102', '1075', '3');
INSERT INTO `field_blog_categories` (`pages_id`, `data`, `sort`) VALUES('1104', '1075', '3');
INSERT INTO `field_blog_categories` (`pages_id`, `data`, `sort`) VALUES('1085', '1076', '3');
INSERT INTO `field_blog_categories` (`pages_id`, `data`, `sort`) VALUES('1088', '1076', '1');
INSERT INTO `field_blog_categories` (`pages_id`, `data`, `sort`) VALUES('1089', '1076', '3');
INSERT INTO `field_blog_categories` (`pages_id`, `data`, `sort`) VALUES('1097', '1076', '4');
INSERT INTO `field_blog_categories` (`pages_id`, `data`, `sort`) VALUES('1099', '1076', '4');
INSERT INTO `field_blog_categories` (`pages_id`, `data`, `sort`) VALUES('1100', '1076', '4');
INSERT INTO `field_blog_categories` (`pages_id`, `data`, `sort`) VALUES('1101', '1076', '4');
INSERT INTO `field_blog_categories` (`pages_id`, `data`, `sort`) VALUES('1102', '1076', '4');
INSERT INTO `field_blog_categories` (`pages_id`, `data`, `sort`) VALUES('1104', '1076', '4');
INSERT INTO `field_blog_categories` (`pages_id`, `data`, `sort`) VALUES('1106', '1076', '2');
INSERT INTO `field_blog_categories` (`pages_id`, `data`, `sort`) VALUES('1092', '1077', '0');
INSERT INTO `field_blog_categories` (`pages_id`, `data`, `sort`) VALUES('1099', '1077', '5');
INSERT INTO `field_blog_categories` (`pages_id`, `data`, `sort`) VALUES('1104', '1077', '5');
INSERT INTO `field_blog_categories` (`pages_id`, `data`, `sort`) VALUES('1105', '1077', '1');
INSERT INTO `field_blog_categories` (`pages_id`, `data`, `sort`) VALUES('1106', '1077', '3');
INSERT INTO `field_blog_categories` (`pages_id`, `data`, `sort`) VALUES('1086', '1078', '0');
INSERT INTO `field_blog_categories` (`pages_id`, `data`, `sort`) VALUES('1087', '1078', '0');
INSERT INTO `field_blog_categories` (`pages_id`, `data`, `sort`) VALUES('1090', '1078', '0');
INSERT INTO `field_blog_categories` (`pages_id`, `data`, `sort`) VALUES('1091', '1078', '0');
INSERT INTO `field_blog_categories` (`pages_id`, `data`, `sort`) VALUES('1093', '1078', '0');
INSERT INTO `field_blog_categories` (`pages_id`, `data`, `sort`) VALUES('1094', '1078', '1');
INSERT INTO `field_blog_categories` (`pages_id`, `data`, `sort`) VALUES('1104', '1078', '6');
INSERT INTO `field_blog_categories` (`pages_id`, `data`, `sort`) VALUES('1105', '1078', '2');
INSERT INTO `field_blog_categories` (`pages_id`, `data`, `sort`) VALUES('1132', '1078', '0');
INSERT INTO `field_blog_categories` (`pages_id`, `data`, `sort`) VALUES('1083', '1079', '0');
INSERT INTO `field_blog_categories` (`pages_id`, `data`, `sort`) VALUES('1084', '1079', '0');
INSERT INTO `field_blog_categories` (`pages_id`, `data`, `sort`) VALUES('1087', '1079', '1');
INSERT INTO `field_blog_categories` (`pages_id`, `data`, `sort`) VALUES('1088', '1079', '2');
INSERT INTO `field_blog_categories` (`pages_id`, `data`, `sort`) VALUES('1089', '1079', '4');
INSERT INTO `field_blog_categories` (`pages_id`, `data`, `sort`) VALUES('1094', '1079', '2');
INSERT INTO `field_blog_categories` (`pages_id`, `data`, `sort`) VALUES('1095', '1079', '0');
INSERT INTO `field_blog_categories` (`pages_id`, `data`, `sort`) VALUES('1096', '1079', '0');
INSERT INTO `field_blog_categories` (`pages_id`, `data`, `sort`) VALUES('1098', '1079', '0');
INSERT INTO `field_blog_categories` (`pages_id`, `data`, `sort`) VALUES('1104', '1079', '7');
INSERT INTO `field_blog_categories` (`pages_id`, `data`, `sort`) VALUES('1107', '1079', '0');
INSERT INTO `field_blog_categories` (`pages_id`, `data`, `sort`) VALUES('1133', '1079', '0');
INSERT INTO `field_blog_categories` (`pages_id`, `data`, `sort`) VALUES('1091', '1080', '1');
INSERT INTO `field_blog_categories` (`pages_id`, `data`, `sort`) VALUES('1094', '1080', '3');
INSERT INTO `field_blog_categories` (`pages_id`, `data`, `sort`) VALUES('1104', '1080', '8');
INSERT INTO `field_blog_categories` (`pages_id`, `data`, `sort`) VALUES('1086', '1081', '1');
INSERT INTO `field_blog_categories` (`pages_id`, `data`, `sort`) VALUES('1087', '1081', '2');
INSERT INTO `field_blog_categories` (`pages_id`, `data`, `sort`) VALUES('1090', '1081', '1');
INSERT INTO `field_blog_categories` (`pages_id`, `data`, `sort`) VALUES('1093', '1081', '1');
INSERT INTO `field_blog_categories` (`pages_id`, `data`, `sort`) VALUES('1094', '1081', '4');
INSERT INTO `field_blog_categories` (`pages_id`, `data`, `sort`) VALUES('1103', '1081', '0');
INSERT INTO `field_blog_categories` (`pages_id`, `data`, `sort`) VALUES('1104', '1081', '9');
INSERT INTO `field_blog_categories` (`pages_id`, `data`, `sort`) VALUES('1105', '1081', '3');
INSERT INTO `field_blog_categories` (`pages_id`, `data`, `sort`) VALUES('1103', '1082', '1');
INSERT INTO `field_blog_categories` (`pages_id`, `data`, `sort`) VALUES('1105', '1082', '4');

DROP TABLE IF EXISTS `field_blog_comments`;
CREATE TABLE `field_blog_comments` (
  `pages_id` int(10) unsigned NOT NULL,
  `data` text NOT NULL,
  `sort` int(10) unsigned NOT NULL,
  `id` int(10) unsigned NOT NULL AUTO_INCREMENT,
  `status` tinyint(3) NOT NULL DEFAULT '0',
  `cite` varchar(128) NOT NULL DEFAULT '',
  `email` varchar(255) NOT NULL DEFAULT '',
  `created` int(10) unsigned NOT NULL,
  `created_users_id` int(10) unsigned NOT NULL,
  `ip` varchar(15) NOT NULL DEFAULT '',
  `user_agent` varchar(255) NOT NULL DEFAULT '',
  `website` varchar(255) NOT NULL DEFAULT '',
  `parent_id` int(10) unsigned NOT NULL DEFAULT '0',
  `flags` int(10) unsigned NOT NULL DEFAULT '0',
  `code` varchar(128) DEFAULT NULL,
  `subcode` varchar(40) DEFAULT NULL,
  `upvotes` int(10) unsigned NOT NULL DEFAULT '0',
  `downvotes` int(10) unsigned NOT NULL DEFAULT '0',
  PRIMARY KEY (`id`),
  KEY `pages_id_sort` (`pages_id`,`sort`),
  KEY `status` (`status`,`email`),
  KEY `pages_id` (`pages_id`,`status`,`created`),
  KEY `created` (`created`,`status`),
  KEY `code` (`code`),
  KEY `subcode` (`subcode`),
  FULLTEXT KEY `data` (`data`)
) ENGINE=MyISAM AUTO_INCREMENT=36 DEFAULT CHARSET=utf8;

INSERT INTO `field_blog_comments` (`pages_id`, `data`, `sort`, `id`, `status`, `cite`, `email`, `created`, `created_users_id`, `ip`, `user_agent`, `website`, `parent_id`, `flags`, `code`, `subcode`, `upvotes`, `downvotes`) VALUES('1083', 'This does look promising. I\'ll keep conmig back for more.', '1', '2', '0', 'Henny', 'harwell.joe@gmail.com', '1421640201', '0', '203.233.200.51', '', 'http://www.facebook.com/', '0', '0', 'VACwpTq_Rs5kc_hA64H3QOnoXgONt1DSZNzGaFO6NEkBlCCxE37OOeQSV4p6aBIZuLFKv6X4GxVsmzeKTTIP2GCFnKD1ECLsTPlpSkw4QrxYcyCrks_dcvKoehNwBll9', 'uB9Z_43VnPMZtDV9KWWo3PVScRTUgEfJSQ8x0gzK', '0', '0');
INSERT INTO `field_blog_comments` (`pages_id`, `data`, `sort`, `id`, `status`, `cite`, `email`, `created`, `created_users_id`, `ip`, `user_agent`, `website`, `parent_id`, `flags`, `code`, `subcode`, `upvotes`, `downvotes`) VALUES('1083', '... [Trackback]...\n\n[...] Read More here: okeowoaderemi.com/dojo-1-7-released/ [...]...', '2', '3', '0', 'My Homepage', '', '1421640201', '0', '78.46.145.33', '', 'http://www.A5uUI.org', '0', '0', 'kTgjFrG36II0ghj6lMF8VTVnAuGw6lgf9wa0WoaZrc8Jy_hYI4qipMJUkke_KGZOpmReBI7660XzX_b7gQqnaapClpbeA7QN56ut_CMtN46Jm_ZdjNBFBh0Mx2QRXN6u', 'ycS_Kl6ZswNz0Pf9Wl1_g03tIOuNybDkd0s2Mted', '0', '0');
INSERT INTO `field_blog_comments` (`pages_id`, `data`, `sort`, `id`, `status`, `cite`, `email`, `created`, `created_users_id`, `ip`, `user_agent`, `website`, `parent_id`, `flags`, `code`, `subcode`, `upvotes`, `downvotes`) VALUES('1086', '[...] the rest here: okeowoaderemi.com &#8211; Setting up a Zend Framework Project from &#8230;  Bookmark on Delicious Digg this post Recommend on Facebook share via Reddit Share with Stumblers [...]', '1', '4', '0', 'okeowoaderemi.com &#8211; Setting up a Zend Framework Project from &#8230; - EtondeGroup Blog of Web Applications | EtondeGroup ', '', '1421640203', '0', '212.227.119.44', '', 'http://blog.etondegroup.com/2012/01/okeowoaderemi-com-setting-up-a-zend-framework-project-from/', '0', '0', 'bmTbbQFOW82DrYQv5GiRCirFtvgPcNO9B3PSdaeCxI7bXW36ph6f8QrkMfUkE9PxkNSHHLB0pkX7P5wbnGleso3iaYTI6UCEBsp2agGxKePgFOjzDYzEqHeUyKidSX6C', 'ELoNKz2DZUNIZ4Him3asweT_dSukpS_Ai62zJgc2', '0', '0');
INSERT INTO `field_blog_comments` (`pages_id`, `data`, `sort`, `id`, `status`, `cite`, `email`, `created`, `created_users_id`, `ip`, `user_agent`, `website`, `parent_id`, `flags`, `code`, `subcode`, `upvotes`, `downvotes`) VALUES('1086', 'Thanks for the post..Highly Appreciated', '2', '5', '1', 'Deremmy', 'deremmy@gmail.com', '1421640203', '0', '41.155.50.165', '', 'http://www.deremmy.blogspotcom', '0', '0', 'sJ56UrHEmhEysiuNp_Z7dCewQX6TjeX1PzRmGmCCGS6aXQcx6D8o4xoluhPVOQEWAJm9g79Ir5b_EQfg36H0K6AQpMRQApuuzsDCEf_A0wXCoiXI4TL30kRQwjFgjEaE', 'k8L7J14oQ9sk7kfzmHFq12VdF23vzNMPeSDbS18l', '0', '0');
INSERT INTO `field_blog_comments` (`pages_id`, `data`, `sort`, `id`, `status`, `cite`, `email`, `created`, `created_users_id`, `ip`, `user_agent`, `website`, `parent_id`, `flags`, `code`, `subcode`, `upvotes`, `downvotes`) VALUES('1086', 'no problem, am working on the part 2, will release it soon by next week after the exams.', '3', '6', '1', 'dojovader', 'okeowoad@okeowoaderemi.com', '1421640203', '0', '41.58.40.9', '', '', '0', '0', 'lUG8mLaD3yfsEjwcLQXNzeAurJQ20Ch1Bl4UegJTkoCCkmjvevS_YNGhU4N9JLyC8CNN_NAlpKhjGB9y_PW49T5jM7BJ3k0qPxJ_jjeipF58e276JlT1x3OUsv86yYgH', 'eMedo1HHifGsXsrkjBiBe7dBTNwgBXpkdsz8xTcj', '0', '0');
INSERT INTO `field_blog_comments` (`pages_id`, `data`, `sort`, `id`, `status`, `cite`, `email`, `created`, `created_users_id`, `ip`, `user_agent`, `website`, `parent_id`, `flags`, `code`, `subcode`, `upvotes`, `downvotes`) VALUES('1086', '[...] Original Tutorial Link&#x00a0; [...]', '4', '7', '1', 'Setting up a Zend Framework Project from Scratch- Part 1 | Students Circle Network', '', '1421640203', '0', '64.92.120.35', '', 'http://studentscircle.net/live/2012/01/setting-up-a-zend-framework-project-from-scratch-part-1/', '0', '0', 'Ht5fNSYEc58u4qwWwbMAo4Yg6r8_D7TX_lU0MRVYpHMg3qEBk8IPKv0K8x889iHT_ctoeV4CDGQz1B6yjI8RYh8_qJbE_chPnEnlj7WhVpvzxeg0_EN6RPSw4q11ItWA', 'erfIR3TljqXG5qJTt4KebStIdlJyU03d9lvT4B99', '0', '0');
INSERT INTO `field_blog_comments` (`pages_id`, `data`, `sort`, `id`, `status`, `cite`, `email`, `created`, `created_users_id`, `ip`, `user_agent`, `website`, `parent_id`, `flags`, `code`, `subcode`, `upvotes`, `downvotes`) VALUES('1132', 'Nice tutorial (y)', '2', '29', '1', 'Aliu Adepoju', 'aliu.adepoju@gmail.com', '1423849539', '40', '66.249.93.196', 'Mozilla/5.0 (Linux; Android 4.1.2; Nokia_XL Build/JZO54K) AppleWebKit/537.36 (KHTML, like Gecko) Chrome/39.0.2171.59 Mobile Safari/537.36', '', '0', '0', '2yWSfdYw3H7RqUUSspm6GOON9gkKS95VeHRui6ofilgQbTt6RuAMd68BBZYgEpnZVwEu1z4qx1__JVjP845dtebWGCVXkM0hRAFuF_TtdE0q5tKY3rhqQvfJKNZc6eMr', 'VX98WiiV95CMa4wZXcTZQFp_eLrZWmIQ2FLSdYSf', '0', '0');
INSERT INTO `field_blog_comments` (`pages_id`, `data`, `sort`, `id`, `status`, `cite`, `email`, `created`, `created_users_id`, `ip`, `user_agent`, `website`, `parent_id`, `flags`, `code`, `subcode`, `upvotes`, `downvotes`) VALUES('1086', 'I Find this interesting. A cnmumoity effort would know how people are using their work, because they are telling them, asking questions etc. So either Zend is doing what it wants or has not been listening, and now decides to care when 1.0 is being released. Are they getting ready fro 2.0??', '6', '9', '1', 'Minoru', 'pavel.macak@volny.cz', '1421640203', '0', '23.20.83.35', '', 'http://www.facebook.com/profile.php?id=100003405872532', '0', '0', '19oc8XTjQHzw4wJFSOBv9mzKs7zZKnEzkn_TaIF5KMxFFTek9Zoqmxm2otRojaIRxTrLULLIwJn0UjOOAadX1hBOwXX0ERCTeU00rlqqFXu4Hq3p2zpXxhodSY_Br6o1', 'N2bd0YO4cDoPZHfRWFhkE9U8CISe2p_3BSFd5FUf', '0', '0');
INSERT INTO `field_blog_comments` (`pages_id`, `data`, `sort`, `id`, `status`, `cite`, `email`, `created`, `created_users_id`, `ip`, `user_agent`, `website`, `parent_id`, `flags`, `code`, `subcode`, `upvotes`, `downvotes`) VALUES('1087', 'It is great to see someone creating quality widgets for the Yii. We have been working on an open source CRM application that is written in PHP utilizing JQuery, Yii, and RedBeanPHP and relies heavily on test driven development. It might be one of the most complex projects on Yii to date.\n\nRight now, we have 1000+ unit tests running across eight server configurations. We utilize selenium as well for a nice set of functional tests too. It would be incredibly helpful to get your technical feedback and recommendations so that we can improve the application. Take a look and let me know what you think:\nhttp://zurmo.org', '1', '10', '0', 'Ray Stoeckicht', 'raysto@zurmo.com', '1421640204', '0', '186.176.73.4', '', 'http://zurmo.org', '0', '0', 'SrWBvI3yJ8l167LeF2NTRtQ_PUe5GVacDLiE7DNs4_WklOZeP_SrEWGl36DwUj_FsRPrs9OlbnTeYlW8P__HLYxI0khReiHsPgbKT9sLcmTIjLvhjGSI5odP__ara686', '3aCtvPNcXC1xrH_gPPy8oA8JpWKeW6JjA5vVFCOg', '0', '0');
INSERT INTO `field_blog_comments` (`pages_id`, `data`, `sort`, `id`, `status`, `cite`, `email`, `created`, `created_users_id`, `ip`, `user_agent`, `website`, `parent_id`, `flags`, `code`, `subcode`, `upvotes`, `downvotes`) VALUES('1088', 'I agree, JQuery is nice with Zend Framework, in my last blog post I posted about this. I find that I can rtruen views to multiple DIV\'s on the JQuery rtruen from ZF controller.I can rtruen Javascript data via JSON and also the HTML.. I think I will stick with JQuery and ZF.', '1', '11', '0', 'Sangram', 'supergreen@martrans.org', '1421640206', '0', '109.230.216.225', '', 'http://www.facebook.com/profile.php?id=100003405561693', '0', '0', 'YQ3EbdJHL0KU7vwfOXWwHQP5m_MJQbpg6kZzfV9naf0TqsMhSDlr_VXJBRbfXzPWD019wzkLdOjIyRZuvHKUm8_KSfcAsvZvIvN5Nfwv_ry8rs1Ek5vp_oD_ccPR_fWa', 'wng1xkaYIhmw4bbvlCZl0MkSuuh4n_iAGoiaq_HX', '0', '0');
INSERT INTO `field_blog_comments` (`pages_id`, `data`, `sort`, `id`, `status`, `cite`, `email`, `created`, `created_users_id`, `ip`, `user_agent`, `website`, `parent_id`, `flags`, `code`, `subcode`, `upvotes`, `downvotes`) VALUES('1088', 'Andrew: Yeah me too. I am so used to using jQuery that I find it hard (ahem almost ioilsspbme) to code using core Javascript. (*sigh* sad but true).  In my spare time though, I plan to dabble around with Dojo.Have you tried using Dojo and jQuery at the same time? I wonder if there would be  conflicts  etc  Just curious if someone has actually done this.BTW, checked your blog   I love HongKong and I want to go there again!', '2', '12', '0', 'Alberto', 'jbeal@alltech-tsi.org', '1421640206', '0', '188.143.232.12', '', 'http://www.facebook.com/profile.php?id=100003405863932', '0', '0', 'NsWJYjlT5kxfv7s688in9uQjSEGYdxIaR9W6zwFDe4HFCvWdTcrZoIGmW0KXr7YVS_zKnfGx0NIzB3V0Rk63CwU4u8jPii8F_wzHWAC_tyumtsylCzGkgfSYGMham_Of', 'yCnlTsdqtc_Lq_l59oCxl_Zfqwv_yrE4Nz_DOc0s', '0', '0');
INSERT INTO `field_blog_comments` (`pages_id`, `data`, `sort`, `id`, `status`, `cite`, `email`, `created`, `created_users_id`, `ip`, `user_agent`, `website`, `parent_id`, `flags`, `code`, `subcode`, `upvotes`, `downvotes`) VALUES('1089', 'Hiya, I&#x2019;m really glad I have found this information. Today bloggers publish just about gossips and net and this is really annoying. A good website with interesting content, this is what I need. Thanks for keeping this web-site, I&#x2019;ll be visiting it. Do you do newsletters? Cant find it.', '1', '13', '0', 'google javascript frameworks', 'Preisel@gmail.com', '1421640206', '0', '190.0.45.98', '', 'http://vodoosolutions.com/blog/javascript-frameworks-blog.php', '0', '0', 'F3N_g6hbFusibf_xrLpyBJXvYLvQxZ6iwqaM_Ls03uCkBZkOyW4WLpsgPwraaFmH7jnQrcNNMxFnpmi8zd_Ve7Y86GClrcswQIWCTnKmLd0mLHEd_dz7UVCcvGuTrROp', 'Uh1WADAeLoJXDBMnGJfNIHKgXCS8PSNzVWGwolOb', '0', '0');
INSERT INTO `field_blog_comments` (`pages_id`, `data`, `sort`, `id`, `status`, `cite`, `email`, `created`, `created_users_id`, `ip`, `user_agent`, `website`, `parent_id`, `flags`, `code`, `subcode`, `upvotes`, `downvotes`) VALUES('1090', 'The best idea is to put your classes where the auoeltador can find them. It\'s also a pseudo-convention to mimic the Zend class name structure.For example, say you\'ve made a controller plugin named  Foo . Name the classclass My_Controller_Plugin_Foo extends Zend_Controller_Plugin_Abstractand save the file at library/My/Controller/Plugin/Foo.php.To have the auoeltador pick up your  My  namespace (note, this isn\'t a PHP 5.3 namespace), simply add this to your application.ini fileauoeltadorNamespaces.My = \"My_\"The only restriction here is that your  My  folder must be in the include path. Putting it in the  library  folder solves this.', '1', '14', '0', 'Akash', 'nmeyer@markelcorp.com', '1421640206', '0', '200.169.71.181', '', 'http://www.facebook.com/profile.php?id=100003405877597', '0', '0', 'CybWVfz02G_UxtMr7J94er0bWjl3U_D6jUcvnaNaodEqw7JcuHHLFJy4__rih35nwapEZdJVBLeM9SBCSx0uxyAK_Isqx06ZRl_xP78RxVwGQOVSv4GY66oYHhSf12vh', 'dGFI8in1vmdrx8uhV5JgP5j9ZEbbTAB7DI6ksEe9', '0', '0');
INSERT INTO `field_blog_comments` (`pages_id`, `data`, `sort`, `id`, `status`, `cite`, `email`, `created`, `created_users_id`, `ip`, `user_agent`, `website`, `parent_id`, `flags`, `code`, `subcode`, `upvotes`, `downvotes`) VALUES('1091', 'Hi,\nYou have written very nice article on Yii Behavior. I have a question.\n\nWhat we achieve through behavior, we can achieve through using static methods of a component, than why we use behavior &amp; what would be appropriate place to use it.\n\nThanks', '1', '15', '0', 'Onkar', 'er.onkarjanwa@gmail.com', '1421640206', '0', '182.73.11.102', '', 'http://www.waytoblogger.com', '0', '0', 'JQ1SPtKWErxRuLFNCgZQftL5ggjPnlW57IHv21fHHnsQUjhhYnV_O8MwI2xqPhkBIFySMqr8HtFqOyQyjj1TnEW76uR3ZHU1HOaZq4S1QBOIHRXJ1t8Y2QaLxI4LzoHH', 'HF8DVU0pcTWUmVZsId2ZTq6ygznIJme5nFXNQo_a', '0', '0');
INSERT INTO `field_blog_comments` (`pages_id`, `data`, `sort`, `id`, `status`, `cite`, `email`, `created`, `created_users_id`, `ip`, `user_agent`, `website`, `parent_id`, `flags`, `code`, `subcode`, `upvotes`, `downvotes`) VALUES('1091', 'you do have a point i often wonder why not use Static methods or even another class method, however behaviour aims to achieve some sort of \"Multiple Inheritance\" except that each class must implement an IBehaviour, when a class attaches a behaviour, it attaches the functionality of a class to it,also we can add them during runtime and also detach behaviours, i find the use of behaviour more appealing as it gives me the ability to decouple my codes, you can use the behaviour at any place in the Controller,Model i mostly use Behaviours for additional functionality because i can share behaviours easily to other developers and just plug in. however if my explaination is not enough i got a very good link explaining Yii Behaviours, just imagine it as a \"Copy and Paste\" mechanism.\nhttp://danaluther.blogspot.com/2011/08/keeping-your-yii-models-lean-use.html', '2', '16', '0', 'dojovader', 'okeowoad@okeowoaderemi.com', '1421640206', '0', '41.58.11.105', '', '', '0', '0', 'OmOuOyjtxQvGEEqM0UtwhWVa4i1_DZmCHdHwJ8y7dtYzDrVXWY6FoqLib8fAlLnZ1WKUe7AgvTVHYxTq96Qf0sjygA_t1dMrxpZzPeM1ReMy9Jigo6oFb1S3izCbYnuk', 'C5lqgbTVyStfT6gM62c9I41zuQsDoQstZ0AuUds_', '0', '0');
INSERT INTO `field_blog_comments` (`pages_id`, `data`, `sort`, `id`, `status`, `cite`, `email`, `created`, `created_users_id`, `ip`, `user_agent`, `website`, `parent_id`, `flags`, `code`, `subcode`, `upvotes`, `downvotes`) VALUES('1092', '[...] rest is here: Switching to Ubuntu Distro &#x00ab; okeowoaderemi.com   This entry was posted in 1, 1.1, 10, 11, 11.10, ad, after, all, Always, an, ati, bad, bit, class, [...]', '1', '17', '0', 'Switching to Ubuntu Distro &#x00ab; okeowoaderemi.com | Pici&#039;s Ubuntu Blog', '', '1421640216', '0', '90.225.68.10', '', 'http://ubuntu.pici.nu/2012/04/07/switching-to-ubuntu-distro-%c2%ab-okeowoaderemi-com/', '0', '0', 'mVhCZ6ZRNSe7BZhdCG_Bv4tHeMFrX_eMx6etGdwsfQqPVvtRQ2Zk77RUy1q4bD_7yZKgwt0A7Y3RjgOImd29YHVDCkeDjg0BQinGRF8ForXqm6HfC1yEwIiY_Dv4_G6O', 'PQT4Prx5xxPcnLAlryACK0OgCblajK3uhE5uCa0X', '0', '0');
INSERT INTO `field_blog_comments` (`pages_id`, `data`, `sort`, `id`, `status`, `cite`, `email`, `created`, `created_users_id`, `ip`, `user_agent`, `website`, `parent_id`, `flags`, `code`, `subcode`, `upvotes`, `downvotes`) VALUES('1092', 'Hi,I\'ve been distro shnoippg for a few weeks now and I must say, I really like what you\'ve put together. I\'ve been looking for a good, current distro that will let me keep my wobbly windows and rotating cube yet, be easy to navigate.Everything just works from the headset and webcam to the applications including LibreOffice. I also reallly like the way you\'ve set up the dock. It\'s easy to configure and position the way I want it to be, and it\'s out of the way after I\'ve selected the application I want to run.Thank you.Scott', '2', '18', '0', 'Sitaram', 'info@szymkowiak.pl', '1421640216', '0', '120.146.228.167', '', 'http://www.facebook.com/profile.php?id=100003405852819', '0', '0', 'KMM_gJkR5zR18XzFJ_rmK85_wFLA6Z2y94hDkXPD_dR679YwJ9UOers87vdmGse7sv2C_sVWDxSoS7UfPsqDSb6ytfdzl0KDWrarrPUxC_A8JpKNcNFVAs5gllTa8o9Y', 'SifqZqDq73ML44aGyeEFaJ_SvwOtkWOGkyB25U3s', '0', '0');
INSERT INTO `field_blog_comments` (`pages_id`, `data`, `sort`, `id`, `status`, `cite`, `email`, `created`, `created_users_id`, `ip`, `user_agent`, `website`, `parent_id`, `flags`, `code`, `subcode`, `upvotes`, `downvotes`) VALUES('1092', ').My advice to you?  Don\'t *install* ainnhytg, no matterwhat anyone tells you.  Work your way through a fewlive CD or USB stick distributions first.  Here\'s one tostart you off. It\'s small, quite fun  and yes, you caneven run this one from a USB stick.The second and third links give access to a widevariety of meatier distros, useful when you are betterinformed.HTH', '3', '19', '0', 'Tomy', 'info@gipsoteca.net', '1421640216', '0', '203.161.153.90', '', 'http://www.facebook.com/profile.php?id=100003405871967', '0', '0', 'qiindrB_JwmaIyfvA_w72hkY8BVnwnubq6kGG_KqVqBdByK0CUEYJY4RjUMiYEDFTgkku_awFKdjczj3jnKk8SRQs3feOWrLYGVFA2nuusL9lcY_XhhLTAlyNUeoxen0', 'GKdsU281DnLOfR_UVU6vEoUWJZK3P03eqM9YCVSr', '0', '0');
INSERT INTO `field_blog_comments` (`pages_id`, `data`, `sort`, `id`, `status`, `cite`, `email`, `created`, `created_users_id`, `ip`, `user_agent`, `website`, `parent_id`, `flags`, `code`, `subcode`, `upvotes`, `downvotes`) VALUES('1094', 'Nice, you can create a custom package like the jquery package in Yii framework like this you can reuse it and you will call dojo like jquery is tied to yii.\n\nhttp://danaluther.blogspot.com/2012/03/using-packages-with-clientscript.html\nhttp://www.yiiframework.com/doc/api/1.1/CClientScript#registerPackage-detail\n\nI spose to rewrite AJAX calls in CHtml helper and other classes if you want of course.\n\nI tink jquery ui is not mature like dojo so I hope I can make some dojo dijit based Yii widgets and share it with the community.', '1', '20', '0', 'Mohamed Cherif BOUCHELAGHEM', 'cherif.bouchelaghem@gmail.com', '1421640216', '0', '196.46.254.234', '', '', '0', '0', 'WBTQjC9cc_Ah9Mh5o5UM4CMI7zwgpWMksBri3b_NWwa4YFK2GKG1zQwtR_BInN9x8D9d7wXiAa2NUeTqP9UhjzxFgdCnkI2Y_wYu9B6o3582aBWIF_a56lefmw_3j07i', 'BAvYJOWHb3Stc_yjwhKHKUUlNiHOdxJWHQRpzLtD', '0', '0');
INSERT INTO `field_blog_comments` (`pages_id`, `data`, `sort`, `id`, `status`, `cite`, `email`, `created`, `created_users_id`, `ip`, `user_agent`, `website`, `parent_id`, `flags`, `code`, `subcode`, `upvotes`, `downvotes`) VALUES('1094', 'Thanks also i think i would look into the package way in your articles that actually makes much sense, as it avoids loading a script before its dependency,also i think there is a Dojo.Widget Yii Library but i am really looking forward to Yii widgets powered by Dojo Toolkit just like the Zend Framework. please do inform me when you start also you can join the DojoToolkit Community on Facebook, additional support will be given.\nhttp://www.facebook.com/groups/4375511291/', '2', '21', '0', 'dojovader', 'okeowoad@okeowoaderemi.com', '1421640216', '0', '41.58.30.35', '', '', '0', '0', 'jxZbAcrxjy0NkvmEiw_sMzBnas2zn_HSDXSkwAycQOw1j7VcCq_AoXJGsMmvV2D397KEuaZjtjn_QT98zopH0QPQT1CxlpgepEbbmvacpywQNSWw0so9oK1Z0K_CktR0', 'IV2Dgbc_xqHZO6n1QtwJikesY4MCin2Z1_cwoMV5', '0', '0');
INSERT INTO `field_blog_comments` (`pages_id`, `data`, `sort`, `id`, `status`, `cite`, `email`, `created`, `created_users_id`, `ip`, `user_agent`, `website`, `parent_id`, `flags`, `code`, `subcode`, `upvotes`, `downvotes`) VALUES('1094', 'dojovader, Thanks I hope that helps :) I dont know if I will start this now or better to wait DOJO 2.0, right now there\'s a  dojo dijit powered on the yii extensions repository http://www.yiiframework.com/extension/dojo/ based on Dojo 1.6 and it is not maintained maybe it\'s a good start point.', '3', '22', '0', 'Mohamed Cherif BOUCHELAGHEM', 'cherif.bouchelaghem@gmail.com', '1421640216', '0', '196.46.254.234', '', '', '0', '0', 'nExFHwfjBobvtI25tOtGVc_hrhdbDrfZ4aFs2CXStJgksUUfJ49aQyY4vUFS2be3_O1ZDMaVxrdovNNpfFnbGsVKd7FHzcWbYxxSrQMvKD7FaAhDbx6M5ChoXfqFFRNS', 'Vg1LQCUC5ktlkfpgJAvEU1rauqDeBCrbcDn_wCYd', '0', '0');
INSERT INTO `field_blog_comments` (`pages_id`, `data`, `sort`, `id`, `status`, `cite`, `email`, `created`, `created_users_id`, `ip`, `user_agent`, `website`, `parent_id`, `flags`, `code`, `subcode`, `upvotes`, `downvotes`) VALUES('1100', 'Thanks for the thoughtful review. Can I reprint it with crediting at my site?', '1', '23', '0', 'David Karlins', 'dkarlins@davidkarlins.com', '1421640224', '0', '69.38.133.4', '', 'http://www.davidkarlins.com', '0', '0', 'GRfRsMDwiJuN9XgN0_XcRYMvfU5Qv5pyobzn5pJ1PH_kFYCMe1rM38bb4LJ081DB53vqOypKZlLPI_gRqSHwk5FiaMgq8hXdORSpAXENICYSPOEI4NY3hba9v9FhWIkm', 'uhHpQ3c5fXr1ZwwElLeA9q9u8LVWHotWvfCmk5S7', '0', '0');
INSERT INTO `field_blog_comments` (`pages_id`, `data`, `sort`, `id`, `status`, `cite`, `email`, `created`, `created_users_id`, `ip`, `user_agent`, `website`, `parent_id`, `flags`, `code`, `subcode`, `upvotes`, `downvotes`) VALUES('1100', 'Thank you for providing review about this book.', '2', '24', '0', 'Mobile Application Development', 'digitalmindshyd03@gmail.com', '1421640224', '0', '123.176.42.146', '', 'http://www.dmss.co.in/digitalminds/Application-Development.html', '0', '0', 'mdy_uJMgs16o7Tp0TUHfYbPCxTsBHZmRmGhdqCJqENRRJcvc_hACCnhoxIHJQyhbMPxGduQGOjz_pZyY2UaUFwJIeF3ga_ZNIn7rk4F9MJYdevB_3VxWyEugFR0_HFIM', 'CHMuYvWoR9UINvk5aZdoy7e0j2sHO1rlNZHrdxTY', '0', '0');
INSERT INTO `field_blog_comments` (`pages_id`, `data`, `sort`, `id`, `status`, `cite`, `email`, `created`, `created_users_id`, `ip`, `user_agent`, `website`, `parent_id`, `flags`, `code`, `subcode`, `upvotes`, `downvotes`) VALUES('1100', ':D with all pleasure, I really enjoyed your book.', '3', '25', '0', 'dojovader', 'okeowoad@okeowoaderemi.com', '1421640224', '0', '197.226.238.63', '', '', '0', '0', 'Q2GQ4wPTd5wqNlmgmToM0Z4i3KcGlDzFSB9vNWhEhRDIVO7mF1vO11Z7LITs8KTfEhLolLF6dg7E1nS3_SPRXYjoJpuxzkU6Yrwy9kNsuFvF9ZP7c9vdVw7A0ea3BLnM', 'K1rnQRwq3508EVNfgZgyVq7u_PS_a6RuwhXK_HmV', '0', '0');
INSERT INTO `field_blog_comments` (`pages_id`, `data`, `sort`, `id`, `status`, `cite`, `email`, `created`, `created_users_id`, `ip`, `user_agent`, `website`, `parent_id`, `flags`, `code`, `subcode`, `upvotes`, `downvotes`) VALUES('1103', 'Good info. I am going to finnish reading this tonight. The cheat sheet image&#039;s bottom is cut of.&nbsp;Can you send it to me? It is a great way to see what ZF2 actually does. Thanks', '1', '26', '1', 'Dean Harber', 'webdesign@webateljee.co.za', '1421640233', '0', '105.236.168.107', '', '', '0', '0', 'FACQmJLbOy5umnrYxo0b9l8daYRiajdeLTmW23_4RNPoH2LM7mrLQ4n8fsNeEJEJJha90dcT9L_vdhaqO_UWk6U4NoUSYUDj_Wqu6lD5yxCMsx6bz3V7l7ogZOdqG658', 'Xq6j8o9c_ysn7wIwhroXjnLLO_aKsJZKqMSFWFgK', '0', '0');
INSERT INTO `field_blog_comments` (`pages_id`, `data`, `sort`, `id`, `status`, `cite`, `email`, `created`, `created_users_id`, `ip`, `user_agent`, `website`, `parent_id`, `flags`, `code`, `subcode`, `upvotes`, `downvotes`) VALUES('1103', 'Hi Dean, you can get the complete cheat sheet image from this link http://zendframework2.de/cheat-sheet.html', '2', '27', '1', 'Chibuike Mba', 'chibexme@yahoo.com', '1421640233', '0', '41.203.69.1', '', 'http://chibex.net', '0', '0', 'Gwvc3XSwx3pt_AmcjUNnSstKKsFbiXfOOi3CFGBlPi5bV_VpEZfvlM5H9C_Qg1HAHO_Oi94b_V_ieAS1Ms8LC71JdGJM6CR_YiFYCo6K0OgtfLYV5m6W1mjFpnW8TZbh', 'k8OdWulUCyb9sxa3pqPmEOreRHb6FXYHBD9KwDd8', '0', '0');
INSERT INTO `field_blog_comments` (`pages_id`, `data`, `sort`, `id`, `status`, `cite`, `email`, `created`, `created_users_id`, `ip`, `user_agent`, `website`, `parent_id`, `flags`, `code`, `subcode`, `upvotes`, `downvotes`) VALUES('1103', 'Thanks the image has been updated.', '3', '28', '1', 'dojovader', 'okeowoad@okeowoaderemi.com', '1421640233', '0', '41.58.207.238', '', '', '0', '0', 'DPSAa4OAXsVy2GXxbGgf7UwMbk9nHP9qvB_QOYCqhZuxzqFi9m1U_hi1mU3HWzWDej_MA6GJlsJqvcSErk31lPtv_VciAv7e1n0PUzaC_X9RXCkx_I3Ej1HZTN1tH1fi', 'UoBtk7vKo5de17jqmPmhkJ3DHv8x694a8nYILrDW', '0', '0');
INSERT INTO `field_blog_comments` (`pages_id`, `data`, `sort`, `id`, `status`, `cite`, `email`, `created`, `created_users_id`, `ip`, `user_agent`, `website`, `parent_id`, `flags`, `code`, `subcode`, `upvotes`, `downvotes`) VALUES('1132', 'amqmIS  gsglzrzbjxfo, [url=http://rftbckamarpq.com/]rftbckamarpq[/url], [link=http://vvnqfmctlszj.com/]vvnqfmctlszj[/link], http://vvhuensnuwix.com/', '3', '32', '0', 'amqmIS  gsglzrzbjxfo, [url=http://rftbckamarpq.com/]rftbckamarpq[/url], [link=http://vvnq', 'tvovlk@nuojpy.com', '1427434703', '40', '37.57.231.112', 'Mozilla/4.0 (compatible; MSIE 6.0; Windows NT 5.1; SV1)', '', '0', '0', 'UCkGKQNA6OOyM_0Y_pB6n06NxrXc6fVWPeG19PUYc21QWbiVHoLjS24oOwHReodjQFH3Zg_7EUvdIQOIMc81auH7k7yhAGRVEsU89jASbZYnxKCIR9OWnuuDDwJtL2Q1', 'JpGxjiT57M_ifTgnoiNrpCWAMjz0I8o2p8xuLox_', '0', '0');
INSERT INTO `field_blog_comments` (`pages_id`, `data`, `sort`, `id`, `status`, `cite`, `email`, `created`, `created_users_id`, `ip`, `user_agent`, `website`, `parent_id`, `flags`, `code`, `subcode`, `upvotes`, `downvotes`) VALUES('1133', 'Welcome back Remi.. i am glad to read your posts again so try to keep this up bro. Cheers', '2', '33', '1', 'Deremmy', 'deremmy@gmail.com', '1427749772', '40', '105.235.155.3', 'Mozilla/5.0 (Windows NT 6.1; WOW64) AppleWebKit/537.36 (KHTML, like Gecko) Chrome/41.0.2272.101 Safari/537.36', '', '0', '0', 'vkMdSCu2w2609ne6SORnkYtooSZMONXGIOA27do5rlao9TN9fp_Orj8a6SS7h_CAy45n5SWRwX6Q10UKEjagr_kosoixTPQqzOisoIjbU3lao9SXOcIS3eRuarSQ2GDh', 'bkbK8U40_sbNbqCzkBgOIC7nJGUyHBQji6mBD2N4', '0', '0');
INSERT INTO `field_blog_comments` (`pages_id`, `data`, `sort`, `id`, `status`, `cite`, `email`, `created`, `created_users_id`, `ip`, `user_agent`, `website`, `parent_id`, `flags`, `code`, `subcode`, `upvotes`, `downvotes`) VALUES('1132', 'mCDXPE  wnwwjzspzcnd, [url=http://tpsrgmpcudaj.com/]tpsrgmpcudaj[/url], [link=http://bwhtrpwtmhrj.com/]bwhtrpwtmhrj[/link], http://zipwuxxuuhfp.com/', '3', '35', '0', 'jMLxSOMZXaKlRLzOOFq', 'uhozih@bmqtvs.com', '1428813704', '40', '46.161.41.199', 'Mozilla/4.0 (compatible; MSIE 6.0; Windows NT 5.1; SV1)', '', '0', '0', 'm9iBzg0bYIlpKbmSIzGurI4I8VOa64c25IvQ5xE130ftSwPaXuGgByUnBbQt8ZuocBUXXdxgloa3geq8wxsbZYdQ65UWwC4kwjB7l2f7bhqwEgL_KYSOG5VopWqnh5Qg', '2twR4qG6nY9rEMF1oKytylJqKFNR3YG8Y5ArMKpL', '0', '0');

DROP TABLE IF EXISTS `field_blog_comments_max`;
CREATE TABLE `field_blog_comments_max` (
  `pages_id` int(10) unsigned NOT NULL,
  `data` int(11) NOT NULL,
  PRIMARY KEY (`pages_id`),
  KEY `data` (`data`)
) ENGINE=MyISAM DEFAULT CHARSET=utf8;

INSERT INTO `field_blog_comments_max` (`pages_id`, `data`) VALUES('1028', '0');

DROP TABLE IF EXISTS `field_blog_comments_view`;
CREATE TABLE `field_blog_comments_view` (
  `pages_id` int(10) unsigned NOT NULL,
  `data` int(11) NOT NULL,
  `sort` int(10) unsigned NOT NULL,
  PRIMARY KEY (`pages_id`,`sort`),
  KEY `data` (`data`,`pages_id`,`sort`)
) ENGINE=MyISAM DEFAULT CHARSET=utf8;

INSERT INTO `field_blog_comments_view` (`pages_id`, `data`, `sort`) VALUES('1103', '1036', '0');
INSERT INTO `field_blog_comments_view` (`pages_id`, `data`, `sort`) VALUES('1132', '1036', '0');
INSERT INTO `field_blog_comments_view` (`pages_id`, `data`, `sort`) VALUES('1133', '1036', '0');
INSERT INTO `field_blog_comments_view` (`pages_id`, `data`, `sort`) VALUES('1028', '1037', '0');
INSERT INTO `field_blog_comments_view` (`pages_id`, `data`, `sort`) VALUES('1086', '1037', '0');

DROP TABLE IF EXISTS `field_blog_comments_votes`;
CREATE TABLE `field_blog_comments_votes` (
  `comment_id` int(10) unsigned NOT NULL,
  `vote` tinyint(4) NOT NULL,
  `created` timestamp NOT NULL DEFAULT CURRENT_TIMESTAMP ON UPDATE CURRENT_TIMESTAMP,
  `ip` varchar(15) NOT NULL DEFAULT '',
  `user_id` int(10) unsigned NOT NULL DEFAULT '0',
  PRIMARY KEY (`comment_id`,`ip`,`vote`),
  KEY `created` (`created`)
) ENGINE=MyISAM DEFAULT CHARSET=utf8;

INSERT INTO `field_blog_comments_votes` (`comment_id`, `vote`, `created`, `ip`, `user_id`) VALUES('2', '1', '2015-01-05 05:03:43', '127.0.0.1', '41');
INSERT INTO `field_blog_comments_votes` (`comment_id`, `vote`, `created`, `ip`, `user_id`) VALUES('2', '-1', '2015-01-05 05:03:45', '127.0.0.1', '41');

DROP TABLE IF EXISTS `field_blog_date`;
CREATE TABLE `field_blog_date` (
  `pages_id` int(10) unsigned NOT NULL,
  `data` datetime NOT NULL,
  PRIMARY KEY (`pages_id`),
  KEY `data` (`data`)
) ENGINE=MyISAM DEFAULT CHARSET=utf8;

INSERT INTO `field_blog_date` (`pages_id`, `data`) VALUES('1133', '2015-03-29 11:39:00');
INSERT INTO `field_blog_date` (`pages_id`, `data`) VALUES('1132', '2015-02-12 09:48:00');
INSERT INTO `field_blog_date` (`pages_id`, `data`) VALUES('1083', '2011-12-09 00:02:18');
INSERT INTO `field_blog_date` (`pages_id`, `data`) VALUES('1084', '2011-12-27 15:46:38');
INSERT INTO `field_blog_date` (`pages_id`, `data`) VALUES('1085', '2012-01-11 15:05:09');
INSERT INTO `field_blog_date` (`pages_id`, `data`) VALUES('1086', '2012-01-20 20:06:00');
INSERT INTO `field_blog_date` (`pages_id`, `data`) VALUES('1087', '2012-02-07 21:41:44');
INSERT INTO `field_blog_date` (`pages_id`, `data`) VALUES('1088', '2012-02-14 00:54:00');
INSERT INTO `field_blog_date` (`pages_id`, `data`) VALUES('1089', '2012-02-22 23:02:22');
INSERT INTO `field_blog_date` (`pages_id`, `data`) VALUES('1090', '2012-03-05 13:46:25');
INSERT INTO `field_blog_date` (`pages_id`, `data`) VALUES('1091', '2012-03-12 02:31:29');
INSERT INTO `field_blog_date` (`pages_id`, `data`) VALUES('1092', '2012-04-08 00:38:29');
INSERT INTO `field_blog_date` (`pages_id`, `data`) VALUES('1093', '2012-04-22 19:30:37');
INSERT INTO `field_blog_date` (`pages_id`, `data`) VALUES('1094', '2012-04-22 23:35:00');
INSERT INTO `field_blog_date` (`pages_id`, `data`) VALUES('1095', '2012-04-30 20:49:33');
INSERT INTO `field_blog_date` (`pages_id`, `data`) VALUES('1096', '2012-05-27 15:19:09');
INSERT INTO `field_blog_date` (`pages_id`, `data`) VALUES('1097', '2012-06-30 08:54:49');
INSERT INTO `field_blog_date` (`pages_id`, `data`) VALUES('1098', '2012-08-06 18:49:55');
INSERT INTO `field_blog_date` (`pages_id`, `data`) VALUES('1099', '2013-04-09 20:22:40');
INSERT INTO `field_blog_date` (`pages_id`, `data`) VALUES('1100', '2013-07-29 11:01:47');
INSERT INTO `field_blog_date` (`pages_id`, `data`) VALUES('1101', '2013-08-15 17:57:05');
INSERT INTO `field_blog_date` (`pages_id`, `data`) VALUES('1102', '2013-09-16 17:09:18');
INSERT INTO `field_blog_date` (`pages_id`, `data`) VALUES('1103', '2013-09-21 08:05:00');
INSERT INTO `field_blog_date` (`pages_id`, `data`) VALUES('1104', '2013-12-25 09:39:35');
INSERT INTO `field_blog_date` (`pages_id`, `data`) VALUES('1105', '2014-01-08 16:25:56');
INSERT INTO `field_blog_date` (`pages_id`, `data`) VALUES('1106', '2014-02-28 17:05:10');
INSERT INTO `field_blog_date` (`pages_id`, `data`) VALUES('1107', '2014-03-26 11:58:00');

DROP TABLE IF EXISTS `field_blog_files`;
CREATE TABLE `field_blog_files` (
  `pages_id` int(10) unsigned NOT NULL,
  `data` varchar(255) NOT NULL,
  `sort` int(10) unsigned NOT NULL,
  `description` text NOT NULL,
  `modified` datetime DEFAULT NULL,
  `created` datetime DEFAULT NULL,
  PRIMARY KEY (`pages_id`,`sort`),
  KEY `data` (`data`),
  KEY `modified` (`modified`),
  KEY `created` (`created`),
  FULLTEXT KEY `description` (`description`)
) ENGINE=MyISAM DEFAULT CHARSET=utf8;


DROP TABLE IF EXISTS `field_blog_headline`;
CREATE TABLE `field_blog_headline` (
  `pages_id` int(10) unsigned NOT NULL,
  `data` text NOT NULL,
  PRIMARY KEY (`pages_id`),
  KEY `data_exact` (`data`(255)),
  FULLTEXT KEY `data` (`data`)
) ENGINE=MyISAM DEFAULT CHARSET=utf8;

INSERT INTO `field_blog_headline` (`pages_id`, `data`) VALUES('1032', 'My Awesome Blog (optional)');
INSERT INTO `field_blog_headline` (`pages_id`, `data`) VALUES('1028', 'Recent Comments');

DROP TABLE IF EXISTS `field_blog_href`;
CREATE TABLE `field_blog_href` (
  `pages_id` int(10) unsigned NOT NULL,
  `data` text NOT NULL,
  PRIMARY KEY (`pages_id`),
  KEY `data_exact` (`data`(255)),
  FULLTEXT KEY `data` (`data`)
) ENGINE=MyISAM DEFAULT CHARSET=utf8;


DROP TABLE IF EXISTS `field_blog_images`;
CREATE TABLE `field_blog_images` (
  `pages_id` int(10) unsigned NOT NULL,
  `data` varchar(255) NOT NULL,
  `sort` int(10) unsigned NOT NULL,
  `description` text NOT NULL,
  `modified` datetime DEFAULT NULL,
  `created` datetime DEFAULT NULL,
  PRIMARY KEY (`pages_id`,`sort`),
  KEY `data` (`data`),
  KEY `modified` (`modified`),
  KEY `created` (`created`),
  FULLTEXT KEY `description` (`description`)
) ENGINE=MyISAM DEFAULT CHARSET=utf8;

INSERT INTO `field_blog_images` (`pages_id`, `data`, `sort`, `description`, `modified`, `created`) VALUES('1086', 'zendpage.jpg', '4', 'zendpage', '2015-01-19 05:03:23', '2015-01-19 05:03:23');
INSERT INTO `field_blog_images` (`pages_id`, `data`, `sort`, `description`, `modified`, `created`) VALUES('1086', 'host.jpg', '3', 'host', '2015-01-19 05:03:23', '2015-01-19 05:03:23');
INSERT INTO `field_blog_images` (`pages_id`, `data`, `sort`, `description`, `modified`, `created`) VALUES('1086', 'directory.jpg', '2', 'directory', '2015-01-19 05:03:22', '2015-01-19 05:03:22');
INSERT INTO `field_blog_images` (`pages_id`, `data`, `sort`, `description`, `modified`, `created`) VALUES('1086', 'system.jpg', '1', 'system', '2015-01-19 05:03:22', '2015-01-19 05:03:22');
INSERT INTO `field_blog_images` (`pages_id`, `data`, `sort`, `description`, `modified`, `created`) VALUES('1086', 'cli.jpg', '0', 'cli', '2015-01-19 05:03:21', '2015-01-19 05:03:21');
INSERT INTO `field_blog_images` (`pages_id`, `data`, `sort`, `description`, `modified`, `created`) VALUES('1088', 'remi-1024x447.jpg', '0', 'remi', '2015-01-19 05:03:24', '2015-01-19 05:03:24');
INSERT INTO `field_blog_images` (`pages_id`, `data`, `sort`, `description`, `modified`, `created`) VALUES('1092', 'screenshot-at-2012-04-08-012756-1024x582.png', '2', 'Screenshot at 2012-04-08 01:27:56', '2015-01-19 05:03:32', '2015-01-19 05:03:32');
INSERT INTO `field_blog_images` (`pages_id`, `data`, `sort`, `description`, `modified`, `created`) VALUES('1092', 'screenshot-at-2012-04-08-001724-e1333837229824.png', '1', 'Screenshot at 2012-04-08 00:17:24', '2015-01-19 05:03:28', '2015-01-19 05:03:28');
INSERT INTO `field_blog_images` (`pages_id`, `data`, `sort`, `description`, `modified`, `created`) VALUES('1092', 'screenshot-at-2012-04-08-000153-e1333836632368.png', '0', 'Screenshot at 2012-04-08 00:01:53', '2015-01-19 05:03:27', '2015-01-19 05:03:27');
INSERT INTO `field_blog_images` (`pages_id`, `data`, `sort`, `description`, `modified`, `created`) VALUES('1100', 'home-791x1024.png', '0', 'Cover Page', '2015-01-19 05:03:40', '2015-01-19 05:03:40');
INSERT INTO `field_blog_images` (`pages_id`, `data`, `sort`, `description`, `modified`, `created`) VALUES('1101', '3127ot_object-oriented-javascript.jpg', '0', 'Object Oriented JavaScript', '2015-01-19 05:03:44', '2015-01-19 05:03:44');
INSERT INTO `field_blog_images` (`pages_id`, `data`, `sort`, `description`, `modified`, `created`) VALUES('1102', '7545ot_highcharts_20starter_instant_cov.jpg', '0', 'Instant Highcharts', '2015-01-19 05:03:46', '2015-01-19 05:03:46');
INSERT INTO `field_blog_images` (`pages_id`, `data`, `sort`, `description`, `modified`, `created`) VALUES('1103', 'zend-framework-2-cheat-sheet-start.png', '1', '', '2015-01-19 05:03:52', '2015-01-19 05:03:52');
INSERT INTO `field_blog_images` (`pages_id`, `data`, `sort`, `description`, `modified`, `created`) VALUES('1103', 'op991.jpg', '2', 'Credit goes to Memegenerator.net', '2015-01-19 05:03:52', '2015-01-19 05:03:52');
INSERT INTO `field_blog_images` (`pages_id`, `data`, `sort`, `description`, `modified`, `created`) VALUES('1103', 'zf2-flowchart.jpg', '0', 'ZF2 Full Image, thanks to Arie Vandenberg for getting me the full version, Credit goes to Micheal Romer', '2015-01-19 05:03:52', '2015-01-19 05:03:52');
INSERT INTO `field_blog_images` (`pages_id`, `data`, `sort`, `description`, `modified`, `created`) VALUES('1104', '782x300_main_banner.jpg', '0', '', '2015-01-19 05:03:55', '2015-01-19 05:03:55');
INSERT INTO `field_blog_images` (`pages_id`, `data`, `sort`, `description`, `modified`, `created`) VALUES('1105', 'zf2cover.png', '0', '', '2015-01-19 05:03:56', '2015-01-19 05:03:56');
INSERT INTO `field_blog_images` (`pages_id`, `data`, `sort`, `description`, `modified`, `created`) VALUES('1107', '2000th-book-home-page-banner.png', '0', '', '2015-01-19 05:03:58', '2015-01-19 05:03:58');
INSERT INTO `field_blog_images` (`pages_id`, `data`, `sort`, `description`, `modified`, `created`) VALUES('1108', 'tuio-1024x575.png', '0', '', '2015-01-19 05:03:59', '2015-01-19 05:03:59');
INSERT INTO `field_blog_images` (`pages_id`, `data`, `sort`, `description`, `modified`, `created`) VALUES('1112', 'psd2xhtml.png', '1', 'psd2xhtml', '2015-01-19 05:04:00', '2015-01-19 05:04:00');
INSERT INTO `field_blog_images` (`pages_id`, `data`, `sort`, `description`, `modified`, `created`) VALUES('1112', 'ria-785x402.png', '2', 'ria-785x402', '2015-01-19 05:04:00', '2015-01-19 05:04:00');
INSERT INTO `field_blog_images` (`pages_id`, `data`, `sort`, `description`, `modified`, `created`) VALUES('1112', 'aria.png', '0', 'Aria', '2015-01-19 05:04:00', '2015-01-19 05:04:00');
INSERT INTO `field_blog_images` (`pages_id`, `data`, `sort`, `description`, `modified`, `created`) VALUES('1133', 'img_20150314_133321.jpg', '0', 'Python', '2015-03-29 11:24:37', '2015-03-29 11:24:37');

DROP TABLE IF EXISTS `field_blog_links`;
CREATE TABLE `field_blog_links` (
  `pages_id` int(10) unsigned NOT NULL,
  `data` text NOT NULL,
  `count` int(11) NOT NULL,
  `parent_id` int(11) NOT NULL,
  PRIMARY KEY (`pages_id`),
  KEY `data_exact` (`data`(1)),
  KEY `count` (`count`,`pages_id`),
  KEY `parent_id` (`parent_id`,`pages_id`),
  FULLTEXT KEY `data` (`data`)
) ENGINE=MyISAM DEFAULT CHARSET=utf8;

INSERT INTO `field_blog_links` (`pages_id`, `data`, `count`, `parent_id`) VALUES('1041', '', '0', '1042');

DROP TABLE IF EXISTS `field_blog_note`;
CREATE TABLE `field_blog_note` (
  `pages_id` int(10) unsigned NOT NULL,
  `data` text NOT NULL,
  PRIMARY KEY (`pages_id`),
  KEY `data_exact` (`data`(255)),
  FULLTEXT KEY `data` (`data`)
) ENGINE=MyISAM DEFAULT CHARSET=utf8;


DROP TABLE IF EXISTS `field_blog_quantity`;
CREATE TABLE `field_blog_quantity` (
  `pages_id` int(10) unsigned NOT NULL,
  `data` int(11) NOT NULL,
  PRIMARY KEY (`pages_id`),
  KEY `data` (`data`)
) ENGINE=MyISAM DEFAULT CHARSET=utf8;

INSERT INTO `field_blog_quantity` (`pages_id`, `data`) VALUES('1032', '6');
INSERT INTO `field_blog_quantity` (`pages_id`, `data`) VALUES('1028', '10');
INSERT INTO `field_blog_quantity` (`pages_id`, `data`) VALUES('1040', '3');
INSERT INTO `field_blog_quantity` (`pages_id`, `data`) VALUES('1039', '3');
INSERT INTO `field_blog_quantity` (`pages_id`, `data`) VALUES('1043', '3');

DROP TABLE IF EXISTS `field_blog_small`;
CREATE TABLE `field_blog_small` (
  `pages_id` int(10) unsigned NOT NULL,
  `data` int(11) NOT NULL,
  PRIMARY KEY (`pages_id`),
  KEY `data` (`data`)
) ENGINE=MyISAM DEFAULT CHARSET=utf8;

INSERT INTO `field_blog_small` (`pages_id`, `data`) VALUES('1032', '0');

DROP TABLE IF EXISTS `field_blog_summary`;
CREATE TABLE `field_blog_summary` (
  `pages_id` int(10) unsigned NOT NULL,
  `data` mediumtext NOT NULL,
  PRIMARY KEY (`pages_id`),
  KEY `data_exact` (`data`(255)),
  FULLTEXT KEY `data` (`data`)
) ENGINE=MyISAM DEFAULT CHARSET=utf8;

INSERT INTO `field_blog_summary` (`pages_id`, `data`) VALUES('1032', 'This is a blog about this and that (optional tagline)');
INSERT INTO `field_blog_summary` (`pages_id`, `data`) VALUES('1040', 'Shows a limited number of the most recent comments in a list. Set this number in General Settings.');
INSERT INTO `field_blog_summary` (`pages_id`, `data`) VALUES('1039', 'Shows a limited number of your most recent posts in a list. Set this number in General Settings.');
INSERT INTO `field_blog_summary` (`pages_id`, `data`) VALUES('1043', 'Shows a limited list of your most recent tweets. Set this number in General Settings.');
INSERT INTO `field_blog_summary` (`pages_id`, `data`) VALUES('1041', 'Shows links to other blogs that you like.');
INSERT INTO `field_blog_summary` (`pages_id`, `data`) VALUES('1044', 'Renders Post\'s author biography.');

DROP TABLE IF EXISTS `field_blog_tags`;
CREATE TABLE `field_blog_tags` (
  `pages_id` int(10) unsigned NOT NULL,
  `data` int(11) NOT NULL,
  `sort` int(10) unsigned NOT NULL,
  PRIMARY KEY (`pages_id`,`sort`),
  KEY `data` (`data`,`pages_id`,`sort`)
) ENGINE=MyISAM DEFAULT CHARSET=utf8;

INSERT INTO `field_blog_tags` (`pages_id`, `data`, `sort`) VALUES('1084', '1051', '0');
INSERT INTO `field_blog_tags` (`pages_id`, `data`, `sort`) VALUES('1084', '1052', '1');
INSERT INTO `field_blog_tags` (`pages_id`, `data`, `sort`) VALUES('1088', '1052', '0');
INSERT INTO `field_blog_tags` (`pages_id`, `data`, `sort`) VALUES('1094', '1052', '0');
INSERT INTO `field_blog_tags` (`pages_id`, `data`, `sort`) VALUES('1100', '1053', '0');
INSERT INTO `field_blog_tags` (`pages_id`, `data`, `sort`) VALUES('1084', '1054', '2');
INSERT INTO `field_blog_tags` (`pages_id`, `data`, `sort`) VALUES('1088', '1055', '1');
INSERT INTO `field_blog_tags` (`pages_id`, `data`, `sort`) VALUES('1100', '1055', '1');
INSERT INTO `field_blog_tags` (`pages_id`, `data`, `sort`) VALUES('1084', '1056', '3');
INSERT INTO `field_blog_tags` (`pages_id`, `data`, `sort`) VALUES('1084', '1057', '4');
INSERT INTO `field_blog_tags` (`pages_id`, `data`, `sort`) VALUES('1088', '1057', '2');
INSERT INTO `field_blog_tags` (`pages_id`, `data`, `sort`) VALUES('1100', '1057', '2');
INSERT INTO `field_blog_tags` (`pages_id`, `data`, `sort`) VALUES('1092', '1058', '0');
INSERT INTO `field_blog_tags` (`pages_id`, `data`, `sort`) VALUES('1088', '1059', '3');
INSERT INTO `field_blog_tags` (`pages_id`, `data`, `sort`) VALUES('1084', '1060', '5');
INSERT INTO `field_blog_tags` (`pages_id`, `data`, `sort`) VALUES('1086', '1061', '0');
INSERT INTO `field_blog_tags` (`pages_id`, `data`, `sort`) VALUES('1091', '1061', '0');
INSERT INTO `field_blog_tags` (`pages_id`, `data`, `sort`) VALUES('1103', '1061', '0');
INSERT INTO `field_blog_tags` (`pages_id`, `data`, `sort`) VALUES('1092', '1062', '1');
INSERT INTO `field_blog_tags` (`pages_id`, `data`, `sort`) VALUES('1100', '1063', '3');
INSERT INTO `field_blog_tags` (`pages_id`, `data`, `sort`) VALUES('1086', '1064', '1');
INSERT INTO `field_blog_tags` (`pages_id`, `data`, `sort`) VALUES('1091', '1064', '1');
INSERT INTO `field_blog_tags` (`pages_id`, `data`, `sort`) VALUES('1103', '1064', '1');
INSERT INTO `field_blog_tags` (`pages_id`, `data`, `sort`) VALUES('1106', '1065', '0');
INSERT INTO `field_blog_tags` (`pages_id`, `data`, `sort`) VALUES('1092', '1066', '2');
INSERT INTO `field_blog_tags` (`pages_id`, `data`, `sort`) VALUES('1091', '1067', '2');
INSERT INTO `field_blog_tags` (`pages_id`, `data`, `sort`) VALUES('1086', '1068', '2');
INSERT INTO `field_blog_tags` (`pages_id`, `data`, `sort`) VALUES('1103', '1069', '2');
INSERT INTO `field_blog_tags` (`pages_id`, `data`, `sort`) VALUES('1103', '1070', '3');
INSERT INTO `field_blog_tags` (`pages_id`, `data`, `sort`) VALUES('1133', '1134', '0');

DROP TABLE IF EXISTS `field_blog_title`;
CREATE TABLE `field_blog_title` (
  `pages_id` int(10) unsigned NOT NULL,
  `data` text NOT NULL,
  PRIMARY KEY (`pages_id`),
  KEY `data_exact` (`data`(255)),
  FULLTEXT KEY `data` (`data`)
) ENGINE=MyISAM DEFAULT CHARSET=utf8;

INSERT INTO `field_blog_title` (`pages_id`, `data`) VALUES('1051', 'AMD');
INSERT INTO `field_blog_title` (`pages_id`, `data`) VALUES('1052', 'dojo');
INSERT INTO `field_blog_title` (`pages_id`, `data`) VALUES('1053', 'dreamweaver');
INSERT INTO `field_blog_title` (`pages_id`, `data`) VALUES('1054', 'frontend');
INSERT INTO `field_blog_title` (`pages_id`, `data`) VALUES('1055', 'html5');
INSERT INTO `field_blog_title` (`pages_id`, `data`) VALUES('1056', 'javascript');
INSERT INTO `field_blog_title` (`pages_id`, `data`) VALUES('1057', 'js');
INSERT INTO `field_blog_title` (`pages_id`, `data`) VALUES('1058', 'linux');
INSERT INTO `field_blog_title` (`pages_id`, `data`) VALUES('1059', 'mobile');
INSERT INTO `field_blog_title` (`pages_id`, `data`) VALUES('1060', 'modular');
INSERT INTO `field_blog_title` (`pages_id`, `data`) VALUES('1061', 'oop');
INSERT INTO `field_blog_title` (`pages_id`, `data`) VALUES('1062', 'os');
INSERT INTO `field_blog_title` (`pages_id`, `data`) VALUES('1063', 'phonegap');
INSERT INTO `field_blog_title` (`pages_id`, `data`) VALUES('1064', 'php');
INSERT INTO `field_blog_title` (`pages_id`, `data`) VALUES('1065', 'reviews');
INSERT INTO `field_blog_title` (`pages_id`, `data`) VALUES('1066', 'ubuntu');
INSERT INTO `field_blog_title` (`pages_id`, `data`) VALUES('1067', 'yii');
INSERT INTO `field_blog_title` (`pages_id`, `data`) VALUES('1068', 'zend');
INSERT INTO `field_blog_title` (`pages_id`, `data`) VALUES('1069', 'zend2');
INSERT INTO `field_blog_title` (`pages_id`, `data`) VALUES('1070', 'zf2');
INSERT INTO `field_blog_title` (`pages_id`, `data`) VALUES('1026', 'Categories');
INSERT INTO `field_blog_title` (`pages_id`, `data`) VALUES('1071', 'amd');
INSERT INTO `field_blog_title` (`pages_id`, `data`) VALUES('1072', 'client');
INSERT INTO `field_blog_title` (`pages_id`, `data`) VALUES('1073', 'frontend');
INSERT INTO `field_blog_title` (`pages_id`, `data`) VALUES('1074', 'html5');
INSERT INTO `field_blog_title` (`pages_id`, `data`) VALUES('1075', 'javascript');
INSERT INTO `field_blog_title` (`pages_id`, `data`) VALUES('1076', 'js');
INSERT INTO `field_blog_title` (`pages_id`, `data`) VALUES('1077', 'linux');
INSERT INTO `field_blog_title` (`pages_id`, `data`) VALUES('1078', 'php');
INSERT INTO `field_blog_title` (`pages_id`, `data`) VALUES('1079', 'Uncategorized');
INSERT INTO `field_blog_title` (`pages_id`, `data`) VALUES('1080', 'yii');
INSERT INTO `field_blog_title` (`pages_id`, `data`) VALUES('1081', 'zend');
INSERT INTO `field_blog_title` (`pages_id`, `data`) VALUES('1082', 'zend2');
INSERT INTO `field_blog_title` (`pages_id`, `data`) VALUES('1025', 'Blog Posts');
INSERT INTO `field_blog_title` (`pages_id`, `data`) VALUES('1083', 'Dojo 1.7 Released');
INSERT INTO `field_blog_title` (`pages_id`, `data`) VALUES('1084', 'Dojo 1.7 now supports AMD');
INSERT INTO `field_blog_title` (`pages_id`, `data`) VALUES('1085', 'Improving the Performance of your HTML5 App');
INSERT INTO `field_blog_title` (`pages_id`, `data`) VALUES('1086', 'Setting up a Zend Framework Project from Scratch- Part 1');
INSERT INTO `field_blog_title` (`pages_id`, `data`) VALUES('1087', 'External:Introduction to Yii Framework');
INSERT INTO `field_blog_title` (`pages_id`, `data`) VALUES('1088', 'Blackberry Webworks + Dojo Toolkit Dojox.Mobile:My Thoughts');
INSERT INTO `field_blog_title` (`pages_id`, `data`) VALUES('1089', 'Experience with Jquery Mobile and Dojo');
INSERT INTO `field_blog_title` (`pages_id`, `data`) VALUES('1090', 'External:Zend Framework 2.0.0beta3 Released!');
INSERT INTO `field_blog_title` (`pages_id`, `data`) VALUES('1091', 'Using Behaviors in Yii ');
INSERT INTO `field_blog_title` (`pages_id`, `data`) VALUES('1092', 'Switching to Ubuntu Distro');
INSERT INTO `field_blog_title` (`pages_id`, `data`) VALUES('1093', 'Twitter Bootstrap Forms with  ZF2');
INSERT INTO `field_blog_title` (`pages_id`, `data`) VALUES('1094', 'Quick Tip: Loading Dojo 1.7 in Yii');
INSERT INTO `field_blog_title` (`pages_id`, `data`) VALUES('1095', 'ZF2 Dependency Injection: Managing Configuration &#x2013; Part 1');
INSERT INTO `field_blog_title` (`pages_id`, `data`) VALUES('1096', 'Dojo Guides and Tutorials');
INSERT INTO `field_blog_title` (`pages_id`, `data`) VALUES('1097', 'Introduction to AMD');
INSERT INTO `field_blog_title` (`pages_id`, `data`) VALUES('1098', 'Zend Framework 2: A Bit of Insight');
INSERT INTO `field_blog_title` (`pages_id`, `data`) VALUES('1099', 'Nodejs and Dojo');
INSERT INTO `field_blog_title` (`pages_id`, `data`) VALUES('1100', 'Review of Dreamweaver CS6 Mobile and Web Development with HTML5,CSS3 and jQuery Mobile');
INSERT INTO `field_blog_title` (`pages_id`, `data`) VALUES('1101', 'Object Oriented JavaScript Review');
INSERT INTO `field_blog_title` (`pages_id`, `data`) VALUES('1102', 'Instant HighChart Book Review');
INSERT INTO `field_blog_title` (`pages_id`, `data`) VALUES('1103', 'Understanding ZF2 Process');
INSERT INTO `field_blog_title` (`pages_id`, `data`) VALUES('1104', 'Packt Publishing Ebook Bonaza: $5 for any Book');
INSERT INTO `field_blog_title` (`pages_id`, `data`) VALUES('1105', 'Zend Framework 2 - Application Development Review');
INSERT INTO `field_blog_title` (`pages_id`, `data`) VALUES('1106', 'Mastering NodeJS');
INSERT INTO `field_blog_title` (`pages_id`, `data`) VALUES('1107', 'Packt Publishing 2000th Title Campaign');
INSERT INTO `field_blog_title` (`pages_id`, `data`) VALUES('1108', 'About');
INSERT INTO `field_blog_title` (`pages_id`, `data`) VALUES('1109', 'Articles');
INSERT INTO `field_blog_title` (`pages_id`, `data`) VALUES('1110', 'Request Form');
INSERT INTO `field_blog_title` (`pages_id`, `data`) VALUES('1111', 'Contact');
INSERT INTO `field_blog_title` (`pages_id`, `data`) VALUES('1112', 'Services');
INSERT INTO `field_blog_title` (`pages_id`, `data`) VALUES('1113', 'Portfolio');
INSERT INTO `field_blog_title` (`pages_id`, `data`) VALUES('1', 'Home');
INSERT INTO `field_blog_title` (`pages_id`, `data`) VALUES('1114', 'Articles');
INSERT INTO `field_blog_title` (`pages_id`, `data`) VALUES('1115', 'Portfolio');

DROP TABLE IF EXISTS `field_body`;
CREATE TABLE `field_body` (
  `pages_id` int(10) unsigned NOT NULL,
  `data` mediumtext NOT NULL,
  PRIMARY KEY (`pages_id`),
  FULLTEXT KEY `data` (`data`)
) ENGINE=MyISAM DEFAULT CHARSET=utf8;

INSERT INTO `field_body` (`pages_id`, `data`) VALUES('27', '<h3>The page you were looking for is not found.</h3><p>Please use our search engine or navigation above to find the page.</p>');
INSERT INTO `field_body` (`pages_id`, `data`) VALUES('1', '<p>I use to work at Linkeo Web Agencie, a French ICT company in Mauritius Quatre Bornne and various other companies. Despite being known mostly as a PHP/JS Developer I am quite versed with C#, Java ( J2ME and Android API, Processing) I try to learn as much as I can. I used to work at Leaps and Bounds as a Moodle Developer, where I work on Moodle extensions (themes, plugins and etc.) but currently I am employed but not yet at liberty to state where for now. I spend most of my time researching on Gaming and game development and emulation of game consoles.</p>\n\n<p><strong>NOTE</strong>: Sadly most of my works cannot be listed here without permission.</p>\n\n<p> </p>');
INSERT INTO `field_body` (`pages_id`, `data`) VALUES('1128', '<p>Aurora is theme forked from dbootstrap for the Dojotoolkit Framework, this theme is aimed at giving dijit a clean look and also as much as possible have some design elements from Material Design. it should be noted that this template is highly beta and not in anyway complete.</p>\n\n<p><a href=\"https://github.com/dojoVader/aurora\">https://github.com/dojoVader/aurora</a></p>');
INSERT INTO `field_body` (`pages_id`, `data`) VALUES('1001', '<p>I am an application developer, with good experience on XHTML/CSS, JavaScript (Dojo and jQuery) , Java, C# ASP.NET MVC 3, PHP/Zend framework 2 and Yii Framework and also worked a lot with WordPress (Plugins,Caching and Extending WordPress Applications) , I also work as a contract Web developer to some companies, I give consultations on Web Development, Moodle Customization, Optimization of existing websites and ways to make Web Application user friendly. I occasionally branch of from Web Development to try other techs like am eager to learn 3D on Web and Game Development.</p>\n\n<h2>A brief History about me</h2>\n\n<p>I use to work at Linkeo Web Agencie, a French ICT company in Mauritius Quatre Bornne. Despite being a PHP/JS Developer I am quite versed with C#, Java ( J2ME and Android API, Processing) I try to learn as much as I can. Currently I left Leaps and Bounds for Interswitch Nigeria Limited where I am a Software Developer, where I work on .. (Confidential). I spend most of my time researching on Gaming and game development and creating modules for open source projects anything but Wordpress.</p>\n\n<h3>Frontend Web Development Tools</h3>\n\n<ul><li>IDE / Text Editors (Eclipse Zend, Aptana Studio and Sublime Text Editor 3)</li>\n	<li>Emmet (HTML markup/ CSS Generation)</li>\n	<li>LESS (CSS Preprocessor) I cant imagine writing CSS again without these</li>\n	<li>JavaScript (Jquery, Dojotoolkit (90% of the time),AngularJS , RequireJS)</li>\n	<li>Maqetta</li>\n	<li>HTML5 Mobile Web Development (Dojotoolkit,jQuery)</li>\n</ul><h3>Backend Web Development Tools</h3>\n\n<ul><li>PHP Frameworks (Zend 2, Yii,ImpressPages )</li>\n	<li>Composer/PHPUnit</li>\n	<li>VLE (Moodle)</li>\n	<li>WordPress</li>\n</ul><h3>Others</h3>\n\n<ul><li>Game Development (Phaser, Processing)</li>\n	<li>ASP.NET MVC 3</li>\n	<li>C#/Java (Intermediate)</li>\n	<li>GNU/Linux</li>\n</ul>');
INSERT INTO `field_body` (`pages_id`, `data`) VALUES('1129', '<p>This was a simple Tecno model of phone built in Away3D using Flash, it was meant to be used for a promotion, apparently it was scrapped but I still put it up for show casing</p>\n\n<p><a href=\"http://okeowoaderemi.com/wp-content/techno.swf\">View Online</a></p>');
INSERT INTO `field_body` (`pages_id`, `data`) VALUES('1127', '<p>Diary (Still Under Development)</p>\n\n<p>Diary is a plugin created by Okeowo Aderemi, the purpose of this plugin is to create similar WordPress like blog, it has no intention of supporting all WP features, this plugin allows ImpressPages create notes,updates and delete notes.</p>\n\n<h2>Features not yet Implemented</h2>\n\n<h4>Comments</h4>\n\n<ul><li>Adding of Comments - Done</li>\n	<li>Display of Comments on Notes - Done</li>\n	<li>#### SEO Meta tags</li>\n	<li>Ability to set Tags for Meta tags this will help in Google PageRank</li>\n	<li>Backlinks</li>\n</ul><h4>Alter GUI</h4>\n\n<h4>Diary Coverpage</h4>\n\n<ul><li>Using of Image as cover page for post - TBA</li>\n</ul><h4>Category</h4>\n\n<ul><li>Sub-Categories</li>\n</ul><h2>Screenshots</h2>\n\n<h3>Public Page</h3>\n\n<h4>Articles</h4>');
INSERT INTO `field_body` (`pages_id`, `data`) VALUES('1015', '<h3>Styljunki (Wordpress)</h3>\n\n<p>Styljunki is a fast growing fashion industry is constantly on the rise, so one of our many desires is to make this site a one-stop website for anyone looking ?to contact any Nigerian fashion professional located in any part of the world.</p>\n\n<p><strong>My Role</strong></p>\n\n<p>I worked with several tools to create a back-end for the members and also setting up of Cron-jobs to send members schedules newsletter, I was mainly responsible for the backend aspect and ensuring all JavaScript files do not crash the application.</p>');
INSERT INTO `field_body` (`pages_id`, `data`) VALUES('1016', '<h2>Sarah\'s Nest (ImpressPages CMS)</h2>\n\n<p>Sarah\'s Nest is a Creche Website built on ImpressPages a drag and drop CMS, custom plugins were built for it such as the gallery.</p>\n\n<p><strong>My Role</strong></p>\n\n<p>I was responsible for creating a complete replication of the website in ImpressPages CMS and using the Bootstrap framework and YAMM DropDown Menu for Bootstrap, it uses some Dojotoolkit for some backend and UI</p>');
INSERT INTO `field_body` (`pages_id`, `data`) VALUES('1018', '<h2>School Project ( reacTIVision + Processing + arduino boarding)</h2>\n\n<p> FruitManaic is a MiddleSex project built in Processing and runs with the Arduino and reacTIVISION framework, it allows a player to interact with the game by using Fudicial markers as input.FruitManaic is a MiddleSex project built in Processing and runs with the Arduino and reacTIVISION framework, it allows a player to interact with the game by using Fudicial markers as input.</p>\n\n<p><strong>Here you can find the full link to my source code : <a href=\"https://github.com/dojoVader/FruitManiac\" title=\"Github\">Source Code</a> </strong></p>');

DROP TABLE IF EXISTS `field_categories`;
CREATE TABLE `field_categories` (
  `pages_id` int(10) unsigned NOT NULL,
  `data` int(11) NOT NULL,
  `sort` int(10) unsigned NOT NULL,
  PRIMARY KEY (`pages_id`,`sort`),
  KEY `data` (`data`,`pages_id`,`sort`)
) ENGINE=MyISAM DEFAULT CHARSET=utf8;


DROP TABLE IF EXISTS `field_date`;
CREATE TABLE `field_date` (
  `pages_id` int(10) unsigned NOT NULL,
  `data` datetime NOT NULL,
  PRIMARY KEY (`pages_id`),
  KEY `data` (`data`)
) ENGINE=MyISAM DEFAULT CHARSET=utf8;

INSERT INTO `field_date` (`pages_id`, `data`) VALUES('1075', '2014-03-26 11:58:27');
INSERT INTO `field_date` (`pages_id`, `data`) VALUES('1074', '2014-02-28 17:05:10');
INSERT INTO `field_date` (`pages_id`, `data`) VALUES('1073', '2014-01-08 16:25:56');
INSERT INTO `field_date` (`pages_id`, `data`) VALUES('1072', '2013-12-25 09:39:35');
INSERT INTO `field_date` (`pages_id`, `data`) VALUES('1071', '2013-09-21 08:05:03');
INSERT INTO `field_date` (`pages_id`, `data`) VALUES('1070', '2013-09-16 17:09:18');
INSERT INTO `field_date` (`pages_id`, `data`) VALUES('1069', '2013-08-15 17:57:05');
INSERT INTO `field_date` (`pages_id`, `data`) VALUES('1068', '2013-07-29 11:01:47');
INSERT INTO `field_date` (`pages_id`, `data`) VALUES('1067', '2013-04-09 20:22:40');
INSERT INTO `field_date` (`pages_id`, `data`) VALUES('1066', '2012-08-06 18:49:55');
INSERT INTO `field_date` (`pages_id`, `data`) VALUES('1065', '2012-06-30 08:54:49');
INSERT INTO `field_date` (`pages_id`, `data`) VALUES('1064', '2012-05-27 15:19:09');
INSERT INTO `field_date` (`pages_id`, `data`) VALUES('1063', '2012-04-30 20:49:33');
INSERT INTO `field_date` (`pages_id`, `data`) VALUES('1062', '2012-04-22 23:35:00');
INSERT INTO `field_date` (`pages_id`, `data`) VALUES('1061', '2012-04-22 19:30:37');
INSERT INTO `field_date` (`pages_id`, `data`) VALUES('1060', '2012-04-08 00:38:29');
INSERT INTO `field_date` (`pages_id`, `data`) VALUES('1059', '2012-03-12 02:31:29');
INSERT INTO `field_date` (`pages_id`, `data`) VALUES('1058', '2012-03-05 13:46:25');
INSERT INTO `field_date` (`pages_id`, `data`) VALUES('1057', '2012-02-22 23:02:22');
INSERT INTO `field_date` (`pages_id`, `data`) VALUES('1056', '2012-02-14 00:54:09');
INSERT INTO `field_date` (`pages_id`, `data`) VALUES('1055', '2012-02-07 21:41:44');
INSERT INTO `field_date` (`pages_id`, `data`) VALUES('1054', '2012-01-20 20:06:31');
INSERT INTO `field_date` (`pages_id`, `data`) VALUES('1053', '2012-01-11 15:05:09');
INSERT INTO `field_date` (`pages_id`, `data`) VALUES('1052', '2011-12-27 15:46:38');
INSERT INTO `field_date` (`pages_id`, `data`) VALUES('1051', '2011-12-09 00:02:18');

DROP TABLE IF EXISTS `field_email`;
CREATE TABLE `field_email` (
  `pages_id` int(10) unsigned NOT NULL,
  `data` varchar(255) NOT NULL DEFAULT '',
  PRIMARY KEY (`pages_id`),
  KEY `data_exact` (`data`),
  FULLTEXT KEY `data` (`data`)
) ENGINE=MyISAM DEFAULT CHARSET=utf8;

INSERT INTO `field_email` (`pages_id`, `data`) VALUES('41', 'okeowoaderemi@gmail.com');

DROP TABLE IF EXISTS `field_files`;
CREATE TABLE `field_files` (
  `pages_id` int(10) unsigned NOT NULL,
  `data` varchar(255) NOT NULL,
  `sort` int(10) unsigned NOT NULL,
  `description` text NOT NULL,
  `modified` datetime DEFAULT NULL,
  `created` datetime DEFAULT NULL,
  PRIMARY KEY (`pages_id`,`sort`),
  KEY `data` (`data`),
  KEY `modified` (`modified`),
  KEY `created` (`created`),
  FULLTEXT KEY `description` (`description`)
) ENGINE=MyISAM DEFAULT CHARSET=utf8;


DROP TABLE IF EXISTS `field_headline`;
CREATE TABLE `field_headline` (
  `pages_id` int(10) unsigned NOT NULL,
  `data` text NOT NULL,
  PRIMARY KEY (`pages_id`),
  FULLTEXT KEY `data` (`data`)
) ENGINE=MyISAM DEFAULT CHARSET=utf8;

INSERT INTO `field_headline` (`pages_id`, `data`) VALUES('1', 'My personal page');
INSERT INTO `field_headline` (`pages_id`, `data`) VALUES('1001', 'A little bit about me');
INSERT INTO `field_headline` (`pages_id`, `data`) VALUES('27', '404 Page Not Found');

DROP TABLE IF EXISTS `field_images`;
CREATE TABLE `field_images` (
  `pages_id` int(10) unsigned NOT NULL,
  `data` varchar(255) NOT NULL,
  `sort` int(10) unsigned NOT NULL,
  `description` text NOT NULL,
  `modified` datetime DEFAULT NULL,
  `created` datetime DEFAULT NULL,
  PRIMARY KEY (`pages_id`,`sort`),
  KEY `data` (`data`),
  KEY `modified` (`modified`),
  KEY `created` (`created`),
  FULLTEXT KEY `description` (`description`)
) ENGINE=MyISAM DEFAULT CHARSET=utf8;


DROP TABLE IF EXISTS `field_js_snippets`;
CREATE TABLE `field_js_snippets` (
  `pages_id` int(10) unsigned NOT NULL,
  `data` mediumtext NOT NULL,
  PRIMARY KEY (`pages_id`),
  KEY `data_exact` (`data`(255)),
  FULLTEXT KEY `data` (`data`)
) ENGINE=MyISAM DEFAULT CHARSET=utf8;


DROP TABLE IF EXISTS `field_logo`;
CREATE TABLE `field_logo` (
  `pages_id` int(10) unsigned NOT NULL,
  `data` varchar(255) NOT NULL,
  `sort` int(10) unsigned NOT NULL,
  `description` text NOT NULL,
  `modified` datetime DEFAULT NULL,
  `created` datetime DEFAULT NULL,
  PRIMARY KEY (`pages_id`,`sort`),
  KEY `data` (`data`),
  KEY `modified` (`modified`),
  KEY `created` (`created`),
  FULLTEXT KEY `description` (`description`)
) ENGINE=MyISAM DEFAULT CHARSET=utf8;

INSERT INTO `field_logo` (`pages_id`, `data`, `sort`, `description`, `modified`, `created`) VALUES('1', '1004794_10153051629385223_1846443415_n.jpg', '0', '', '2015-02-06 15:06:52', '2015-02-06 15:06:52');

DROP TABLE IF EXISTS `field_pass`;
CREATE TABLE `field_pass` (
  `pages_id` int(10) unsigned NOT NULL,
  `data` char(40) NOT NULL,
  `salt` char(32) NOT NULL,
  PRIMARY KEY (`pages_id`),
  KEY `data` (`data`)
) ENGINE=MyISAM DEFAULT CHARSET=ascii;

INSERT INTO `field_pass` (`pages_id`, `data`, `salt`) VALUES('41', 'pBSDbTmO2UnXCiXAjhDkh21oUPDvZEq', '$2y$11$KitdUm9tdMCD1Xrph61pa.');
INSERT INTO `field_pass` (`pages_id`, `data`, `salt`) VALUES('40', '', '');

DROP TABLE IF EXISTS `field_permissions`;
CREATE TABLE `field_permissions` (
  `pages_id` int(10) unsigned NOT NULL,
  `data` int(11) NOT NULL,
  `sort` int(10) unsigned NOT NULL,
  PRIMARY KEY (`pages_id`,`sort`),
  KEY `data` (`data`,`pages_id`,`sort`)
) ENGINE=MyISAM DEFAULT CHARSET=utf8;

INSERT INTO `field_permissions` (`pages_id`, `data`, `sort`) VALUES('38', '32', '1');
INSERT INTO `field_permissions` (`pages_id`, `data`, `sort`) VALUES('38', '34', '2');
INSERT INTO `field_permissions` (`pages_id`, `data`, `sort`) VALUES('38', '35', '3');
INSERT INTO `field_permissions` (`pages_id`, `data`, `sort`) VALUES('37', '36', '0');
INSERT INTO `field_permissions` (`pages_id`, `data`, `sort`) VALUES('38', '36', '0');
INSERT INTO `field_permissions` (`pages_id`, `data`, `sort`) VALUES('38', '50', '4');
INSERT INTO `field_permissions` (`pages_id`, `data`, `sort`) VALUES('38', '51', '5');
INSERT INTO `field_permissions` (`pages_id`, `data`, `sort`) VALUES('38', '52', '7');
INSERT INTO `field_permissions` (`pages_id`, `data`, `sort`) VALUES('38', '53', '8');
INSERT INTO `field_permissions` (`pages_id`, `data`, `sort`) VALUES('38', '54', '6');

DROP TABLE IF EXISTS `field_process`;
CREATE TABLE `field_process` (
  `pages_id` int(11) NOT NULL DEFAULT '0',
  `data` int(11) NOT NULL DEFAULT '0',
  PRIMARY KEY (`pages_id`),
  KEY `data` (`data`)
) ENGINE=MyISAM DEFAULT CHARSET=utf8;

INSERT INTO `field_process` (`pages_id`, `data`) VALUES('6', '17');
INSERT INTO `field_process` (`pages_id`, `data`) VALUES('3', '12');
INSERT INTO `field_process` (`pages_id`, `data`) VALUES('8', '12');
INSERT INTO `field_process` (`pages_id`, `data`) VALUES('9', '14');
INSERT INTO `field_process` (`pages_id`, `data`) VALUES('10', '7');
INSERT INTO `field_process` (`pages_id`, `data`) VALUES('11', '47');
INSERT INTO `field_process` (`pages_id`, `data`) VALUES('16', '48');
INSERT INTO `field_process` (`pages_id`, `data`) VALUES('300', '104');
INSERT INTO `field_process` (`pages_id`, `data`) VALUES('21', '50');
INSERT INTO `field_process` (`pages_id`, `data`) VALUES('29', '66');
INSERT INTO `field_process` (`pages_id`, `data`) VALUES('23', '10');
INSERT INTO `field_process` (`pages_id`, `data`) VALUES('304', '138');
INSERT INTO `field_process` (`pages_id`, `data`) VALUES('31', '136');
INSERT INTO `field_process` (`pages_id`, `data`) VALUES('22', '76');
INSERT INTO `field_process` (`pages_id`, `data`) VALUES('30', '68');
INSERT INTO `field_process` (`pages_id`, `data`) VALUES('303', '129');
INSERT INTO `field_process` (`pages_id`, `data`) VALUES('2', '87');
INSERT INTO `field_process` (`pages_id`, `data`) VALUES('302', '121');
INSERT INTO `field_process` (`pages_id`, `data`) VALUES('301', '109');
INSERT INTO `field_process` (`pages_id`, `data`) VALUES('28', '76');
INSERT INTO `field_process` (`pages_id`, `data`) VALUES('1007', '150');
INSERT INTO `field_process` (`pages_id`, `data`) VALUES('1009', '158');
INSERT INTO `field_process` (`pages_id`, `data`) VALUES('1017', '162');
INSERT INTO `field_process` (`pages_id`, `data`) VALUES('1019', '164');
INSERT INTO `field_process` (`pages_id`, `data`) VALUES('1050', '174');
INSERT INTO `field_process` (`pages_id`, `data`) VALUES('1116', '177');
INSERT INTO `field_process` (`pages_id`, `data`) VALUES('1117', '179');
INSERT INTO `field_process` (`pages_id`, `data`) VALUES('1119', '180');
INSERT INTO `field_process` (`pages_id`, `data`) VALUES('1130', '184');

DROP TABLE IF EXISTS `field_repeater_scfmessages`;
CREATE TABLE `field_repeater_scfmessages` (
  `pages_id` int(10) unsigned NOT NULL,
  `data` text NOT NULL,
  `count` int(11) NOT NULL,
  `parent_id` int(11) NOT NULL,
  PRIMARY KEY (`pages_id`),
  KEY `data_exact` (`data`(1)),
  KEY `count` (`count`,`pages_id`),
  KEY `parent_id` (`parent_id`,`pages_id`),
  FULLTEXT KEY `data` (`data`)
) ENGINE=MyISAM DEFAULT CHARSET=utf8;

INSERT INTO `field_repeater_scfmessages` (`pages_id`, `data`, `count`, `parent_id`) VALUES('1047', '', '0', '1049');

DROP TABLE IF EXISTS `field_roles`;
CREATE TABLE `field_roles` (
  `pages_id` int(10) unsigned NOT NULL,
  `data` int(11) NOT NULL,
  `sort` int(10) unsigned NOT NULL,
  PRIMARY KEY (`pages_id`,`sort`),
  KEY `data` (`data`,`pages_id`,`sort`)
) ENGINE=MyISAM DEFAULT CHARSET=utf8;

INSERT INTO `field_roles` (`pages_id`, `data`, `sort`) VALUES('40', '37', '0');
INSERT INTO `field_roles` (`pages_id`, `data`, `sort`) VALUES('41', '37', '0');
INSERT INTO `field_roles` (`pages_id`, `data`, `sort`) VALUES('41', '38', '1');

DROP TABLE IF EXISTS `field_scf_date`;
CREATE TABLE `field_scf_date` (
  `pages_id` int(10) unsigned NOT NULL,
  `data` text NOT NULL,
  PRIMARY KEY (`pages_id`),
  KEY `data_exact` (`data`(255)),
  FULLTEXT KEY `data` (`data`)
) ENGINE=MyISAM DEFAULT CHARSET=utf8;


DROP TABLE IF EXISTS `field_scf_email`;
CREATE TABLE `field_scf_email` (
  `pages_id` int(10) unsigned NOT NULL,
  `data` text NOT NULL,
  PRIMARY KEY (`pages_id`),
  KEY `data_exact` (`data`(255)),
  FULLTEXT KEY `data` (`data`)
) ENGINE=MyISAM DEFAULT CHARSET=utf8;


DROP TABLE IF EXISTS `field_scf_fullname`;
CREATE TABLE `field_scf_fullname` (
  `pages_id` int(10) unsigned NOT NULL,
  `data` text NOT NULL,
  PRIMARY KEY (`pages_id`),
  KEY `data_exact` (`data`(255)),
  FULLTEXT KEY `data` (`data`)
) ENGINE=MyISAM DEFAULT CHARSET=utf8;


DROP TABLE IF EXISTS `field_scf_ip`;
CREATE TABLE `field_scf_ip` (
  `pages_id` int(10) unsigned NOT NULL,
  `data` text NOT NULL,
  PRIMARY KEY (`pages_id`),
  KEY `data_exact` (`data`(255)),
  FULLTEXT KEY `data` (`data`)
) ENGINE=MyISAM DEFAULT CHARSET=utf8;


DROP TABLE IF EXISTS `field_scf_message`;
CREATE TABLE `field_scf_message` (
  `pages_id` int(10) unsigned NOT NULL,
  `data` text NOT NULL,
  PRIMARY KEY (`pages_id`),
  KEY `data_exact` (`data`(255)),
  FULLTEXT KEY `data` (`data`)
) ENGINE=MyISAM DEFAULT CHARSET=utf8;


DROP TABLE IF EXISTS `field_seo_canonical`;
CREATE TABLE `field_seo_canonical` (
  `pages_id` int(10) unsigned NOT NULL,
  `data` text NOT NULL,
  PRIMARY KEY (`pages_id`),
  KEY `data_exact` (`data`(255)),
  FULLTEXT KEY `data` (`data`)
) ENGINE=MyISAM DEFAULT CHARSET=utf8;


DROP TABLE IF EXISTS `field_seo_custom`;
CREATE TABLE `field_seo_custom` (
  `pages_id` int(10) unsigned NOT NULL,
  `data` mediumtext NOT NULL,
  PRIMARY KEY (`pages_id`),
  KEY `data_exact` (`data`(255)),
  FULLTEXT KEY `data` (`data`)
) ENGINE=MyISAM DEFAULT CHARSET=utf8;


DROP TABLE IF EXISTS `field_seo_description`;
CREATE TABLE `field_seo_description` (
  `pages_id` int(10) unsigned NOT NULL,
  `data` text NOT NULL,
  PRIMARY KEY (`pages_id`),
  KEY `data_exact` (`data`(255)),
  FULLTEXT KEY `data` (`data`)
) ENGINE=MyISAM DEFAULT CHARSET=utf8;


DROP TABLE IF EXISTS `field_seo_image`;
CREATE TABLE `field_seo_image` (
  `pages_id` int(10) unsigned NOT NULL,
  `data` text NOT NULL,
  PRIMARY KEY (`pages_id`),
  KEY `data_exact` (`data`(255)),
  FULLTEXT KEY `data` (`data`)
) ENGINE=MyISAM DEFAULT CHARSET=utf8;


DROP TABLE IF EXISTS `field_seo_keywords`;
CREATE TABLE `field_seo_keywords` (
  `pages_id` int(10) unsigned NOT NULL,
  `data` text NOT NULL,
  PRIMARY KEY (`pages_id`),
  KEY `data_exact` (`data`(255)),
  FULLTEXT KEY `data` (`data`)
) ENGINE=MyISAM DEFAULT CHARSET=utf8;


DROP TABLE IF EXISTS `field_seo_tab`;
CREATE TABLE `field_seo_tab` (
  `pages_id` int(10) unsigned NOT NULL,
  `data` int(11) NOT NULL,
  PRIMARY KEY (`pages_id`),
  KEY `data` (`data`)
) ENGINE=MyISAM DEFAULT CHARSET=utf8;


DROP TABLE IF EXISTS `field_seo_tab_end`;
CREATE TABLE `field_seo_tab_end` (
  `pages_id` int(10) unsigned NOT NULL,
  `data` int(11) NOT NULL,
  PRIMARY KEY (`pages_id`),
  KEY `data` (`data`)
) ENGINE=MyISAM DEFAULT CHARSET=utf8;


DROP TABLE IF EXISTS `field_seo_title`;
CREATE TABLE `field_seo_title` (
  `pages_id` int(10) unsigned NOT NULL,
  `data` text NOT NULL,
  PRIMARY KEY (`pages_id`),
  KEY `data_exact` (`data`(255)),
  FULLTEXT KEY `data` (`data`)
) ENGINE=MyISAM DEFAULT CHARSET=utf8;


DROP TABLE IF EXISTS `field_sidebar`;
CREATE TABLE `field_sidebar` (
  `pages_id` int(10) unsigned NOT NULL,
  `data` mediumtext NOT NULL,
  PRIMARY KEY (`pages_id`),
  FULLTEXT KEY `data` (`data`)
) ENGINE=MyISAM DEFAULT CHARSET=utf8;


DROP TABLE IF EXISTS `field_summary`;
CREATE TABLE `field_summary` (
  `pages_id` int(10) unsigned NOT NULL,
  `data` mediumtext NOT NULL,
  PRIMARY KEY (`pages_id`),
  FULLTEXT KEY `data` (`data`)
) ENGINE=MyISAM DEFAULT CHARSET=utf8;

INSERT INTO `field_summary` (`pages_id`, `data`) VALUES('1001', 'This page gives information about me and what I do');
INSERT INTO `field_summary` (`pages_id`, `data`) VALUES('1005', 'View this template\'s source for a demonstration of how to create a basic site map. ');
INSERT INTO `field_summary` (`pages_id`, `data`) VALUES('1', 'This site is all about me Okeowo Aderemi');
INSERT INTO `field_summary` (`pages_id`, `data`) VALUES('1126', 'These are my contributions to the open source community world');
INSERT INTO `field_summary` (`pages_id`, `data`) VALUES('1127', 'Diary (Still Under Development)\n\nDiary is a plugin created by Okeowo Aderemi, the purpose of this plugin is to create similar WordPress like blog, it has no intention of supporting all WP features, this plugin allows ImpressPages create notes,updates and delete notes.');
INSERT INTO `field_summary` (`pages_id`, `data`) VALUES('1128', 'A Customized theme for the Dojotoolkit Dijit');

DROP TABLE IF EXISTS `field_tags`;
CREATE TABLE `field_tags` (
  `pages_id` int(10) unsigned NOT NULL,
  `data` int(11) NOT NULL,
  `sort` int(10) unsigned NOT NULL,
  PRIMARY KEY (`pages_id`,`sort`),
  KEY `data` (`data`,`pages_id`,`sort`)
) ENGINE=MyISAM DEFAULT CHARSET=utf8;


DROP TABLE IF EXISTS `field_title`;
CREATE TABLE `field_title` (
  `pages_id` int(10) unsigned NOT NULL,
  `data` text NOT NULL,
  PRIMARY KEY (`pages_id`),
  KEY `data_exact` (`data`(255)),
  FULLTEXT KEY `data` (`data`)
) ENGINE=MyISAM DEFAULT CHARSET=utf8;

INSERT INTO `field_title` (`pages_id`, `data`) VALUES('11', 'Templates');
INSERT INTO `field_title` (`pages_id`, `data`) VALUES('16', 'Fields');
INSERT INTO `field_title` (`pages_id`, `data`) VALUES('22', 'Setup');
INSERT INTO `field_title` (`pages_id`, `data`) VALUES('3', 'Pages');
INSERT INTO `field_title` (`pages_id`, `data`) VALUES('6', 'Add Page');
INSERT INTO `field_title` (`pages_id`, `data`) VALUES('8', 'Tree');
INSERT INTO `field_title` (`pages_id`, `data`) VALUES('9', 'Save Sort');
INSERT INTO `field_title` (`pages_id`, `data`) VALUES('10', 'Edit Page');
INSERT INTO `field_title` (`pages_id`, `data`) VALUES('21', 'Modules');
INSERT INTO `field_title` (`pages_id`, `data`) VALUES('29', 'Users');
INSERT INTO `field_title` (`pages_id`, `data`) VALUES('30', 'Roles');
INSERT INTO `field_title` (`pages_id`, `data`) VALUES('2', 'Admin');
INSERT INTO `field_title` (`pages_id`, `data`) VALUES('7', 'Trash');
INSERT INTO `field_title` (`pages_id`, `data`) VALUES('27', '404 Page');
INSERT INTO `field_title` (`pages_id`, `data`) VALUES('302', 'Insert Link');
INSERT INTO `field_title` (`pages_id`, `data`) VALUES('23', 'Login');
INSERT INTO `field_title` (`pages_id`, `data`) VALUES('304', 'Profile');
INSERT INTO `field_title` (`pages_id`, `data`) VALUES('301', 'Empty Trash');
INSERT INTO `field_title` (`pages_id`, `data`) VALUES('300', 'Search');
INSERT INTO `field_title` (`pages_id`, `data`) VALUES('303', 'Insert Image');
INSERT INTO `field_title` (`pages_id`, `data`) VALUES('28', 'Access');
INSERT INTO `field_title` (`pages_id`, `data`) VALUES('31', 'Permissions');
INSERT INTO `field_title` (`pages_id`, `data`) VALUES('32', 'Edit pages');
INSERT INTO `field_title` (`pages_id`, `data`) VALUES('34', 'Delete pages');
INSERT INTO `field_title` (`pages_id`, `data`) VALUES('35', 'Move pages (change parent)');
INSERT INTO `field_title` (`pages_id`, `data`) VALUES('36', 'View pages');
INSERT INTO `field_title` (`pages_id`, `data`) VALUES('50', 'Sort child pages');
INSERT INTO `field_title` (`pages_id`, `data`) VALUES('51', 'Change templates on pages');
INSERT INTO `field_title` (`pages_id`, `data`) VALUES('52', 'Administer users');
INSERT INTO `field_title` (`pages_id`, `data`) VALUES('53', 'User can update profile/password');
INSERT INTO `field_title` (`pages_id`, `data`) VALUES('54', 'Lock or unlock a page');
INSERT INTO `field_title` (`pages_id`, `data`) VALUES('1', 'Home');
INSERT INTO `field_title` (`pages_id`, `data`) VALUES('1001', 'About');
INSERT INTO `field_title` (`pages_id`, `data`) VALUES('1000', 'Search');
INSERT INTO `field_title` (`pages_id`, `data`) VALUES('1131', 'View Google Analytics Page');
INSERT INTO `field_title` (`pages_id`, `data`) VALUES('1005', 'Site Map');
INSERT INTO `field_title` (`pages_id`, `data`) VALUES('1006', 'Use Page Lister');
INSERT INTO `field_title` (`pages_id`, `data`) VALUES('1007', 'Find');
INSERT INTO `field_title` (`pages_id`, `data`) VALUES('1009', 'Recent');
INSERT INTO `field_title` (`pages_id`, `data`) VALUES('1010', 'Can see recently edited pages');
INSERT INTO `field_title` (`pages_id`, `data`) VALUES('1130', 'Google Analytics');
INSERT INTO `field_title` (`pages_id`, `data`) VALUES('1012', 'Portfolio');
INSERT INTO `field_title` (`pages_id`, `data`) VALUES('1014', 'Contact');
INSERT INTO `field_title` (`pages_id`, `data`) VALUES('1015', 'Styljunki');
INSERT INTO `field_title` (`pages_id`, `data`) VALUES('1016', 'Sarah\'s Nest');
INSERT INTO `field_title` (`pages_id`, `data`) VALUES('1017', 'ModulesManager');
INSERT INTO `field_title` (`pages_id`, `data`) VALUES('1018', 'Processing');
INSERT INTO `field_title` (`pages_id`, `data`) VALUES('1019', 'Blog');
INSERT INTO `field_title` (`pages_id`, `data`) VALUES('1020', 'View Blog Page');
INSERT INTO `field_title` (`pages_id`, `data`) VALUES('1022', 'Repeaters');
INSERT INTO `field_title` (`pages_id`, `data`) VALUES('1023', 'Blog Links');
INSERT INTO `field_title` (`pages_id`, `data`) VALUES('1024', 'Blog');
INSERT INTO `field_title` (`pages_id`, `data`) VALUES('1025', 'Blog Posts');
INSERT INTO `field_title` (`pages_id`, `data`) VALUES('1026', 'Categories');
INSERT INTO `field_title` (`pages_id`, `data`) VALUES('1027', 'Tags');
INSERT INTO `field_title` (`pages_id`, `data`) VALUES('1028', 'Comments');
INSERT INTO `field_title` (`pages_id`, `data`) VALUES('1029', 'Widgets');
INSERT INTO `field_title` (`pages_id`, `data`) VALUES('1030', 'Authors');
INSERT INTO `field_title` (`pages_id`, `data`) VALUES('1031', 'Archives');
INSERT INTO `field_title` (`pages_id`, `data`) VALUES('1032', 'Settings');
INSERT INTO `field_title` (`pages_id`, `data`) VALUES('1126', 'Github Projects');
INSERT INTO `field_title` (`pages_id`, `data`) VALUES('1034', 'Example Category');
INSERT INTO `field_title` (`pages_id`, `data`) VALUES('1035', 'Example Tag');
INSERT INTO `field_title` (`pages_id`, `data`) VALUES('1036', 'Always Show Comments');
INSERT INTO `field_title` (`pages_id`, `data`) VALUES('1037', 'Disable New Comments');
INSERT INTO `field_title` (`pages_id`, `data`) VALUES('1038', 'Disable Comments');
INSERT INTO `field_title` (`pages_id`, `data`) VALUES('1039', 'Recent Posts');
INSERT INTO `field_title` (`pages_id`, `data`) VALUES('1040', 'Recent Comments');
INSERT INTO `field_title` (`pages_id`, `data`) VALUES('1041', 'Blogroll');
INSERT INTO `field_title` (`pages_id`, `data`) VALUES('1042', 'blogroll');
INSERT INTO `field_title` (`pages_id`, `data`) VALUES('1043', 'Recent Tweets');
INSERT INTO `field_title` (`pages_id`, `data`) VALUES('1044', 'Post Author');
INSERT INTO `field_title` (`pages_id`, `data`) VALUES('1045', 'Apache');
INSERT INTO `field_title` (`pages_id`, `data`) VALUES('1047', 'scf-messages');
INSERT INTO `field_title` (`pages_id`, `data`) VALUES('1048', 'repeater_scfmessages');
INSERT INTO `field_title` (`pages_id`, `data`) VALUES('1049', 'scf-messages');
INSERT INTO `field_title` (`pages_id`, `data`) VALUES('1050', 'Migrator');
INSERT INTO `field_title` (`pages_id`, `data`) VALUES('41', 'Okeowo Aderemi');
INSERT INTO `field_title` (`pages_id`, `data`) VALUES('1051', 'AMD');
INSERT INTO `field_title` (`pages_id`, `data`) VALUES('1052', 'dojo');
INSERT INTO `field_title` (`pages_id`, `data`) VALUES('1053', 'dreamweaver');
INSERT INTO `field_title` (`pages_id`, `data`) VALUES('1054', 'frontend');
INSERT INTO `field_title` (`pages_id`, `data`) VALUES('1055', 'html5');
INSERT INTO `field_title` (`pages_id`, `data`) VALUES('1056', 'javascript');
INSERT INTO `field_title` (`pages_id`, `data`) VALUES('1057', 'js');
INSERT INTO `field_title` (`pages_id`, `data`) VALUES('1058', 'linux');
INSERT INTO `field_title` (`pages_id`, `data`) VALUES('1059', 'mobile');
INSERT INTO `field_title` (`pages_id`, `data`) VALUES('1060', 'modular');
INSERT INTO `field_title` (`pages_id`, `data`) VALUES('1061', 'oop');
INSERT INTO `field_title` (`pages_id`, `data`) VALUES('1062', 'os');
INSERT INTO `field_title` (`pages_id`, `data`) VALUES('1063', 'phonegap');
INSERT INTO `field_title` (`pages_id`, `data`) VALUES('1064', 'php');
INSERT INTO `field_title` (`pages_id`, `data`) VALUES('1065', 'reviews');
INSERT INTO `field_title` (`pages_id`, `data`) VALUES('1066', 'ubuntu');
INSERT INTO `field_title` (`pages_id`, `data`) VALUES('1067', 'yii');
INSERT INTO `field_title` (`pages_id`, `data`) VALUES('1068', 'zend');
INSERT INTO `field_title` (`pages_id`, `data`) VALUES('1069', 'zend2');
INSERT INTO `field_title` (`pages_id`, `data`) VALUES('1070', 'zf2');
INSERT INTO `field_title` (`pages_id`, `data`) VALUES('1071', 'amd');
INSERT INTO `field_title` (`pages_id`, `data`) VALUES('1072', 'client');
INSERT INTO `field_title` (`pages_id`, `data`) VALUES('1073', 'frontend');
INSERT INTO `field_title` (`pages_id`, `data`) VALUES('1074', 'html5');
INSERT INTO `field_title` (`pages_id`, `data`) VALUES('1075', 'javascript');
INSERT INTO `field_title` (`pages_id`, `data`) VALUES('1076', 'js');
INSERT INTO `field_title` (`pages_id`, `data`) VALUES('1077', 'linux');
INSERT INTO `field_title` (`pages_id`, `data`) VALUES('1078', 'php');
INSERT INTO `field_title` (`pages_id`, `data`) VALUES('1079', 'Uncategorized');
INSERT INTO `field_title` (`pages_id`, `data`) VALUES('1080', 'yii');
INSERT INTO `field_title` (`pages_id`, `data`) VALUES('1081', 'zend');
INSERT INTO `field_title` (`pages_id`, `data`) VALUES('1082', 'zend2');
INSERT INTO `field_title` (`pages_id`, `data`) VALUES('1083', 'Dojo 1.7 Released');
INSERT INTO `field_title` (`pages_id`, `data`) VALUES('1084', 'Dojo 1.7 now supports AMD');
INSERT INTO `field_title` (`pages_id`, `data`) VALUES('1085', 'Improving the Performance of your HTML5 App');
INSERT INTO `field_title` (`pages_id`, `data`) VALUES('1086', 'Setting up a Zend Framework Project from Scratch- Part 1');
INSERT INTO `field_title` (`pages_id`, `data`) VALUES('1087', 'External:Introduction to Yii Framework');
INSERT INTO `field_title` (`pages_id`, `data`) VALUES('1088', 'Blackberry Webworks + Dojo Toolkit Dojox.Mobile:My Thoughts');
INSERT INTO `field_title` (`pages_id`, `data`) VALUES('1089', 'Experience with Jquery Mobile and Dojo');
INSERT INTO `field_title` (`pages_id`, `data`) VALUES('1090', 'External:Zend Framework 2.0.0beta3 Released!');
INSERT INTO `field_title` (`pages_id`, `data`) VALUES('1091', 'Using Behaviors in Yii ');
INSERT INTO `field_title` (`pages_id`, `data`) VALUES('1092', 'Switching to Ubuntu Distro');
INSERT INTO `field_title` (`pages_id`, `data`) VALUES('1093', 'Twitter Bootstrap Forms with  ZF2');
INSERT INTO `field_title` (`pages_id`, `data`) VALUES('1094', 'Quick Tip: Loading Dojo 1.7 in Yii');
INSERT INTO `field_title` (`pages_id`, `data`) VALUES('1095', 'ZF2 Dependency Injection: Managing Configuration &#x2013; Part 1');
INSERT INTO `field_title` (`pages_id`, `data`) VALUES('1096', 'Dojo Guides and Tutorials');
INSERT INTO `field_title` (`pages_id`, `data`) VALUES('1097', 'Introduction to AMD');
INSERT INTO `field_title` (`pages_id`, `data`) VALUES('1098', 'Zend Framework 2: A Bit of Insight');
INSERT INTO `field_title` (`pages_id`, `data`) VALUES('1099', 'Nodejs and Dojo');
INSERT INTO `field_title` (`pages_id`, `data`) VALUES('1100', 'Review of Dreamweaver CS6 Mobile and Web Development with HTML5,CSS3 and jQuery Mobile');
INSERT INTO `field_title` (`pages_id`, `data`) VALUES('1101', 'Object Oriented JavaScript Review');
INSERT INTO `field_title` (`pages_id`, `data`) VALUES('1102', 'Instant HighChart Book Review');
INSERT INTO `field_title` (`pages_id`, `data`) VALUES('1103', 'Understanding ZF2 Process');
INSERT INTO `field_title` (`pages_id`, `data`) VALUES('1104', 'Packt Publishing Ebook Bonaza: $5 for any Book');
INSERT INTO `field_title` (`pages_id`, `data`) VALUES('1105', 'Zend Framework 2 - Application Development Review');
INSERT INTO `field_title` (`pages_id`, `data`) VALUES('1106', 'Mastering NodeJS');
INSERT INTO `field_title` (`pages_id`, `data`) VALUES('1107', 'Packt Publishing 2000th Title Campaign');
INSERT INTO `field_title` (`pages_id`, `data`) VALUES('1108', 'About');
INSERT INTO `field_title` (`pages_id`, `data`) VALUES('1109', 'Articles');
INSERT INTO `field_title` (`pages_id`, `data`) VALUES('1110', 'Request Form');
INSERT INTO `field_title` (`pages_id`, `data`) VALUES('1111', 'Contact');
INSERT INTO `field_title` (`pages_id`, `data`) VALUES('1112', 'Services');
INSERT INTO `field_title` (`pages_id`, `data`) VALUES('1113', 'Portfolio');
INSERT INTO `field_title` (`pages_id`, `data`) VALUES('1114', 'Articles');
INSERT INTO `field_title` (`pages_id`, `data`) VALUES('1115', 'Portfolio');
INSERT INTO `field_title` (`pages_id`, `data`) VALUES('1116', 'Upgrades');
INSERT INTO `field_title` (`pages_id`, `data`) VALUES('1117', 'DB Backups');
INSERT INTO `field_title` (`pages_id`, `data`) VALUES('1118', 'Manage database backups (recommended for superuser only)');
INSERT INTO `field_title` (`pages_id`, `data`) VALUES('1119', 'Logs');
INSERT INTO `field_title` (`pages_id`, `data`) VALUES('1120', 'Can view system logs');
INSERT INTO `field_title` (`pages_id`, `data`) VALUES('1121', 'Can manage system logs');
INSERT INTO `field_title` (`pages_id`, `data`) VALUES('1129', 'Techno');
INSERT INTO `field_title` (`pages_id`, `data`) VALUES('1127', 'Diary');
INSERT INTO `field_title` (`pages_id`, `data`) VALUES('1128', 'Aurora');
INSERT INTO `field_title` (`pages_id`, `data`) VALUES('1132', 'Creating ImpressPages themes');
INSERT INTO `field_title` (`pages_id`, `data`) VALUES('1133', 'What\'s been going on');
INSERT INTO `field_title` (`pages_id`, `data`) VALUES('1134', 'general');

DROP TABLE IF EXISTS `field_works`;
CREATE TABLE `field_works` (
  `pages_id` int(10) unsigned NOT NULL,
  `data` varchar(255) NOT NULL,
  `sort` int(10) unsigned NOT NULL,
  `description` text NOT NULL,
  `modified` datetime DEFAULT NULL,
  `created` datetime DEFAULT NULL,
  PRIMARY KEY (`pages_id`,`sort`),
  KEY `data` (`data`),
  KEY `modified` (`modified`),
  KEY `created` (`created`),
  FULLTEXT KEY `description` (`description`)
) ENGINE=MyISAM DEFAULT CHARSET=utf8;

INSERT INTO `field_works` (`pages_id`, `data`, `sort`, `description`, `modified`, `created`) VALUES('1015', 'styljunki2-1024x637-1.png', '0', '', '2014-12-14 16:13:17', '2014-12-14 16:13:17');
INSERT INTO `field_works` (`pages_id`, `data`, `sort`, `description`, `modified`, `created`) VALUES('1016', 'sarah_s_nest_2.png', '0', '', '2014-12-14 14:41:48', '2014-12-14 14:41:48');
INSERT INTO `field_works` (`pages_id`, `data`, `sort`, `description`, `modified`, `created`) VALUES('1018', 'arduino.png', '1', '', '2014-12-14 16:53:01', '2014-12-14 16:53:01');
INSERT INTO `field_works` (`pages_id`, `data`, `sort`, `description`, `modified`, `created`) VALUES('1018', 'tuio_5.png', '0', '', '2014-12-14 16:52:35', '2014-12-14 16:52:35');
INSERT INTO `field_works` (`pages_id`, `data`, `sort`, `description`, `modified`, `created`) VALUES('1018', 'haptic.png', '2', '', '2014-12-14 16:53:02', '2014-12-14 16:53:02');
INSERT INTO `field_works` (`pages_id`, `data`, `sort`, `description`, `modified`, `created`) VALUES('1129', 'front.png', '0', '', '2015-02-06 14:47:37', '2015-02-06 14:47:37');

DROP TABLE IF EXISTS `fieldgroups`;
CREATE TABLE `fieldgroups` (
  `id` int(10) unsigned NOT NULL AUTO_INCREMENT,
  `name` varchar(255) CHARACTER SET ascii NOT NULL,
  PRIMARY KEY (`id`),
  UNIQUE KEY `name` (`name`)
) ENGINE=MyISAM AUTO_INCREMENT=124 DEFAULT CHARSET=utf8;

INSERT INTO `fieldgroups` (`id`, `name`) VALUES('2', 'admin');
INSERT INTO `fieldgroups` (`id`, `name`) VALUES('3', 'user');
INSERT INTO `fieldgroups` (`id`, `name`) VALUES('4', 'role');
INSERT INTO `fieldgroups` (`id`, `name`) VALUES('5', 'permission');
INSERT INTO `fieldgroups` (`id`, `name`) VALUES('1', 'home');
INSERT INTO `fieldgroups` (`id`, `name`) VALUES('88', 'sitemap');
INSERT INTO `fieldgroups` (`id`, `name`) VALUES('83', 'basic-page');
INSERT INTO `fieldgroups` (`id`, `name`) VALUES('80', 'search');
INSERT INTO `fieldgroups` (`id`, `name`) VALUES('97', 'portfolio');
INSERT INTO `fieldgroups` (`id`, `name`) VALUES('98', 'portfolio-lists');
INSERT INTO `fieldgroups` (`id`, `name`) VALUES('99', 'blog');
INSERT INTO `fieldgroups` (`id`, `name`) VALUES('100', 'blog-archives');
INSERT INTO `fieldgroups` (`id`, `name`) VALUES('101', 'blog-authors');
INSERT INTO `fieldgroups` (`id`, `name`) VALUES('102', 'blog-basic');
INSERT INTO `fieldgroups` (`id`, `name`) VALUES('103', 'blog-categories');
INSERT INTO `fieldgroups` (`id`, `name`) VALUES('104', 'blog-category');
INSERT INTO `fieldgroups` (`id`, `name`) VALUES('105', 'blog-comments');
INSERT INTO `fieldgroups` (`id`, `name`) VALUES('106', 'blog-links');
INSERT INTO `fieldgroups` (`id`, `name`) VALUES('107', 'blog-post');
INSERT INTO `fieldgroups` (`id`, `name`) VALUES('108', 'blog-posts');
INSERT INTO `fieldgroups` (`id`, `name`) VALUES('109', 'blog-recent-comments');
INSERT INTO `fieldgroups` (`id`, `name`) VALUES('110', 'blog-recent-posts');
INSERT INTO `fieldgroups` (`id`, `name`) VALUES('111', 'blog-recent-tweets');
INSERT INTO `fieldgroups` (`id`, `name`) VALUES('112', 'blog-tag');
INSERT INTO `fieldgroups` (`id`, `name`) VALUES('113', 'blog-tags');
INSERT INTO `fieldgroups` (`id`, `name`) VALUES('114', 'blog-widgets');
INSERT INTO `fieldgroups` (`id`, `name`) VALUES('115', 'blog-widget-basic');
INSERT INTO `fieldgroups` (`id`, `name`) VALUES('116', 'repeater_blog-links');
INSERT INTO `fieldgroups` (`id`, `name`) VALUES('117', 'blog-settings');
INSERT INTO `fieldgroups` (`id`, `name`) VALUES('118', 'contact');
INSERT INTO `fieldgroups` (`id`, `name`) VALUES('119', 'simple_contact_form');
INSERT INTO `fieldgroups` (`id`, `name`) VALUES('120', 'repeater_repeater_scfmessages');
INSERT INTO `fieldgroups` (`id`, `name`) VALUES('121', 'simple_contact_form_messages');
INSERT INTO `fieldgroups` (`id`, `name`) VALUES('122', 'blog-page');
INSERT INTO `fieldgroups` (`id`, `name`) VALUES('123', 'github-projects');

DROP TABLE IF EXISTS `fieldgroups_fields`;
CREATE TABLE `fieldgroups_fields` (
  `fieldgroups_id` int(10) unsigned NOT NULL DEFAULT '0',
  `fields_id` int(10) unsigned NOT NULL DEFAULT '0',
  `sort` int(11) unsigned NOT NULL DEFAULT '0',
  `data` text,
  PRIMARY KEY (`fieldgroups_id`,`fields_id`)
) ENGINE=MyISAM DEFAULT CHARSET=utf8;

INSERT INTO `fieldgroups_fields` (`fieldgroups_id`, `fields_id`, `sort`, `data`) VALUES('2', '2', '1', NULL);
INSERT INTO `fieldgroups_fields` (`fieldgroups_id`, `fields_id`, `sort`, `data`) VALUES('2', '1', '0', NULL);
INSERT INTO `fieldgroups_fields` (`fieldgroups_id`, `fields_id`, `sort`, `data`) VALUES('3', '92', '2', NULL);
INSERT INTO `fieldgroups_fields` (`fieldgroups_id`, `fields_id`, `sort`, `data`) VALUES('3', '3', '1', NULL);
INSERT INTO `fieldgroups_fields` (`fieldgroups_id`, `fields_id`, `sort`, `data`) VALUES('4', '5', '0', NULL);
INSERT INTO `fieldgroups_fields` (`fieldgroups_id`, `fields_id`, `sort`, `data`) VALUES('5', '1', '0', NULL);
INSERT INTO `fieldgroups_fields` (`fieldgroups_id`, `fields_id`, `sort`, `data`) VALUES('3', '4', '3', NULL);
INSERT INTO `fieldgroups_fields` (`fieldgroups_id`, `fields_id`, `sort`, `data`) VALUES('1', '82', '4', NULL);
INSERT INTO `fieldgroups_fields` (`fieldgroups_id`, `fields_id`, `sort`, `data`) VALUES('1', '78', '1', NULL);
INSERT INTO `fieldgroups_fields` (`fieldgroups_id`, `fields_id`, `sort`, `data`) VALUES('80', '1', '0', NULL);
INSERT INTO `fieldgroups_fields` (`fieldgroups_id`, `fields_id`, `sort`, `data`) VALUES('83', '76', '3', NULL);
INSERT INTO `fieldgroups_fields` (`fieldgroups_id`, `fields_id`, `sort`, `data`) VALUES('1', '79', '2', NULL);
INSERT INTO `fieldgroups_fields` (`fieldgroups_id`, `fields_id`, `sort`, `data`) VALUES('83', '82', '4', NULL);
INSERT INTO `fieldgroups_fields` (`fieldgroups_id`, `fields_id`, `sort`, `data`) VALUES('88', '79', '1', NULL);
INSERT INTO `fieldgroups_fields` (`fieldgroups_id`, `fields_id`, `sort`, `data`) VALUES('1', '76', '3', NULL);
INSERT INTO `fieldgroups_fields` (`fieldgroups_id`, `fields_id`, `sort`, `data`) VALUES('88', '1', '0', NULL);
INSERT INTO `fieldgroups_fields` (`fieldgroups_id`, `fields_id`, `sort`, `data`) VALUES('83', '79', '2', NULL);
INSERT INTO `fieldgroups_fields` (`fieldgroups_id`, `fields_id`, `sort`, `data`) VALUES('3', '1', '0', '{\"label\":\"Display name (first and last name)\"}');
INSERT INTO `fieldgroups_fields` (`fieldgroups_id`, `fields_id`, `sort`, `data`) VALUES('1', '1', '0', NULL);
INSERT INTO `fieldgroups_fields` (`fieldgroups_id`, `fields_id`, `sort`, `data`) VALUES('97', '1', '0', NULL);
INSERT INTO `fieldgroups_fields` (`fieldgroups_id`, `fields_id`, `sort`, `data`) VALUES('97', '99', '1', NULL);
INSERT INTO `fieldgroups_fields` (`fieldgroups_id`, `fields_id`, `sort`, `data`) VALUES('98', '1', '0', NULL);
INSERT INTO `fieldgroups_fields` (`fieldgroups_id`, `fields_id`, `sort`, `data`) VALUES('99', '1', '0', NULL);
INSERT INTO `fieldgroups_fields` (`fieldgroups_id`, `fields_id`, `sort`, `data`) VALUES('99', '100', '1', NULL);
INSERT INTO `fieldgroups_fields` (`fieldgroups_id`, `fields_id`, `sort`, `data`) VALUES('100', '1', '0', NULL);
INSERT INTO `fieldgroups_fields` (`fieldgroups_id`, `fields_id`, `sort`, `data`) VALUES('101', '1', '0', NULL);
INSERT INTO `fieldgroups_fields` (`fieldgroups_id`, `fields_id`, `sort`, `data`) VALUES('102', '1', '0', NULL);
INSERT INTO `fieldgroups_fields` (`fieldgroups_id`, `fields_id`, `sort`, `data`) VALUES('103', '1', '0', NULL);
INSERT INTO `fieldgroups_fields` (`fieldgroups_id`, `fields_id`, `sort`, `data`) VALUES('104', '100', '1', NULL);
INSERT INTO `fieldgroups_fields` (`fieldgroups_id`, `fields_id`, `sort`, `data`) VALUES('104', '1', '0', NULL);
INSERT INTO `fieldgroups_fields` (`fieldgroups_id`, `fields_id`, `sort`, `data`) VALUES('105', '1', '0', NULL);
INSERT INTO `fieldgroups_fields` (`fieldgroups_id`, `fields_id`, `sort`, `data`) VALUES('105', '108', '1', NULL);
INSERT INTO `fieldgroups_fields` (`fieldgroups_id`, `fields_id`, `sort`, `data`) VALUES('105', '105', '2', '{\"label\":\"Comments per page in Comments page\"}');
INSERT INTO `fieldgroups_fields` (`fieldgroups_id`, `fields_id`, `sort`, `data`) VALUES('105', '103', '3', '{\"description\":\"Comments are visible by default. Individual post\'s setting overrides what you specify here.\"}');
INSERT INTO `fieldgroups_fields` (`fieldgroups_id`, `fields_id`, `sort`, `data`) VALUES('105', '104', '4', NULL);
INSERT INTO `fieldgroups_fields` (`fieldgroups_id`, `fields_id`, `sort`, `data`) VALUES('106', '1', '0', NULL);
INSERT INTO `fieldgroups_fields` (`fieldgroups_id`, `fields_id`, `sort`, `data`) VALUES('106', '111', '1', NULL);
INSERT INTO `fieldgroups_fields` (`fieldgroups_id`, `fields_id`, `sort`, `data`) VALUES('106', '113', '2', '{\"label\":\"Widget Description\"}');
INSERT INTO `fieldgroups_fields` (`fieldgroups_id`, `fields_id`, `sort`, `data`) VALUES('107', '106', '2', NULL);
INSERT INTO `fieldgroups_fields` (`fieldgroups_id`, `fields_id`, `sort`, `data`) VALUES('107', '100', '3', NULL);
INSERT INTO `fieldgroups_fields` (`fieldgroups_id`, `fields_id`, `sort`, `data`) VALUES('107', '110', '4', NULL);
INSERT INTO `fieldgroups_fields` (`fieldgroups_id`, `fields_id`, `sort`, `data`) VALUES('107', '107', '5', NULL);
INSERT INTO `fieldgroups_fields` (`fieldgroups_id`, `fields_id`, `sort`, `data`) VALUES('107', '101', '6', NULL);
INSERT INTO `fieldgroups_fields` (`fieldgroups_id`, `fields_id`, `sort`, `data`) VALUES('108', '128', '8', NULL);
INSERT INTO `fieldgroups_fields` (`fieldgroups_id`, `fields_id`, `sort`, `data`) VALUES('109', '1', '0', NULL);
INSERT INTO `fieldgroups_fields` (`fieldgroups_id`, `fields_id`, `sort`, `data`) VALUES('109', '113', '1', '{\"label\":\"Widget Description\"}');
INSERT INTO `fieldgroups_fields` (`fieldgroups_id`, `fields_id`, `sort`, `data`) VALUES('109', '105', '2', '{\"label\":\"Total Comments to show in widget\"}');
INSERT INTO `fieldgroups_fields` (`fieldgroups_id`, `fields_id`, `sort`, `data`) VALUES('110', '1', '0', NULL);
INSERT INTO `fieldgroups_fields` (`fieldgroups_id`, `fields_id`, `sort`, `data`) VALUES('110', '113', '1', '{\"label\":\"Widget Description\"}');
INSERT INTO `fieldgroups_fields` (`fieldgroups_id`, `fields_id`, `sort`, `data`) VALUES('110', '105', '2', '{\"label\":\"Total Posts to show in widget\"}');
INSERT INTO `fieldgroups_fields` (`fieldgroups_id`, `fields_id`, `sort`, `data`) VALUES('111', '1', '0', NULL);
INSERT INTO `fieldgroups_fields` (`fieldgroups_id`, `fields_id`, `sort`, `data`) VALUES('111', '112', '1', '{\"label\":\"Twitter Screen Name\"}');
INSERT INTO `fieldgroups_fields` (`fieldgroups_id`, `fields_id`, `sort`, `data`) VALUES('111', '113', '2', '{\"label\":\"Widget Description\"}');
INSERT INTO `fieldgroups_fields` (`fieldgroups_id`, `fields_id`, `sort`, `data`) VALUES('111', '105', '3', '{\"label\":\"Total Tweets to show in widget\"}');
INSERT INTO `fieldgroups_fields` (`fieldgroups_id`, `fields_id`, `sort`, `data`) VALUES('112', '1', '0', NULL);
INSERT INTO `fieldgroups_fields` (`fieldgroups_id`, `fields_id`, `sort`, `data`) VALUES('113', '1', '0', NULL);
INSERT INTO `fieldgroups_fields` (`fieldgroups_id`, `fields_id`, `sort`, `data`) VALUES('114', '1', '0', NULL);
INSERT INTO `fieldgroups_fields` (`fieldgroups_id`, `fields_id`, `sort`, `data`) VALUES('115', '1', '0', NULL);
INSERT INTO `fieldgroups_fields` (`fieldgroups_id`, `fields_id`, `sort`, `data`) VALUES('115', '113', '1', '{\"label\":\"Widget Description\"}');
INSERT INTO `fieldgroups_fields` (`fieldgroups_id`, `fields_id`, `sort`, `data`) VALUES('116', '108', '0', '{\"columnWidth\":50,\"label\":\"Website Title\"}');
INSERT INTO `fieldgroups_fields` (`fieldgroups_id`, `fields_id`, `sort`, `data`) VALUES('116', '109', '1', '{\"columnWidth\":50}');
INSERT INTO `fieldgroups_fields` (`fieldgroups_id`, `fields_id`, `sort`, `data`) VALUES('117', '1', '0', NULL);
INSERT INTO `fieldgroups_fields` (`fieldgroups_id`, `fields_id`, `sort`, `data`) VALUES('117', '108', '1', '{\"description\":\"You can use this (e.g. in the masthead) as a title for your blog.\",\"label\":\"Blog Title\"}');
INSERT INTO `fieldgroups_fields` (`fieldgroups_id`, `fields_id`, `sort`, `data`) VALUES('117', '113', '2', '{\"description\":\"An optional sentence or two of text that you can use as your blog\'s tagline.\",\"label\":\"Blog Tagline\"}');
INSERT INTO `fieldgroups_fields` (`fieldgroups_id`, `fields_id`, `sort`, `data`) VALUES('117', '112', '3', '{\"description\":\"You can use this for footer messages (e.g. copyright notice).\",\"label\":\"Footer\"}');
INSERT INTO `fieldgroups_fields` (`fieldgroups_id`, `fields_id`, `sort`, `data`) VALUES('117', '105', '4', '{\"label\":\"Quantity of posts to show on Blog homepage\"}');
INSERT INTO `fieldgroups_fields` (`fieldgroups_id`, `fields_id`, `sort`, `data`) VALUES('117', '115', '5', NULL);
INSERT INTO `fieldgroups_fields` (`fieldgroups_id`, `fields_id`, `sort`, `data`) VALUES('3', '97', '4', NULL);
INSERT INTO `fieldgroups_fields` (`fieldgroups_id`, `fields_id`, `sort`, `data`) VALUES('3', '110', '5', NULL);
INSERT INTO `fieldgroups_fields` (`fieldgroups_id`, `fields_id`, `sort`, `data`) VALUES('3', '100', '6', '{\"label\":\"Biography\"}');
INSERT INTO `fieldgroups_fields` (`fieldgroups_id`, `fields_id`, `sort`, `data`) VALUES('97', '76', '2', NULL);
INSERT INTO `fieldgroups_fields` (`fieldgroups_id`, `fields_id`, `sort`, `data`) VALUES('98', '76', '1', NULL);
INSERT INTO `fieldgroups_fields` (`fieldgroups_id`, `fields_id`, `sort`, `data`) VALUES('118', '1', '0', NULL);
INSERT INTO `fieldgroups_fields` (`fieldgroups_id`, `fields_id`, `sort`, `data`) VALUES('119', '1', '0', NULL);
INSERT INTO `fieldgroups_fields` (`fieldgroups_id`, `fields_id`, `sort`, `data`) VALUES('120', '116', '0', NULL);
INSERT INTO `fieldgroups_fields` (`fieldgroups_id`, `fields_id`, `sort`, `data`) VALUES('120', '117', '1', NULL);
INSERT INTO `fieldgroups_fields` (`fieldgroups_id`, `fields_id`, `sort`, `data`) VALUES('120', '118', '2', NULL);
INSERT INTO `fieldgroups_fields` (`fieldgroups_id`, `fields_id`, `sort`, `data`) VALUES('120', '119', '3', NULL);
INSERT INTO `fieldgroups_fields` (`fieldgroups_id`, `fields_id`, `sort`, `data`) VALUES('120', '120', '4', NULL);
INSERT INTO `fieldgroups_fields` (`fieldgroups_id`, `fields_id`, `sort`, `data`) VALUES('121', '1', '0', NULL);
INSERT INTO `fieldgroups_fields` (`fieldgroups_id`, `fields_id`, `sort`, `data`) VALUES('121', '121', '1', NULL);
INSERT INTO `fieldgroups_fields` (`fieldgroups_id`, `fields_id`, `sort`, `data`) VALUES('122', '1', '0', NULL);
INSERT INTO `fieldgroups_fields` (`fieldgroups_id`, `fields_id`, `sort`, `data`) VALUES('122', '108', '1', NULL);
INSERT INTO `fieldgroups_fields` (`fieldgroups_id`, `fields_id`, `sort`, `data`) VALUES('122', '100', '2', NULL);
INSERT INTO `fieldgroups_fields` (`fieldgroups_id`, `fields_id`, `sort`, `data`) VALUES('122', '110', '3', NULL);
INSERT INTO `fieldgroups_fields` (`fieldgroups_id`, `fields_id`, `sort`, `data`) VALUES('107', '102', '7', NULL);
INSERT INTO `fieldgroups_fields` (`fieldgroups_id`, `fields_id`, `sort`, `data`) VALUES('107', '103', '0', '{\"description\":\"Comments are visible by default. This setting overrides the global setting.\"}');
INSERT INTO `fieldgroups_fields` (`fieldgroups_id`, `fields_id`, `sort`, `data`) VALUES('107', '1', '1', NULL);
INSERT INTO `fieldgroups_fields` (`fieldgroups_id`, `fields_id`, `sort`, `data`) VALUES('112', '100', '1', NULL);
INSERT INTO `fieldgroups_fields` (`fieldgroups_id`, `fields_id`, `sort`, `data`) VALUES('123', '44', '5', NULL);
INSERT INTO `fieldgroups_fields` (`fieldgroups_id`, `fields_id`, `sort`, `data`) VALUES('83', '1', '0', NULL);
INSERT INTO `fieldgroups_fields` (`fieldgroups_id`, `fields_id`, `sort`, `data`) VALUES('83', '78', '1', NULL);
INSERT INTO `fieldgroups_fields` (`fieldgroups_id`, `fields_id`, `sort`, `data`) VALUES('1', '44', '5', NULL);
INSERT INTO `fieldgroups_fields` (`fieldgroups_id`, `fields_id`, `sort`, `data`) VALUES('123', '79', '2', NULL);
INSERT INTO `fieldgroups_fields` (`fieldgroups_id`, `fields_id`, `sort`, `data`) VALUES('123', '76', '3', NULL);
INSERT INTO `fieldgroups_fields` (`fieldgroups_id`, `fields_id`, `sort`, `data`) VALUES('123', '82', '4', NULL);
INSERT INTO `fieldgroups_fields` (`fieldgroups_id`, `fields_id`, `sort`, `data`) VALUES('83', '44', '5', NULL);
INSERT INTO `fieldgroups_fields` (`fieldgroups_id`, `fields_id`, `sort`, `data`) VALUES('123', '78', '1', NULL);
INSERT INTO `fieldgroups_fields` (`fieldgroups_id`, `fields_id`, `sort`, `data`) VALUES('123', '1', '0', NULL);
INSERT INTO `fieldgroups_fields` (`fieldgroups_id`, `fields_id`, `sort`, `data`) VALUES('1', '98', '6', NULL);
INSERT INTO `fieldgroups_fields` (`fieldgroups_id`, `fields_id`, `sort`, `data`) VALUES('83', '122', '6', NULL);
INSERT INTO `fieldgroups_fields` (`fieldgroups_id`, `fields_id`, `sort`, `data`) VALUES('83', '124', '7', NULL);
INSERT INTO `fieldgroups_fields` (`fieldgroups_id`, `fields_id`, `sort`, `data`) VALUES('83', '125', '8', NULL);
INSERT INTO `fieldgroups_fields` (`fieldgroups_id`, `fields_id`, `sort`, `data`) VALUES('83', '126', '9', NULL);
INSERT INTO `fieldgroups_fields` (`fieldgroups_id`, `fields_id`, `sort`, `data`) VALUES('83', '127', '10', NULL);
INSERT INTO `fieldgroups_fields` (`fieldgroups_id`, `fields_id`, `sort`, `data`) VALUES('83', '129', '11', NULL);
INSERT INTO `fieldgroups_fields` (`fieldgroups_id`, `fields_id`, `sort`, `data`) VALUES('83', '128', '12', NULL);
INSERT INTO `fieldgroups_fields` (`fieldgroups_id`, `fields_id`, `sort`, `data`) VALUES('83', '123', '13', NULL);
INSERT INTO `fieldgroups_fields` (`fieldgroups_id`, `fields_id`, `sort`, `data`) VALUES('108', '129', '7', NULL);
INSERT INTO `fieldgroups_fields` (`fieldgroups_id`, `fields_id`, `sort`, `data`) VALUES('108', '127', '6', NULL);
INSERT INTO `fieldgroups_fields` (`fieldgroups_id`, `fields_id`, `sort`, `data`) VALUES('108', '126', '5', NULL);
INSERT INTO `fieldgroups_fields` (`fieldgroups_id`, `fields_id`, `sort`, `data`) VALUES('108', '125', '4', NULL);
INSERT INTO `fieldgroups_fields` (`fieldgroups_id`, `fields_id`, `sort`, `data`) VALUES('108', '124', '3', NULL);
INSERT INTO `fieldgroups_fields` (`fieldgroups_id`, `fields_id`, `sort`, `data`) VALUES('108', '122', '2', NULL);
INSERT INTO `fieldgroups_fields` (`fieldgroups_id`, `fields_id`, `sort`, `data`) VALUES('108', '1', '0', NULL);
INSERT INTO `fieldgroups_fields` (`fieldgroups_id`, `fields_id`, `sort`, `data`) VALUES('108', '108', '1', NULL);
INSERT INTO `fieldgroups_fields` (`fieldgroups_id`, `fields_id`, `sort`, `data`) VALUES('108', '123', '9', NULL);
INSERT INTO `fieldgroups_fields` (`fieldgroups_id`, `fields_id`, `sort`, `data`) VALUES('108', '130', '10', NULL);
INSERT INTO `fieldgroups_fields` (`fieldgroups_id`, `fields_id`, `sort`, `data`) VALUES('107', '114', '8', NULL);
INSERT INTO `fieldgroups_fields` (`fieldgroups_id`, `fields_id`, `sort`, `data`) VALUES('107', '130', '9', NULL);

DROP TABLE IF EXISTS `fields`;
CREATE TABLE `fields` (
  `id` int(10) unsigned NOT NULL AUTO_INCREMENT,
  `type` varchar(128) CHARACTER SET ascii NOT NULL,
  `name` varchar(255) CHARACTER SET ascii NOT NULL,
  `flags` int(11) NOT NULL DEFAULT '0',
  `label` varchar(255) NOT NULL DEFAULT '',
  `data` text NOT NULL,
  PRIMARY KEY (`id`),
  UNIQUE KEY `name` (`name`),
  KEY `type` (`type`)
) ENGINE=MyISAM AUTO_INCREMENT=131 DEFAULT CHARSET=utf8;

INSERT INTO `fields` (`id`, `type`, `name`, `flags`, `label`, `data`) VALUES('1', 'FieldtypePageTitle', 'title', '13', 'Title', '{\"required\":1,\"textformatters\":[\"TextformatterEntities\"],\"size\":0,\"maxlength\":255}');
INSERT INTO `fields` (`id`, `type`, `name`, `flags`, `label`, `data`) VALUES('2', 'FieldtypeModule', 'process', '25', 'Process', '{\"description\":\"The process that is executed on this page. Since this is mostly used by ProcessWire internally, it is recommended that you don\'t change the value of this unless adding your own pages in the admin.\",\"collapsed\":1,\"required\":1,\"moduleTypes\":[\"Process\"],\"permanent\":1}');
INSERT INTO `fields` (`id`, `type`, `name`, `flags`, `label`, `data`) VALUES('3', 'FieldtypePassword', 'pass', '24', 'Set Password', '{\"collapsed\":1,\"size\":50,\"maxlength\":128}');
INSERT INTO `fields` (`id`, `type`, `name`, `flags`, `label`, `data`) VALUES('5', 'FieldtypePage', 'permissions', '24', 'Permissions', '{\"derefAsPage\":0,\"parent_id\":31,\"labelFieldName\":\"title\",\"inputfield\":\"InputfieldCheckboxes\"}');
INSERT INTO `fields` (`id`, `type`, `name`, `flags`, `label`, `data`) VALUES('4', 'FieldtypePage', 'roles', '24', 'Roles', '{\"derefAsPage\":0,\"parent_id\":30,\"labelFieldName\":\"name\",\"inputfield\":\"InputfieldCheckboxes\",\"description\":\"User will inherit the permissions assigned to each role. You may assign multiple roles to a user. When accessing a page, the user will only inherit permissions from the roles that are also assigned to the page\'s template.\"}');
INSERT INTO `fields` (`id`, `type`, `name`, `flags`, `label`, `data`) VALUES('92', 'FieldtypeEmail', 'email', '9', 'E-Mail Address', '{\"size\":70,\"maxlength\":255}');
INSERT INTO `fields` (`id`, `type`, `name`, `flags`, `label`, `data`) VALUES('82', 'FieldtypeTextarea', 'sidebar', '0', 'Sidebar', '{\"inputfieldClass\":\"InputfieldCKEditor\",\"rows\":5,\"contentType\":1,\"toolbar\":\"Format, Bold, Italic, -, RemoveFormat\\r\\nNumberedList, BulletedList, -, Blockquote\\r\\nPWLink, Unlink, Anchor\\r\\nPWImage, Table, HorizontalRule, SpecialChar\\r\\nPasteText, PasteFromWord\\r\\nScayt, -, Sourcedialog\",\"inlineMode\":0,\"useACF\":1,\"usePurifier\":1,\"formatTags\":\"p;h2;h3;h4;h5;h6;pre;address\",\"extraPlugins\":[\"pwimage\",\"pwlink\",\"sourcedialog\"],\"removePlugins\":\"image,magicline\",\"toggles\":[2,4,8],\"collapsed\":2}');
INSERT INTO `fields` (`id`, `type`, `name`, `flags`, `label`, `data`) VALUES('44', 'FieldtypeImage', 'images', '0', 'Images', '{\"extensions\":\"gif jpg jpeg png\",\"adminThumbs\":1,\"inputfieldClass\":\"InputfieldImage\",\"maxFiles\":0,\"descriptionRows\":1,\"fileSchema\":2,\"textformatters\":[\"TextformatterEntities\"],\"outputFormat\":1,\"defaultValuePage\":0,\"defaultGrid\":0,\"icon\":\"camera\"}');
INSERT INTO `fields` (`id`, `type`, `name`, `flags`, `label`, `data`) VALUES('79', 'FieldtypeTextarea', 'summary', '1', 'Summary', '{\"textformatters\":[\"TextformatterEntities\"],\"inputfieldClass\":\"InputfieldTextarea\",\"collapsed\":2,\"rows\":3,\"contentType\":0}');
INSERT INTO `fields` (`id`, `type`, `name`, `flags`, `label`, `data`) VALUES('76', 'FieldtypeTextarea', 'body', '0', 'Body', '{\"inputfieldClass\":\"InputfieldCKEditor\",\"rows\":10,\"contentType\":1,\"toolbar\":\"Format, Bold, Italic, -, RemoveFormat\\r\\nNumberedList, BulletedList, -, Blockquote\\r\\nPWLink, Unlink, Anchor\\r\\nPWImage, Table, HorizontalRule, SpecialChar\\r\\nPasteText, PasteFromWord\\r\\nScayt, -, Sourcedialog\",\"inlineMode\":0,\"useACF\":1,\"usePurifier\":1,\"formatTags\":\"p;h2;h3;h4;h5;h6;pre;address\",\"extraPlugins\":[\"pwimage\",\"pwlink\",\"sourcedialog\"],\"removePlugins\":\"image,magicline\",\"toggles\":[2,4,8]}');
INSERT INTO `fields` (`id`, `type`, `name`, `flags`, `label`, `data`) VALUES('78', 'FieldtypeText', 'headline', '0', 'Headline', '{\"description\":\"Use this instead of the Title if a longer headline is needed than what you want to appear in navigation.\",\"textformatters\":[\"TextformatterEntities\"],\"collapsed\":2,\"size\":0,\"maxlength\":1024}');
INSERT INTO `fields` (`id`, `type`, `name`, `flags`, `label`, `data`) VALUES('97', 'FieldtypeModule', 'admin_theme', '8', 'Admin Theme', '{\"moduleTypes\":[\"AdminTheme\"],\"labelField\":\"title\",\"inputfieldClass\":\"InputfieldRadios\"}');
INSERT INTO `fields` (`id`, `type`, `name`, `flags`, `label`, `data`) VALUES('98', 'FieldtypeImage', 'logo', '0', 'Website avatar', '{\"extensions\":\"gif jpg jpeg png\",\"maxFiles\":0,\"outputFormat\":2,\"defaultValuePage\":0,\"inputfieldClass\":\"InputfieldImage\",\"descriptionRows\":1,\"defaultGrid\":0,\"fileSchema\":2}');
INSERT INTO `fields` (`id`, `type`, `name`, `flags`, `label`, `data`) VALUES('99', 'FieldtypeImage', 'works', '0', 'screenshots', '{\"extensions\":\"gif jpg jpeg png\",\"maxFiles\":0,\"outputFormat\":1,\"defaultValuePage\":0,\"inputfieldClass\":\"InputfieldImage\",\"descriptionRows\":1,\"adminThumbs\":1,\"defaultGrid\":0,\"fileSchema\":2}');
INSERT INTO `fields` (`id`, `type`, `name`, `flags`, `label`, `data`) VALUES('100', 'FieldtypeTextarea', 'blog_body', '0', 'Body', '{\"rows\":10,\"inputfieldClass\":\"InputfieldCKEditor\",\"tags\":\"blog\",\"contentType\":0,\"collapsed\":0,\"toolbar\":\"Format, Styles, -, Bold, Italic, -, RemoveFormat\\nNumberedList, BulletedList, -, Blockquote\\nPWLink, Unlink, Anchor\\nPWImage, Table, HorizontalRule, SpecialChar\\nPasteText, PasteFromWord\\nScayt, -, Sourcedialog\",\"inlineMode\":0,\"useACF\":1,\"usePurifier\":1,\"formatTags\":\"p;h1;h2;h3;h4;h5;h6;pre;address\",\"extraPlugins\":[\"pwimage\",\"pwlink\",\"sourcedialog\"],\"removePlugins\":\"image,magicline\"}');
INSERT INTO `fields` (`id`, `type`, `name`, `flags`, `label`, `data`) VALUES('101', 'FieldtypePage', 'blog_categories', '0', 'Categories', '{\"description\":\"Select one or more categories below and drag to sort them in order of relevance. If you want a category that doesn\'t already exist, create a new one.\",\"tags\":\"blog\",\"parent_id\":1026,\"template_id\":50,\"labelFieldName\":\"title\",\"addable\":1,\"derefAsPage\":0,\"inputfield\":\"InputfieldAsmSelect\"}');
INSERT INTO `fields` (`id`, `type`, `name`, `flags`, `label`, `data`) VALUES('102', 'FieldtypeComments', 'blog_comments', '0', 'Comments', '{\"collapsed\":2,\"deleteSpamDays\":3,\"moderate\":2,\"tags\":\"blog\",\"schemaVersion\":5,\"notificationEmail\":\"okeowoaderemi@gmail.com\",\"useNotify\":2,\"depth\":0,\"dateFormat\":\"relative\",\"useVotes\":0}');
INSERT INTO `fields` (`id`, `type`, `name`, `flags`, `label`, `data`) VALUES('103', 'FieldtypePage', 'blog_comments_view', '0', 'Comments visibility', '{\"tags\":\"blog\",\"derefAsPage\":1,\"findPagesCode\":\"return $page->path == \\\"\\/blog-11\\/comments\\/\\\" ? $pages->get(1028)->children(\\\"id!=1036\\\") : $pages->get(1028)->children();\",\"labelFieldName\":\"title\",\"inputfield\":\"InputfieldSelect\"}');
INSERT INTO `fields` (`id`, `type`, `name`, `flags`, `label`, `data`) VALUES('104', 'FieldtypeInteger', 'blog_comments_max', '1', 'Maximum comments allowed per post', '{\"tags\":\"blog\"}');
INSERT INTO `fields` (`id`, `type`, `name`, `flags`, `label`, `data`) VALUES('105', 'FieldtypeInteger', 'blog_quantity', '1', 'Quantity of items to show', '{\"tags\":\"blog\"}');
INSERT INTO `fields` (`id`, `type`, `name`, `flags`, `label`, `data`) VALUES('106', 'FieldtypeDatetime', 'blog_date', '1', 'Date', '{\"description\":\"This field will be automatically filled with the current time and date when your post is published. Unpublishing your post will not change the date. You can do so manually.\",\"dateOutputFormat\":\"j F Y g:i a\",\"dateInputFormat\":\"j F Y\",\"timeInputFormat\":\"g:i a\",\"datepicker\":3,\"size\":30,\"defaultToday\":0,\"tags\":\"blog\"}');
INSERT INTO `fields` (`id`, `type`, `name`, `flags`, `label`, `data`) VALUES('107', 'FieldtypeFile', 'blog_files', '0', 'Files', '{\"collapsed\":2,\"entityEncode\":1,\"extensions\":\"pdf doc docx xls xlsx gif jpg jpeg png mp3 wav\",\"tags\":\"blog\",\"fileSchema\":2}');
INSERT INTO `fields` (`id`, `type`, `name`, `flags`, `label`, `data`) VALUES('108', 'FieldtypeText', 'blog_headline', '0', 'Headline', '{\"textformatters\":[\"TextformatterEntities\"],\"collapsed\":2,\"maxlength\":1024,\"tags\":\"blog\"}');
INSERT INTO `fields` (`id`, `type`, `name`, `flags`, `label`, `data`) VALUES('109', 'FieldtypeURL', 'blog_href', '1', 'Website URL', '{\"maxlength\":1024,\"tags\":\"blog\"}');
INSERT INTO `fields` (`id`, `type`, `name`, `flags`, `label`, `data`) VALUES('110', 'FieldtypeImage', 'blog_images', '0', 'Images', '{\"collapsed\":2,\"entityEncode\":1,\"extensions\":\"gif jpg jpeg png\",\"adminThumbs\":1,\"tags\":\"blog\",\"fileSchema\":2}');
INSERT INTO `fields` (`id`, `type`, `name`, `flags`, `label`, `data`) VALUES('111', 'FieldtypeRepeater', 'blog_links', '0', 'Links', '{\"tags\":\"blog\",\"parent_id\":1023,\"template_id\":62,\"repeaterReadyItems\":3,\"repeaterFields\":[108,109]}');
INSERT INTO `fields` (`id`, `type`, `name`, `flags`, `label`, `data`) VALUES('112', 'FieldtypeText', 'blog_note', '1', 'Note', '{\"textformatters\":[\"TextformatterEntities\"],\"maxlength\":1024,\"tags\":\"blog\"}');
INSERT INTO `fields` (`id`, `type`, `name`, `flags`, `label`, `data`) VALUES('113', 'FieldtypeTextarea', 'blog_summary', '1', 'Summary', '{\"textformatters\":[\"TextformatterEntities\"],\"collapsed\":2,\"rows\":3,\"tags\":\"blog\"}');
INSERT INTO `fields` (`id`, `type`, `name`, `flags`, `label`, `data`) VALUES('114', 'FieldtypePage', 'blog_tags', '0', 'Tags', '{\"tags\":\"blog\",\"parent_id\":1027,\"template_id\":58,\"addable\":1,\"derefAsPage\":0,\"labelFieldName\":\"title\",\"operator\":\"%=\",\"searchFields\":\"title\",\"inputfield\":\"InputfieldPageAutocomplete\"}');
INSERT INTO `fields` (`id`, `type`, `name`, `flags`, `label`, `data`) VALUES('115', 'FieldtypeInteger', 'blog_small', '1', 'Posts truncate length', '{\"tags\":\"blog\"}');
INSERT INTO `fields` (`id`, `type`, `name`, `flags`, `label`, `data`) VALUES('116', 'FieldtypeText', 'scf_fullName', '0', 'SCF - FullName', '{\"columnWidth\":33}');
INSERT INTO `fields` (`id`, `type`, `name`, `flags`, `label`, `data`) VALUES('117', 'FieldtypeText', 'scf_email', '0', 'SCF - Email', '{\"columnWidth\":33}');
INSERT INTO `fields` (`id`, `type`, `name`, `flags`, `label`, `data`) VALUES('118', 'FieldtypeText', 'scf_message', '0', 'SCF - Message', '{\"columnWidth\":33}');
INSERT INTO `fields` (`id`, `type`, `name`, `flags`, `label`, `data`) VALUES('119', 'FieldtypeText', 'scf_date', '0', 'SCF - Date', '{\"columnWidth\":33}');
INSERT INTO `fields` (`id`, `type`, `name`, `flags`, `label`, `data`) VALUES('120', 'FieldtypeText', 'scf_ip', '0', 'SCF - Ip', '{\"columnWidth\":33}');
INSERT INTO `fields` (`id`, `type`, `name`, `flags`, `label`, `data`) VALUES('121', 'FieldtypeRepeater', 'repeater_scfmessages', '0', 'SCF - repeater_scfmessages', '{\"repeaterReadyItems\":3,\"parent_id\":1048,\"template_id\":66,\"repeaterFields\":{}}');
INSERT INTO `fields` (`id`, `type`, `name`, `flags`, `label`, `data`) VALUES('122', 'FieldtypeFieldsetTabOpen', 'seo_tab', '0', 'SEO', '{\"tags\":\"seo\"}');
INSERT INTO `fields` (`id`, `type`, `name`, `flags`, `label`, `data`) VALUES('123', 'FieldtypeFieldsetClose', 'seo_tab_END', '0', 'Close an open fieldset', '{\"tags\":\"seo\"}');
INSERT INTO `fields` (`id`, `type`, `name`, `flags`, `label`, `data`) VALUES('124', 'FieldtypeText', 'seo_title', '0', 'Title', '{\"description\":\"A good length for a title is 60 characters.\",\"tags\":\"seo\"}');
INSERT INTO `fields` (`id`, `type`, `name`, `flags`, `label`, `data`) VALUES('125', 'FieldtypeText', 'seo_keywords', '0', 'Keywords', '{\"tags\":\"seo\"}');
INSERT INTO `fields` (`id`, `type`, `name`, `flags`, `label`, `data`) VALUES('126', 'FieldtypeText', 'seo_description', '0', 'Description', '{\"description\":\"A good length for a description is 160 characters.\",\"tags\":\"seo\"}');
INSERT INTO `fields` (`id`, `type`, `name`, `flags`, `label`, `data`) VALUES('127', 'FieldtypeText', 'seo_image', '0', 'Image', '{\"description\":\"Please enter the URL (including \\\"http:\\/\\/...\\\") to a preview image.\",\"tags\":\"seo\"}');
INSERT INTO `fields` (`id`, `type`, `name`, `flags`, `label`, `data`) VALUES('128', 'FieldtypeText', 'seo_canonical', '0', 'Canonical Link', '{\"notes\":\"The URL should include \\\"http:\\/\\/...\\\".\",\"tags\":\"seo\"}');
INSERT INTO `fields` (`id`, `type`, `name`, `flags`, `label`, `data`) VALUES('129', 'FieldtypeTextarea', 'seo_custom', '0', 'Custom', '{\"description\":\"If you want to add other meta tags, you can do it here.\",\"notes\":\"Please use this schema: name := content. One tag per line. Special characters are only allowed in the content part and get converted to HTML.\",\"tags\":\"seo\"}');
INSERT INTO `fields` (`id`, `type`, `name`, `flags`, `label`, `data`) VALUES('130', 'FieldtypeTextarea', 'js_snippets', '0', 'JS Snippet', '{\"inputfieldClass\":\"InputfieldCKEditor\",\"contentType\":0,\"collapsed\":0,\"rows\":5}');

DROP TABLE IF EXISTS `modules`;
CREATE TABLE `modules` (
  `id` int(10) unsigned NOT NULL AUTO_INCREMENT,
  `class` varchar(128) CHARACTER SET ascii NOT NULL,
  `flags` int(11) NOT NULL DEFAULT '0',
  `data` text NOT NULL,
  `created` timestamp NOT NULL DEFAULT '0000-00-00 00:00:00',
  PRIMARY KEY (`id`),
  UNIQUE KEY `class` (`class`)
) ENGINE=MyISAM AUTO_INCREMENT=187 DEFAULT CHARSET=utf8;

INSERT INTO `modules` (`id`, `class`, `flags`, `data`, `created`) VALUES('1', 'FieldtypeTextarea', '0', '', '0000-00-00 00:00:00');
INSERT INTO `modules` (`id`, `class`, `flags`, `data`, `created`) VALUES('2', 'FieldtypeNumber', '0', '', '0000-00-00 00:00:00');
INSERT INTO `modules` (`id`, `class`, `flags`, `data`, `created`) VALUES('3', 'FieldtypeText', '0', '', '0000-00-00 00:00:00');
INSERT INTO `modules` (`id`, `class`, `flags`, `data`, `created`) VALUES('4', 'FieldtypePage', '0', '', '0000-00-00 00:00:00');
INSERT INTO `modules` (`id`, `class`, `flags`, `data`, `created`) VALUES('30', 'InputfieldForm', '0', '', '0000-00-00 00:00:00');
INSERT INTO `modules` (`id`, `class`, `flags`, `data`, `created`) VALUES('6', 'FieldtypeFile', '0', '', '0000-00-00 00:00:00');
INSERT INTO `modules` (`id`, `class`, `flags`, `data`, `created`) VALUES('7', 'ProcessPageEdit', '1', '', '0000-00-00 00:00:00');
INSERT INTO `modules` (`id`, `class`, `flags`, `data`, `created`) VALUES('10', 'ProcessLogin', '0', '', '0000-00-00 00:00:00');
INSERT INTO `modules` (`id`, `class`, `flags`, `data`, `created`) VALUES('12', 'ProcessPageList', '0', '{\"pageLabelField\":\"title\",\"paginationLimit\":25,\"limit\":50}', '0000-00-00 00:00:00');
INSERT INTO `modules` (`id`, `class`, `flags`, `data`, `created`) VALUES('121', 'ProcessPageEditLink', '1', '', '0000-00-00 00:00:00');
INSERT INTO `modules` (`id`, `class`, `flags`, `data`, `created`) VALUES('14', 'ProcessPageSort', '0', '', '0000-00-00 00:00:00');
INSERT INTO `modules` (`id`, `class`, `flags`, `data`, `created`) VALUES('15', 'InputfieldPageListSelect', '0', '', '0000-00-00 00:00:00');
INSERT INTO `modules` (`id`, `class`, `flags`, `data`, `created`) VALUES('117', 'JqueryUI', '1', '', '0000-00-00 00:00:00');
INSERT INTO `modules` (`id`, `class`, `flags`, `data`, `created`) VALUES('17', 'ProcessPageAdd', '0', '', '0000-00-00 00:00:00');
INSERT INTO `modules` (`id`, `class`, `flags`, `data`, `created`) VALUES('125', 'SessionLoginThrottle', '3', '', '0000-00-00 00:00:00');
INSERT INTO `modules` (`id`, `class`, `flags`, `data`, `created`) VALUES('122', 'InputfieldPassword', '0', '', '0000-00-00 00:00:00');
INSERT INTO `modules` (`id`, `class`, `flags`, `data`, `created`) VALUES('25', 'InputfieldAsmSelect', '0', '', '0000-00-00 00:00:00');
INSERT INTO `modules` (`id`, `class`, `flags`, `data`, `created`) VALUES('116', 'JqueryCore', '1', '', '0000-00-00 00:00:00');
INSERT INTO `modules` (`id`, `class`, `flags`, `data`, `created`) VALUES('27', 'FieldtypeModule', '0', '', '0000-00-00 00:00:00');
INSERT INTO `modules` (`id`, `class`, `flags`, `data`, `created`) VALUES('28', 'FieldtypeDatetime', '0', '', '0000-00-00 00:00:00');
INSERT INTO `modules` (`id`, `class`, `flags`, `data`, `created`) VALUES('29', 'FieldtypeEmail', '0', '', '0000-00-00 00:00:00');
INSERT INTO `modules` (`id`, `class`, `flags`, `data`, `created`) VALUES('108', 'InputfieldURL', '0', '', '0000-00-00 00:00:00');
INSERT INTO `modules` (`id`, `class`, `flags`, `data`, `created`) VALUES('32', 'InputfieldSubmit', '0', '', '0000-00-00 00:00:00');
INSERT INTO `modules` (`id`, `class`, `flags`, `data`, `created`) VALUES('33', 'InputfieldWrapper', '0', '', '0000-00-00 00:00:00');
INSERT INTO `modules` (`id`, `class`, `flags`, `data`, `created`) VALUES('34', 'InputfieldText', '0', '', '0000-00-00 00:00:00');
INSERT INTO `modules` (`id`, `class`, `flags`, `data`, `created`) VALUES('35', 'InputfieldTextarea', '0', '', '0000-00-00 00:00:00');
INSERT INTO `modules` (`id`, `class`, `flags`, `data`, `created`) VALUES('36', 'InputfieldSelect', '0', '', '0000-00-00 00:00:00');
INSERT INTO `modules` (`id`, `class`, `flags`, `data`, `created`) VALUES('37', 'InputfieldCheckbox', '0', '', '0000-00-00 00:00:00');
INSERT INTO `modules` (`id`, `class`, `flags`, `data`, `created`) VALUES('38', 'InputfieldCheckboxes', '0', '', '0000-00-00 00:00:00');
INSERT INTO `modules` (`id`, `class`, `flags`, `data`, `created`) VALUES('39', 'InputfieldRadios', '0', '', '0000-00-00 00:00:00');
INSERT INTO `modules` (`id`, `class`, `flags`, `data`, `created`) VALUES('40', 'InputfieldHidden', '0', '', '0000-00-00 00:00:00');
INSERT INTO `modules` (`id`, `class`, `flags`, `data`, `created`) VALUES('41', 'InputfieldName', '0', '', '0000-00-00 00:00:00');
INSERT INTO `modules` (`id`, `class`, `flags`, `data`, `created`) VALUES('43', 'InputfieldSelectMultiple', '0', '', '0000-00-00 00:00:00');
INSERT INTO `modules` (`id`, `class`, `flags`, `data`, `created`) VALUES('45', 'JqueryWireTabs', '0', '', '0000-00-00 00:00:00');
INSERT INTO `modules` (`id`, `class`, `flags`, `data`, `created`) VALUES('46', 'ProcessPage', '0', '', '0000-00-00 00:00:00');
INSERT INTO `modules` (`id`, `class`, `flags`, `data`, `created`) VALUES('47', 'ProcessTemplate', '0', '', '0000-00-00 00:00:00');
INSERT INTO `modules` (`id`, `class`, `flags`, `data`, `created`) VALUES('48', 'ProcessField', '0', '', '0000-00-00 00:00:00');
INSERT INTO `modules` (`id`, `class`, `flags`, `data`, `created`) VALUES('50', 'ProcessModule', '0', '', '0000-00-00 00:00:00');
INSERT INTO `modules` (`id`, `class`, `flags`, `data`, `created`) VALUES('114', 'PagePermissions', '3', '', '0000-00-00 00:00:00');
INSERT INTO `modules` (`id`, `class`, `flags`, `data`, `created`) VALUES('97', 'FieldtypeCheckbox', '1', '', '0000-00-00 00:00:00');
INSERT INTO `modules` (`id`, `class`, `flags`, `data`, `created`) VALUES('115', 'PageRender', '3', '{\"clearCache\":1}', '0000-00-00 00:00:00');
INSERT INTO `modules` (`id`, `class`, `flags`, `data`, `created`) VALUES('55', 'InputfieldFile', '0', '', '0000-00-00 00:00:00');
INSERT INTO `modules` (`id`, `class`, `flags`, `data`, `created`) VALUES('56', 'InputfieldImage', '0', '', '0000-00-00 00:00:00');
INSERT INTO `modules` (`id`, `class`, `flags`, `data`, `created`) VALUES('57', 'FieldtypeImage', '0', '', '0000-00-00 00:00:00');
INSERT INTO `modules` (`id`, `class`, `flags`, `data`, `created`) VALUES('60', 'InputfieldPage', '0', '{\"inputfieldClasses\":[\"InputfieldSelect\",\"InputfieldSelectMultiple\",\"InputfieldCheckboxes\",\"InputfieldRadios\",\"InputfieldAsmSelect\",\"InputfieldPageListSelect\",\"InputfieldPageListSelectMultiple\",\"InputfieldPageAutocomplete\"]}', '0000-00-00 00:00:00');
INSERT INTO `modules` (`id`, `class`, `flags`, `data`, `created`) VALUES('61', 'TextformatterEntities', '0', '', '0000-00-00 00:00:00');
INSERT INTO `modules` (`id`, `class`, `flags`, `data`, `created`) VALUES('66', 'ProcessUser', '0', '{\"showFields\":[\"name\",\"email\",\"roles\"]}', '0000-00-00 00:00:00');
INSERT INTO `modules` (`id`, `class`, `flags`, `data`, `created`) VALUES('67', 'MarkupAdminDataTable', '0', '', '0000-00-00 00:00:00');
INSERT INTO `modules` (`id`, `class`, `flags`, `data`, `created`) VALUES('68', 'ProcessRole', '0', '{\"showFields\":[\"name\"]}', '0000-00-00 00:00:00');
INSERT INTO `modules` (`id`, `class`, `flags`, `data`, `created`) VALUES('76', 'ProcessList', '0', '', '0000-00-00 00:00:00');
INSERT INTO `modules` (`id`, `class`, `flags`, `data`, `created`) VALUES('78', 'InputfieldFieldset', '0', '', '0000-00-00 00:00:00');
INSERT INTO `modules` (`id`, `class`, `flags`, `data`, `created`) VALUES('79', 'InputfieldMarkup', '0', '', '0000-00-00 00:00:00');
INSERT INTO `modules` (`id`, `class`, `flags`, `data`, `created`) VALUES('80', 'InputfieldEmail', '0', '', '0000-00-00 00:00:00');
INSERT INTO `modules` (`id`, `class`, `flags`, `data`, `created`) VALUES('89', 'FieldtypeFloat', '1', '', '0000-00-00 00:00:00');
INSERT INTO `modules` (`id`, `class`, `flags`, `data`, `created`) VALUES('83', 'ProcessPageView', '0', '', '0000-00-00 00:00:00');
INSERT INTO `modules` (`id`, `class`, `flags`, `data`, `created`) VALUES('84', 'FieldtypeInteger', '0', '', '0000-00-00 00:00:00');
INSERT INTO `modules` (`id`, `class`, `flags`, `data`, `created`) VALUES('85', 'InputfieldInteger', '0', '', '0000-00-00 00:00:00');
INSERT INTO `modules` (`id`, `class`, `flags`, `data`, `created`) VALUES('86', 'InputfieldPageName', '0', '', '0000-00-00 00:00:00');
INSERT INTO `modules` (`id`, `class`, `flags`, `data`, `created`) VALUES('87', 'ProcessHome', '0', '', '0000-00-00 00:00:00');
INSERT INTO `modules` (`id`, `class`, `flags`, `data`, `created`) VALUES('90', 'InputfieldFloat', '0', '', '0000-00-00 00:00:00');
INSERT INTO `modules` (`id`, `class`, `flags`, `data`, `created`) VALUES('94', 'InputfieldDatetime', '0', '', '0000-00-00 00:00:00');
INSERT INTO `modules` (`id`, `class`, `flags`, `data`, `created`) VALUES('98', 'MarkupPagerNav', '0', '', '0000-00-00 00:00:00');
INSERT INTO `modules` (`id`, `class`, `flags`, `data`, `created`) VALUES('129', 'ProcessPageEditImageSelect', '1', '', '0000-00-00 00:00:00');
INSERT INTO `modules` (`id`, `class`, `flags`, `data`, `created`) VALUES('103', 'JqueryTableSorter', '1', '', '0000-00-00 00:00:00');
INSERT INTO `modules` (`id`, `class`, `flags`, `data`, `created`) VALUES('104', 'ProcessPageSearch', '1', '{\"searchFields\":\"title\",\"displayField\":\"title path\"}', '0000-00-00 00:00:00');
INSERT INTO `modules` (`id`, `class`, `flags`, `data`, `created`) VALUES('105', 'FieldtypeFieldsetOpen', '1', '', '0000-00-00 00:00:00');
INSERT INTO `modules` (`id`, `class`, `flags`, `data`, `created`) VALUES('106', 'FieldtypeFieldsetClose', '1', '', '0000-00-00 00:00:00');
INSERT INTO `modules` (`id`, `class`, `flags`, `data`, `created`) VALUES('107', 'FieldtypeFieldsetTabOpen', '1', '', '0000-00-00 00:00:00');
INSERT INTO `modules` (`id`, `class`, `flags`, `data`, `created`) VALUES('109', 'ProcessPageTrash', '1', '', '0000-00-00 00:00:00');
INSERT INTO `modules` (`id`, `class`, `flags`, `data`, `created`) VALUES('111', 'FieldtypePageTitle', '1', '', '0000-00-00 00:00:00');
INSERT INTO `modules` (`id`, `class`, `flags`, `data`, `created`) VALUES('112', 'InputfieldPageTitle', '0', '', '0000-00-00 00:00:00');
INSERT INTO `modules` (`id`, `class`, `flags`, `data`, `created`) VALUES('113', 'MarkupPageArray', '3', '', '0000-00-00 00:00:00');
INSERT INTO `modules` (`id`, `class`, `flags`, `data`, `created`) VALUES('131', 'InputfieldButton', '0', '', '0000-00-00 00:00:00');
INSERT INTO `modules` (`id`, `class`, `flags`, `data`, `created`) VALUES('133', 'FieldtypePassword', '1', '', '0000-00-00 00:00:00');
INSERT INTO `modules` (`id`, `class`, `flags`, `data`, `created`) VALUES('134', 'ProcessPageType', '1', '{\"showFields\":[]}', '0000-00-00 00:00:00');
INSERT INTO `modules` (`id`, `class`, `flags`, `data`, `created`) VALUES('135', 'FieldtypeURL', '1', '', '0000-00-00 00:00:00');
INSERT INTO `modules` (`id`, `class`, `flags`, `data`, `created`) VALUES('136', 'ProcessPermission', '1', '{\"showFields\":[\"name\",\"title\"]}', '0000-00-00 00:00:00');
INSERT INTO `modules` (`id`, `class`, `flags`, `data`, `created`) VALUES('137', 'InputfieldPageListSelectMultiple', '0', '', '0000-00-00 00:00:00');
INSERT INTO `modules` (`id`, `class`, `flags`, `data`, `created`) VALUES('138', 'ProcessProfile', '1', '{\"profileFields\":[\"pass\",\"email\",\"admin_theme\"]}', '0000-00-00 00:00:00');
INSERT INTO `modules` (`id`, `class`, `flags`, `data`, `created`) VALUES('139', 'SystemUpdater', '1', '{\"systemVersion\":10}', '0000-00-00 00:00:00');
INSERT INTO `modules` (`id`, `class`, `flags`, `data`, `created`) VALUES('148', 'AdminThemeDefault', '2', '{\"colors\":\"warm\"}', '0000-00-00 00:00:00');
INSERT INTO `modules` (`id`, `class`, `flags`, `data`, `created`) VALUES('149', 'InputfieldSelector', '2', '', '0000-00-00 00:00:00');
INSERT INTO `modules` (`id`, `class`, `flags`, `data`, `created`) VALUES('150', 'ProcessPageLister', '0', '', '0000-00-00 00:00:00');
INSERT INTO `modules` (`id`, `class`, `flags`, `data`, `created`) VALUES('151', 'JqueryMagnific', '1', '', '2014-07-21 07:21:45');
INSERT INTO `modules` (`id`, `class`, `flags`, `data`, `created`) VALUES('152', 'PagePathHistory', '3', '', '2014-07-25 09:36:57');
INSERT INTO `modules` (`id`, `class`, `flags`, `data`, `created`) VALUES('155', 'InputfieldCKEditor', '0', '', '2014-07-25 10:26:17');
INSERT INTO `modules` (`id`, `class`, `flags`, `data`, `created`) VALUES('156', 'MarkupHTMLPurifier', '0', '', '2014-07-25 10:26:17');
INSERT INTO `modules` (`id`, `class`, `flags`, `data`, `created`) VALUES('158', 'ProcessRecentPages', '1', '', '2014-12-12 22:49:08');
INSERT INTO `modules` (`id`, `class`, `flags`, `data`, `created`) VALUES('159', 'AdminThemeReno', '2', '', '2014-12-12 23:00:08');
INSERT INTO `modules` (`id`, `class`, `flags`, `data`, `created`) VALUES('161', 'JqueryDataTables', '1', '', '2014-12-14 16:18:03');
INSERT INTO `modules` (`id`, `class`, `flags`, `data`, `created`) VALUES('162', 'ModulesManager', '1', '{\"apikey\":\"pw223\",\"remoteurl\":\"http:\\/\\/modules.processwire.com\\/export-json\\/\",\"limit\":350,\"max_redirects\":3}', '2014-12-14 16:18:35');
INSERT INTO `modules` (`id`, `class`, `flags`, `data`, `created`) VALUES('163', 'ChromePhpLogger', '3', '', '2014-12-14 16:19:41');
INSERT INTO `modules` (`id`, `class`, `flags`, `data`, `created`) VALUES('164', 'ProcessBlog', '1', '{\"blogFullyInstalled\":1,\"blogStyle\":\"1\",\"schedulePages\":\"\",\"commentsUse\":1,\"templateFilesInstall\":\"2\",\"tagTemplatesFields\":\"blog\",\"blog\":1024,\"blog-posts\":1025,\"blog-categories\":1026,\"blog-tags\":1027,\"blog-comments\":1028,\"blog-widgets\":1029,\"blog-authors\":1030,\"blog-archives\":1031,\"blog-settings\":1032,\"blog-asc\":1036,\"blog-dnc\":1037,\"blog-dc\":1038,\"blog-rposts\":1039,\"blog-rcomments\":1040,\"blog-broll\":1041,\"blog-tweets\":1043,\"blog-pauthor\":1044}', '2014-12-14 16:58:48');
INSERT INTO `modules` (`id`, `class`, `flags`, `data`, `created`) VALUES('165', 'MarkupBlog', '1', '', '2014-12-14 16:58:48');
INSERT INTO `modules` (`id`, `class`, `flags`, `data`, `created`) VALUES('166', 'BlogPublishDate', '3', '', '2014-12-14 16:58:48');
INSERT INTO `modules` (`id`, `class`, `flags`, `data`, `created`) VALUES('167', 'JqueryFancybox', '1', '', '2014-12-14 16:58:49');
INSERT INTO `modules` (`id`, `class`, `flags`, `data`, `created`) VALUES('168', 'FieldtypeComments', '1', '', '2014-12-14 17:01:56');
INSERT INTO `modules` (`id`, `class`, `flags`, `data`, `created`) VALUES('169', 'InputfieldCommentsAdmin', '0', '', '2014-12-14 17:01:56');
INSERT INTO `modules` (`id`, `class`, `flags`, `data`, `created`) VALUES('170', 'FieldtypeRepeater', '3', '{\"repeatersRootPageID\":1022}', '2014-12-14 17:01:59');
INSERT INTO `modules` (`id`, `class`, `flags`, `data`, `created`) VALUES('171', 'InputfieldRepeater', '0', '', '2014-12-14 17:01:59');
INSERT INTO `modules` (`id`, `class`, `flags`, `data`, `created`) VALUES('172', 'InputfieldPageAutocomplete', '0', '', '2014-12-14 17:02:39');
INSERT INTO `modules` (`id`, `class`, `flags`, `data`, `created`) VALUES('174', 'ProcessMigrator', '1', '', '2014-12-25 19:19:55');
INSERT INTO `modules` (`id`, `class`, `flags`, `data`, `created`) VALUES('176', 'MigratorWordpress', '0', '{\"general_convertshortcodes\":\"\",\"field_title\":\"title\",\"field_date\":\"blog_date\",\"field_body\":\"blog_body\",\"field_headline\":\"blog_headline\",\"field_images\":\"blog_images\",\"field_files\":\"blog_files\",\"field_comments\":\"blog_comments\",\"field_categories\":\"blog_categories\",\"field_tags\":\"blog_tags\",\"field_excerpt\":\"blog_excerpt\",\"field_wpid\":\"wpid\",\"template_tags\":\"blog-tags\",\"template_tag\":\"blog-tag\",\"template_categories\":\"blog-categories\",\"template_category\":\"blog-category\",\"template_posts\":\"blog-posts\",\"template_post\":\"blog-post\",\"template_blog-page\":\"blog-page\"}', '2015-01-10 00:12:57');
INSERT INTO `modules` (`id`, `class`, `flags`, `data`, `created`) VALUES('177', 'ProcessWireUpgrade', '1', '', '2015-01-31 19:54:01');
INSERT INTO `modules` (`id`, `class`, `flags`, `data`, `created`) VALUES('178', 'ProcessWireUpgradeCheck', '3', '', '2015-01-31 19:54:01');
INSERT INTO `modules` (`id`, `class`, `flags`, `data`, `created`) VALUES('179', 'ProcessDatabaseBackups', '1', '', '2015-01-31 20:08:26');
INSERT INTO `modules` (`id`, `class`, `flags`, `data`, `created`) VALUES('180', 'ProcessLogger', '1', '', '2015-01-31 20:22:33');
INSERT INTO `modules` (`id`, `class`, `flags`, `data`, `created`) VALUES('181', 'InputfieldIcon', '0', '', '2015-01-31 20:22:33');
INSERT INTO `modules` (`id`, `class`, `flags`, `data`, `created`) VALUES('182', 'MarkupCache', '3', '{\"noExpire\":\"0\"}', '2015-01-31 22:53:35');
INSERT INTO `modules` (`id`, `class`, `flags`, `data`, `created`) VALUES('183', 'MarkupRSS', '0', '', '2015-02-01 15:20:20');
INSERT INTO `modules` (`id`, `class`, `flags`, `data`, `created`) VALUES('184', 'ProcessGoogleAnalytics', '1', '{\"accessToken\":\"ya29.SgHsftD0evikWrSw1qujRnqM51Z66tvFTOw-EPNdsNopIgulVi53GR6RtuRGLygECjnFiaC4FmBa4Q\",\"refreshToken\":\"1\\/NxROFfLqot0yYn5agrIiKjMzN1tSHHnttI9kRu2-dKcMEudVrK5jSpoR30zcRFq6\",\"tokenExpires\":3600,\"tokenCreated\":1428071963,\"clientId\":\"2693210251-1k3i82i3rmhn6v14pttcrb2fncvlm91v.apps.googleusercontent.com\",\"clientSecret\":\"P0liShYJmjA8tsTVsobrM77w\",\"accountId\":\"ga:55209111\",\"dateRange\":\"m1\",\"compareToPrevious\":\"\",\"maxResults\":30,\"cacheTime\":1800,\"chartColor\":\"#DB1174\",\"dateFormat\":\"%d %B %Y\",\"dateFormatInput\":\"Y-m-d\",\"startDate\":\"2015-03-03\",\"endDate\":\"2015-04-03\"}', '2015-02-07 13:02:39');
INSERT INTO `modules` (`id`, `class`, `flags`, `data`, `created`) VALUES('185', 'InputfieldAceEditor', '0', '', '2015-02-12 16:13:53');
INSERT INTO `modules` (`id`, `class`, `flags`, `data`, `created`) VALUES('186', 'MarkupSEO', '2', '{\"includeTemplates\":[\"blog-posts\",\"basic-page\"],\"author\":\"Okeowo Aderemi\",\"sitename\":\"Okeowo aderemi\",\"useParents\":1,\"title\":\"\",\"titleSmart\":[\"title\"],\"keywords\":\"\",\"keywordsSmart\":[\"\"],\"description\":\"\",\"descriptionSmart\":[\"\"],\"image\":\"\",\"imageSmart\":[\"\"],\"titleFormat\":\"{title}\",\"canonicalProtocol\":\"auto\",\"custom\":\"\",\"robots\":[\"index\"],\"hardLimit\":1,\"titleLimit\":60,\"descriptionLimit\":160,\"includeGenerator\":1,\"includeOpenGraph\":1,\"includeTwitter\":1,\"twitterUsername\":\"qtguru\",\"method\":\"auto\",\"addWhitespace\":1,\"googleAnalytics\":\"\",\"piwikAnalyticsUrl\":\"\",\"piwikAnalyticsIDSite\":\"\"}', '2015-02-20 15:31:15');

DROP TABLE IF EXISTS `page_path_history`;
CREATE TABLE `page_path_history` (
  `path` varchar(255) NOT NULL,
  `pages_id` int(10) unsigned NOT NULL,
  `created` timestamp NOT NULL DEFAULT CURRENT_TIMESTAMP ON UPDATE CURRENT_TIMESTAMP,
  PRIMARY KEY (`path`),
  KEY `pages_id` (`pages_id`),
  KEY `created` (`created`)
) ENGINE=MyISAM DEFAULT CHARSET=utf8;

INSERT INTO `page_path_history` (`path`, `pages_id`, `created`) VALUES('/blog-11', '1024', '2015-01-31 20:39:28');

DROP TABLE IF EXISTS `pages`;
CREATE TABLE `pages` (
  `id` int(10) unsigned NOT NULL AUTO_INCREMENT,
  `parent_id` int(11) unsigned NOT NULL DEFAULT '0',
  `templates_id` int(11) unsigned NOT NULL DEFAULT '0',
  `name` varchar(128) CHARACTER SET ascii NOT NULL,
  `status` int(10) unsigned NOT NULL DEFAULT '1',
  `modified` timestamp NOT NULL DEFAULT CURRENT_TIMESTAMP,
  `modified_users_id` int(10) unsigned NOT NULL DEFAULT '2',
  `created` timestamp NOT NULL DEFAULT '0000-00-00 00:00:00',
  `created_users_id` int(10) unsigned NOT NULL DEFAULT '2',
  `sort` int(11) NOT NULL DEFAULT '0',
  PRIMARY KEY (`id`),
  UNIQUE KEY `name_parent_id` (`name`,`parent_id`),
  KEY `parent_id` (`parent_id`),
  KEY `templates_id` (`templates_id`),
  KEY `modified` (`modified`),
  KEY `created` (`created`),
  KEY `status` (`status`)
) ENGINE=MyISAM AUTO_INCREMENT=1135 DEFAULT CHARSET=utf8;

INSERT INTO `pages` (`id`, `parent_id`, `templates_id`, `name`, `status`, `modified`, `modified_users_id`, `created`, `created_users_id`, `sort`) VALUES('1', '0', '1', 'home', '9', '2015-02-06 21:06:52', '41', '0000-00-00 00:00:00', '2', '0');
INSERT INTO `pages` (`id`, `parent_id`, `templates_id`, `name`, `status`, `modified`, `modified_users_id`, `created`, `created_users_id`, `sort`) VALUES('2', '1', '2', 'processwire', '1035', '2014-12-12 22:49:09', '40', '0000-00-00 00:00:00', '2', '5');
INSERT INTO `pages` (`id`, `parent_id`, `templates_id`, `name`, `status`, `modified`, `modified_users_id`, `created`, `created_users_id`, `sort`) VALUES('3', '2', '2', 'page', '21', '2011-03-29 21:37:06', '41', '0000-00-00 00:00:00', '2', '0');
INSERT INTO `pages` (`id`, `parent_id`, `templates_id`, `name`, `status`, `modified`, `modified_users_id`, `created`, `created_users_id`, `sort`) VALUES('6', '3', '2', 'add', '1045', '2011-03-29 21:37:06', '41', '0000-00-00 00:00:00', '2', '0');
INSERT INTO `pages` (`id`, `parent_id`, `templates_id`, `name`, `status`, `modified`, `modified_users_id`, `created`, `created_users_id`, `sort`) VALUES('7', '1', '2', 'trash', '1039', '2011-08-14 22:04:52', '41', '2010-02-07 05:29:39', '2', '6');
INSERT INTO `pages` (`id`, `parent_id`, `templates_id`, `name`, `status`, `modified`, `modified_users_id`, `created`, `created_users_id`, `sort`) VALUES('8', '3', '2', 'list', '21', '2011-03-29 21:37:06', '41', '0000-00-00 00:00:00', '2', '1');
INSERT INTO `pages` (`id`, `parent_id`, `templates_id`, `name`, `status`, `modified`, `modified_users_id`, `created`, `created_users_id`, `sort`) VALUES('9', '3', '2', 'sort', '1047', '2011-03-29 21:37:06', '41', '0000-00-00 00:00:00', '2', '2');
INSERT INTO `pages` (`id`, `parent_id`, `templates_id`, `name`, `status`, `modified`, `modified_users_id`, `created`, `created_users_id`, `sort`) VALUES('10', '3', '2', 'edit', '1045', '2011-03-29 21:37:06', '41', '0000-00-00 00:00:00', '2', '3');
INSERT INTO `pages` (`id`, `parent_id`, `templates_id`, `name`, `status`, `modified`, `modified_users_id`, `created`, `created_users_id`, `sort`) VALUES('11', '22', '2', 'template', '21', '2011-03-29 21:37:06', '41', '2010-02-01 11:04:54', '2', '0');
INSERT INTO `pages` (`id`, `parent_id`, `templates_id`, `name`, `status`, `modified`, `modified_users_id`, `created`, `created_users_id`, `sort`) VALUES('16', '22', '2', 'field', '21', '2011-03-29 21:37:06', '41', '2010-02-01 12:44:07', '2', '2');
INSERT INTO `pages` (`id`, `parent_id`, `templates_id`, `name`, `status`, `modified`, `modified_users_id`, `created`, `created_users_id`, `sort`) VALUES('21', '2', '2', 'module', '21', '2011-03-29 21:37:06', '41', '2010-02-02 10:02:24', '2', '2');
INSERT INTO `pages` (`id`, `parent_id`, `templates_id`, `name`, `status`, `modified`, `modified_users_id`, `created`, `created_users_id`, `sort`) VALUES('22', '2', '2', 'setup', '21', '2011-03-29 21:37:06', '41', '2010-02-09 12:16:59', '2', '1');
INSERT INTO `pages` (`id`, `parent_id`, `templates_id`, `name`, `status`, `modified`, `modified_users_id`, `created`, `created_users_id`, `sort`) VALUES('23', '2', '2', 'login', '1035', '2011-05-03 23:38:10', '41', '2010-02-17 09:59:39', '2', '4');
INSERT INTO `pages` (`id`, `parent_id`, `templates_id`, `name`, `status`, `modified`, `modified_users_id`, `created`, `created_users_id`, `sort`) VALUES('27', '1', '29', 'http404', '1035', '2014-07-25 07:34:57', '41', '2010-06-03 06:53:03', '3', '4');
INSERT INTO `pages` (`id`, `parent_id`, `templates_id`, `name`, `status`, `modified`, `modified_users_id`, `created`, `created_users_id`, `sort`) VALUES('28', '2', '2', 'access', '13', '2011-05-03 23:38:10', '41', '2011-03-19 19:14:20', '2', '3');
INSERT INTO `pages` (`id`, `parent_id`, `templates_id`, `name`, `status`, `modified`, `modified_users_id`, `created`, `created_users_id`, `sort`) VALUES('29', '28', '2', 'users', '29', '2011-04-05 00:39:08', '41', '2011-03-19 19:15:29', '2', '0');
INSERT INTO `pages` (`id`, `parent_id`, `templates_id`, `name`, `status`, `modified`, `modified_users_id`, `created`, `created_users_id`, `sort`) VALUES('30', '28', '2', 'roles', '29', '2011-04-05 00:38:39', '41', '2011-03-19 19:15:45', '2', '1');
INSERT INTO `pages` (`id`, `parent_id`, `templates_id`, `name`, `status`, `modified`, `modified_users_id`, `created`, `created_users_id`, `sort`) VALUES('31', '28', '2', 'permissions', '29', '2011-04-05 00:53:52', '41', '2011-03-19 19:16:00', '2', '2');
INSERT INTO `pages` (`id`, `parent_id`, `templates_id`, `name`, `status`, `modified`, `modified_users_id`, `created`, `created_users_id`, `sort`) VALUES('32', '31', '5', 'page-edit', '25', '2011-09-06 15:34:24', '41', '2011-03-19 19:17:03', '2', '2');
INSERT INTO `pages` (`id`, `parent_id`, `templates_id`, `name`, `status`, `modified`, `modified_users_id`, `created`, `created_users_id`, `sort`) VALUES('34', '31', '5', 'page-delete', '25', '2011-09-06 15:34:33', '41', '2011-03-19 19:17:23', '2', '3');
INSERT INTO `pages` (`id`, `parent_id`, `templates_id`, `name`, `status`, `modified`, `modified_users_id`, `created`, `created_users_id`, `sort`) VALUES('35', '31', '5', 'page-move', '25', '2011-09-06 15:34:48', '41', '2011-03-19 19:17:41', '2', '4');
INSERT INTO `pages` (`id`, `parent_id`, `templates_id`, `name`, `status`, `modified`, `modified_users_id`, `created`, `created_users_id`, `sort`) VALUES('36', '31', '5', 'page-view', '25', '2011-09-06 15:34:14', '41', '2011-03-19 19:17:57', '2', '0');
INSERT INTO `pages` (`id`, `parent_id`, `templates_id`, `name`, `status`, `modified`, `modified_users_id`, `created`, `created_users_id`, `sort`) VALUES('37', '30', '4', 'guest', '25', '2011-04-05 01:37:19', '41', '2011-03-19 19:18:41', '2', '0');
INSERT INTO `pages` (`id`, `parent_id`, `templates_id`, `name`, `status`, `modified`, `modified_users_id`, `created`, `created_users_id`, `sort`) VALUES('38', '30', '4', 'superuser', '25', '2011-08-17 14:34:39', '41', '2011-03-19 19:18:55', '2', '1');
INSERT INTO `pages` (`id`, `parent_id`, `templates_id`, `name`, `status`, `modified`, `modified_users_id`, `created`, `created_users_id`, `sort`) VALUES('41', '29', '3', 'admin', '1', '2015-02-05 21:19:40', '40', '2011-03-19 19:41:26', '2', '0');
INSERT INTO `pages` (`id`, `parent_id`, `templates_id`, `name`, `status`, `modified`, `modified_users_id`, `created`, `created_users_id`, `sort`) VALUES('40', '29', '3', 'guest', '25', '2011-08-17 14:26:09', '41', '2011-03-20 17:31:59', '2', '1');
INSERT INTO `pages` (`id`, `parent_id`, `templates_id`, `name`, `status`, `modified`, `modified_users_id`, `created`, `created_users_id`, `sort`) VALUES('50', '31', '5', 'page-sort', '25', '2011-09-06 15:34:58', '41', '2011-03-26 22:04:50', '41', '5');
INSERT INTO `pages` (`id`, `parent_id`, `templates_id`, `name`, `status`, `modified`, `modified_users_id`, `created`, `created_users_id`, `sort`) VALUES('51', '31', '5', 'page-template', '25', '2011-09-06 15:35:09', '41', '2011-03-26 22:25:31', '41', '6');
INSERT INTO `pages` (`id`, `parent_id`, `templates_id`, `name`, `status`, `modified`, `modified_users_id`, `created`, `created_users_id`, `sort`) VALUES('52', '31', '5', 'user-admin', '25', '2011-09-06 15:35:42', '41', '2011-03-30 00:06:47', '41', '10');
INSERT INTO `pages` (`id`, `parent_id`, `templates_id`, `name`, `status`, `modified`, `modified_users_id`, `created`, `created_users_id`, `sort`) VALUES('53', '31', '5', 'profile-edit', '1', '2011-08-16 22:32:48', '41', '2011-04-26 00:02:22', '41', '13');
INSERT INTO `pages` (`id`, `parent_id`, `templates_id`, `name`, `status`, `modified`, `modified_users_id`, `created`, `created_users_id`, `sort`) VALUES('54', '31', '5', 'page-lock', '1', '2011-08-15 17:48:12', '41', '2011-08-15 17:45:48', '41', '8');
INSERT INTO `pages` (`id`, `parent_id`, `templates_id`, `name`, `status`, `modified`, `modified_users_id`, `created`, `created_users_id`, `sort`) VALUES('300', '3', '2', 'search', '1045', '2011-03-29 21:37:06', '41', '2010-08-04 05:23:59', '2', '5');
INSERT INTO `pages` (`id`, `parent_id`, `templates_id`, `name`, `status`, `modified`, `modified_users_id`, `created`, `created_users_id`, `sort`) VALUES('301', '3', '2', 'trash', '1047', '2011-03-29 21:37:06', '41', '2010-09-28 05:39:30', '2', '5');
INSERT INTO `pages` (`id`, `parent_id`, `templates_id`, `name`, `status`, `modified`, `modified_users_id`, `created`, `created_users_id`, `sort`) VALUES('302', '3', '2', 'link', '1041', '2011-03-29 21:37:06', '41', '2010-10-01 05:03:56', '2', '6');
INSERT INTO `pages` (`id`, `parent_id`, `templates_id`, `name`, `status`, `modified`, `modified_users_id`, `created`, `created_users_id`, `sort`) VALUES('303', '3', '2', 'image', '1041', '2011-03-29 21:37:06', '41', '2010-10-13 03:56:48', '2', '7');
INSERT INTO `pages` (`id`, `parent_id`, `templates_id`, `name`, `status`, `modified`, `modified_users_id`, `created`, `created_users_id`, `sort`) VALUES('304', '2', '2', 'profile', '1025', '2011-05-03 23:38:10', '41', '2011-04-25 23:57:18', '41', '5');
INSERT INTO `pages` (`id`, `parent_id`, `templates_id`, `name`, `status`, `modified`, `modified_users_id`, `created`, `created_users_id`, `sort`) VALUES('1000', '1', '26', 'search', '1025', '2011-08-31 19:17:38', '41', '2010-09-06 05:05:28', '2', '3');
INSERT INTO `pages` (`id`, `parent_id`, `templates_id`, `name`, `status`, `modified`, `modified_users_id`, `created`, `created_users_id`, `sort`) VALUES('1001', '1', '29', 'about', '1', '2015-02-06 20:51:56', '41', '2010-10-25 22:39:33', '2', '0');
INSERT INTO `pages` (`id`, `parent_id`, `templates_id`, `name`, `status`, `modified`, `modified_users_id`, `created`, `created_users_id`, `sort`) VALUES('1129', '1012', '43', 'techno', '1', '2015-02-06 20:47:49', '41', '2015-02-06 20:41:50', '41', '3');
INSERT INTO `pages` (`id`, `parent_id`, `templates_id`, `name`, `status`, `modified`, `modified_users_id`, `created`, `created_users_id`, `sort`) VALUES('1005', '1', '34', 'site-map', '1', '2011-08-31 19:17:38', '41', '2010-11-30 21:16:49', '2', '2');
INSERT INTO `pages` (`id`, `parent_id`, `templates_id`, `name`, `status`, `modified`, `modified_users_id`, `created`, `created_users_id`, `sort`) VALUES('1006', '31', '5', 'page-lister', '1', '2014-07-20 09:00:38', '40', '2014-07-20 09:00:38', '40', '9');
INSERT INTO `pages` (`id`, `parent_id`, `templates_id`, `name`, `status`, `modified`, `modified_users_id`, `created`, `created_users_id`, `sort`) VALUES('1007', '3', '2', 'lister', '1', '2014-07-20 09:00:38', '40', '2014-07-20 09:00:38', '40', '8');
INSERT INTO `pages` (`id`, `parent_id`, `templates_id`, `name`, `status`, `modified`, `modified_users_id`, `created`, `created_users_id`, `sort`) VALUES('1009', '3', '2', 'recent-pages', '1', '2014-12-12 22:49:08', '40', '2014-12-12 22:49:08', '40', '9');
INSERT INTO `pages` (`id`, `parent_id`, `templates_id`, `name`, `status`, `modified`, `modified_users_id`, `created`, `created_users_id`, `sort`) VALUES('1010', '31', '5', 'page-edit-recent', '1', '2014-12-12 22:49:08', '40', '2014-12-12 22:49:08', '40', '10');
INSERT INTO `pages` (`id`, `parent_id`, `templates_id`, `name`, `status`, `modified`, `modified_users_id`, `created`, `created_users_id`, `sort`) VALUES('1133', '1025', '53', 'whats-been-going-on', '1', '2015-03-30 22:09:33', '40', '2015-03-29 15:02:51', '41', '26');
INSERT INTO `pages` (`id`, `parent_id`, `templates_id`, `name`, `status`, `modified`, `modified_users_id`, `created`, `created_users_id`, `sort`) VALUES('1012', '1', '44', 'portfolio', '1', '2014-12-14 16:11:34', '41', '2014-12-13 21:35:37', '41', '7');
INSERT INTO `pages` (`id`, `parent_id`, `templates_id`, `name`, `status`, `modified`, `modified_users_id`, `created`, `created_users_id`, `sort`) VALUES('1014', '1', '64', 'contact', '1', '2014-12-25 17:07:45', '41', '2014-12-13 22:09:27', '41', '9');
INSERT INTO `pages` (`id`, `parent_id`, `templates_id`, `name`, `status`, `modified`, `modified_users_id`, `created`, `created_users_id`, `sort`) VALUES('1015', '1012', '43', 'styljunki', '1', '2014-12-14 16:13:26', '41', '2014-12-13 23:00:20', '41', '0');
INSERT INTO `pages` (`id`, `parent_id`, `templates_id`, `name`, `status`, `modified`, `modified_users_id`, `created`, `created_users_id`, `sort`) VALUES('1016', '1012', '43', 'sarahsnest', '1', '2014-12-14 16:52:04', '41', '2014-12-14 14:41:15', '41', '1');
INSERT INTO `pages` (`id`, `parent_id`, `templates_id`, `name`, `status`, `modified`, `modified_users_id`, `created`, `created_users_id`, `sort`) VALUES('1017', '22', '2', 'modulesmanager', '1', '2014-12-14 16:18:35', '41', '2014-12-14 16:18:35', '41', '2');
INSERT INTO `pages` (`id`, `parent_id`, `templates_id`, `name`, `status`, `modified`, `modified_users_id`, `created`, `created_users_id`, `sort`) VALUES('1018', '1012', '43', 'processing', '1', '2014-12-14 16:53:43', '41', '2014-12-14 16:52:28', '41', '2');
INSERT INTO `pages` (`id`, `parent_id`, `templates_id`, `name`, `status`, `modified`, `modified_users_id`, `created`, `created_users_id`, `sort`) VALUES('1019', '2', '2', 'blog', '1', '2014-12-14 16:58:48', '41', '2014-12-14 16:58:48', '41', '6');
INSERT INTO `pages` (`id`, `parent_id`, `templates_id`, `name`, `status`, `modified`, `modified_users_id`, `created`, `created_users_id`, `sort`) VALUES('1020', '31', '5', 'blog', '1', '2014-12-14 16:58:48', '41', '2014-12-14 16:58:48', '41', '11');
INSERT INTO `pages` (`id`, `parent_id`, `templates_id`, `name`, `status`, `modified`, `modified_users_id`, `created`, `created_users_id`, `sort`) VALUES('1021', '30', '4', 'blog-author', '1', '2014-12-14 17:01:55', '41', '2014-12-14 17:01:55', '41', '2');
INSERT INTO `pages` (`id`, `parent_id`, `templates_id`, `name`, `status`, `modified`, `modified_users_id`, `created`, `created_users_id`, `sort`) VALUES('1022', '2', '2', 'repeaters', '1036', '2014-12-14 17:01:59', '41', '2014-12-14 17:01:59', '41', '7');
INSERT INTO `pages` (`id`, `parent_id`, `templates_id`, `name`, `status`, `modified`, `modified_users_id`, `created`, `created_users_id`, `sort`) VALUES('1023', '1022', '2', 'for-field-111', '1', '2014-12-14 17:01:59', '41', '2014-12-14 17:01:59', '41', '0');
INSERT INTO `pages` (`id`, `parent_id`, `templates_id`, `name`, `status`, `modified`, `modified_users_id`, `created`, `created_users_id`, `sort`) VALUES('1024', '1', '45', 'articles', '1', '2015-01-31 20:39:28', '41', '2014-12-14 17:01:59', '41', '10');
INSERT INTO `pages` (`id`, `parent_id`, `templates_id`, `name`, `status`, `modified`, `modified_users_id`, `created`, `created_users_id`, `sort`) VALUES('1025', '1024', '54', 'posts', '1', '2015-01-19 05:04:02', '41', '2014-12-14 17:01:59', '41', '2');
INSERT INTO `pages` (`id`, `parent_id`, `templates_id`, `name`, `status`, `modified`, `modified_users_id`, `created`, `created_users_id`, `sort`) VALUES('1026', '1024', '49', 'categories', '1', '2015-01-19 05:04:02', '41', '2014-12-14 17:01:59', '41', '3');
INSERT INTO `pages` (`id`, `parent_id`, `templates_id`, `name`, `status`, `modified`, `modified_users_id`, `created`, `created_users_id`, `sort`) VALUES('1027', '1024', '59', 'tags', '1', '2015-01-19 05:04:01', '41', '2014-12-14 17:01:59', '41', '2');
INSERT INTO `pages` (`id`, `parent_id`, `templates_id`, `name`, `status`, `modified`, `modified_users_id`, `created`, `created_users_id`, `sort`) VALUES('1028', '1024', '51', 'comments', '1', '2014-12-27 13:49:34', '41', '2014-12-14 17:01:59', '41', '3');
INSERT INTO `pages` (`id`, `parent_id`, `templates_id`, `name`, `status`, `modified`, `modified_users_id`, `created`, `created_users_id`, `sort`) VALUES('1029', '1024', '60', 'widgets', '1025', '2014-12-14 17:01:59', '41', '2014-12-14 17:01:59', '41', '4');
INSERT INTO `pages` (`id`, `parent_id`, `templates_id`, `name`, `status`, `modified`, `modified_users_id`, `created`, `created_users_id`, `sort`) VALUES('1030', '1024', '47', 'authors', '1', '2014-12-14 17:02:00', '41', '2014-12-14 17:02:00', '41', '5');
INSERT INTO `pages` (`id`, `parent_id`, `templates_id`, `name`, `status`, `modified`, `modified_users_id`, `created`, `created_users_id`, `sort`) VALUES('1031', '1024', '46', 'archives', '1', '2014-12-14 17:02:00', '41', '2014-12-14 17:02:00', '41', '6');
INSERT INTO `pages` (`id`, `parent_id`, `templates_id`, `name`, `status`, `modified`, `modified_users_id`, `created`, `created_users_id`, `sort`) VALUES('1032', '1024', '63', 'settings', '1025', '2014-12-27 13:49:34', '41', '2014-12-14 17:02:00', '41', '7');
INSERT INTO `pages` (`id`, `parent_id`, `templates_id`, `name`, `status`, `modified`, `modified_users_id`, `created`, `created_users_id`, `sort`) VALUES('1126', '1', '69', 'github-projects', '1', '2015-02-06 20:55:54', '41', '2015-02-06 18:41:53', '41', '11');
INSERT INTO `pages` (`id`, `parent_id`, `templates_id`, `name`, `status`, `modified`, `modified_users_id`, `created`, `created_users_id`, `sort`) VALUES('1034', '1026', '50', 'example-category', '1', '2014-12-14 17:02:00', '41', '2014-12-14 17:02:00', '41', '0');
INSERT INTO `pages` (`id`, `parent_id`, `templates_id`, `name`, `status`, `modified`, `modified_users_id`, `created`, `created_users_id`, `sort`) VALUES('1035', '1027', '58', 'example-tag', '1', '2014-12-14 17:02:00', '41', '2014-12-14 17:02:00', '41', '0');
INSERT INTO `pages` (`id`, `parent_id`, `templates_id`, `name`, `status`, `modified`, `modified_users_id`, `created`, `created_users_id`, `sort`) VALUES('1036', '1028', '48', 'always-show-comments', '1', '2014-12-14 17:02:00', '41', '2014-12-14 17:02:00', '41', '0');
INSERT INTO `pages` (`id`, `parent_id`, `templates_id`, `name`, `status`, `modified`, `modified_users_id`, `created`, `created_users_id`, `sort`) VALUES('1037', '1028', '48', 'disable-new-comments', '1', '2014-12-14 17:02:00', '41', '2014-12-14 17:02:00', '41', '1');
INSERT INTO `pages` (`id`, `parent_id`, `templates_id`, `name`, `status`, `modified`, `modified_users_id`, `created`, `created_users_id`, `sort`) VALUES('1038', '1028', '48', 'disable-comments', '1', '2014-12-14 17:02:00', '41', '2014-12-14 17:02:00', '41', '2');
INSERT INTO `pages` (`id`, `parent_id`, `templates_id`, `name`, `status`, `modified`, `modified_users_id`, `created`, `created_users_id`, `sort`) VALUES('1039', '1029', '56', 'recent-posts', '1', '2014-12-27 13:49:34', '41', '2014-12-14 17:02:00', '41', '0');
INSERT INTO `pages` (`id`, `parent_id`, `templates_id`, `name`, `status`, `modified`, `modified_users_id`, `created`, `created_users_id`, `sort`) VALUES('1040', '1029', '55', 'recent-comments', '1', '2014-12-27 13:49:34', '41', '2014-12-14 17:02:00', '41', '1');
INSERT INTO `pages` (`id`, `parent_id`, `templates_id`, `name`, `status`, `modified`, `modified_users_id`, `created`, `created_users_id`, `sort`) VALUES('1041', '1029', '52', 'blogroll', '1', '2014-12-14 17:02:00', '41', '2014-12-14 17:02:00', '41', '2');
INSERT INTO `pages` (`id`, `parent_id`, `templates_id`, `name`, `status`, `modified`, `modified_users_id`, `created`, `created_users_id`, `sort`) VALUES('1042', '1023', '2', 'for-page-1041', '17', '2014-12-14 17:02:00', '41', '2014-12-14 17:02:00', '41', '0');
INSERT INTO `pages` (`id`, `parent_id`, `templates_id`, `name`, `status`, `modified`, `modified_users_id`, `created`, `created_users_id`, `sort`) VALUES('1043', '1029', '57', 'recent-tweets', '1', '2014-12-27 13:49:34', '41', '2014-12-14 17:02:00', '41', '3');
INSERT INTO `pages` (`id`, `parent_id`, `templates_id`, `name`, `status`, `modified`, `modified_users_id`, `created`, `created_users_id`, `sort`) VALUES('1044', '1029', '61', 'post-author', '1', '2014-12-14 17:02:00', '41', '2014-12-14 17:02:00', '41', '4');
INSERT INTO `pages` (`id`, `parent_id`, `templates_id`, `name`, `status`, `modified`, `modified_users_id`, `created`, `created_users_id`, `sort`) VALUES('1045', '1026', '50', 'apache', '1', '2014-12-17 19:28:55', '41', '2014-12-17 19:28:44', '41', '1');
INSERT INTO `pages` (`id`, `parent_id`, `templates_id`, `name`, `status`, `modified`, `modified_users_id`, `created`, `created_users_id`, `sort`) VALUES('1132', '1025', '53', 'creating-impresspages-themes', '1', '2015-04-12 05:41:45', '40', '2015-02-12 15:48:28', '41', '25');
INSERT INTO `pages` (`id`, `parent_id`, `templates_id`, `name`, `status`, `modified`, `modified_users_id`, `created`, `created_users_id`, `sort`) VALUES('1047', '1', '67', 'scf-messages', '1029', '2014-12-25 17:07:53', '41', '2014-12-25 17:07:53', '41', '10');
INSERT INTO `pages` (`id`, `parent_id`, `templates_id`, `name`, `status`, `modified`, `modified_users_id`, `created`, `created_users_id`, `sort`) VALUES('1048', '1022', '2', 'for-field-121', '17', '2014-12-25 17:07:53', '41', '2014-12-25 17:07:53', '41', '1');
INSERT INTO `pages` (`id`, `parent_id`, `templates_id`, `name`, `status`, `modified`, `modified_users_id`, `created`, `created_users_id`, `sort`) VALUES('1049', '1048', '2', 'for-page-1047', '17', '2014-12-25 17:07:53', '41', '2014-12-25 17:07:53', '41', '0');
INSERT INTO `pages` (`id`, `parent_id`, `templates_id`, `name`, `status`, `modified`, `modified_users_id`, `created`, `created_users_id`, `sort`) VALUES('1050', '22', '2', 'migrator', '1', '2014-12-25 19:19:55', '41', '2014-12-25 19:19:55', '41', '3');
INSERT INTO `pages` (`id`, `parent_id`, `templates_id`, `name`, `status`, `modified`, `modified_users_id`, `created`, `created_users_id`, `sort`) VALUES('1051', '1027', '58', 'amd-2', '1', '2015-01-19 05:04:01', '41', '2015-01-19 05:03:19', '41', '0');
INSERT INTO `pages` (`id`, `parent_id`, `templates_id`, `name`, `status`, `modified`, `modified_users_id`, `created`, `created_users_id`, `sort`) VALUES('1052', '1027', '58', 'dojo', '1', '2015-01-19 05:04:01', '41', '2015-01-19 05:03:19', '41', '0');
INSERT INTO `pages` (`id`, `parent_id`, `templates_id`, `name`, `status`, `modified`, `modified_users_id`, `created`, `created_users_id`, `sort`) VALUES('1053', '1027', '58', 'dreamweaver', '1', '2015-01-19 05:04:01', '41', '2015-01-19 05:03:19', '41', '0');
INSERT INTO `pages` (`id`, `parent_id`, `templates_id`, `name`, `status`, `modified`, `modified_users_id`, `created`, `created_users_id`, `sort`) VALUES('1054', '1027', '58', 'frontend', '1', '2015-01-19 05:04:01', '41', '2015-01-19 05:03:19', '41', '0');
INSERT INTO `pages` (`id`, `parent_id`, `templates_id`, `name`, `status`, `modified`, `modified_users_id`, `created`, `created_users_id`, `sort`) VALUES('1055', '1027', '58', 'html5', '1', '2015-01-19 05:04:01', '41', '2015-01-19 05:03:19', '41', '0');
INSERT INTO `pages` (`id`, `parent_id`, `templates_id`, `name`, `status`, `modified`, `modified_users_id`, `created`, `created_users_id`, `sort`) VALUES('1056', '1027', '58', 'javascript', '1', '2015-01-19 05:04:01', '41', '2015-01-19 05:03:19', '41', '0');
INSERT INTO `pages` (`id`, `parent_id`, `templates_id`, `name`, `status`, `modified`, `modified_users_id`, `created`, `created_users_id`, `sort`) VALUES('1057', '1027', '58', 'js', '1', '2015-01-19 05:04:01', '41', '2015-01-19 05:03:19', '41', '0');
INSERT INTO `pages` (`id`, `parent_id`, `templates_id`, `name`, `status`, `modified`, `modified_users_id`, `created`, `created_users_id`, `sort`) VALUES('1058', '1027', '58', 'linux', '1', '2015-01-19 05:04:01', '41', '2015-01-19 05:03:19', '41', '0');
INSERT INTO `pages` (`id`, `parent_id`, `templates_id`, `name`, `status`, `modified`, `modified_users_id`, `created`, `created_users_id`, `sort`) VALUES('1059', '1027', '58', 'mobile', '1', '2015-01-19 05:04:01', '41', '2015-01-19 05:03:19', '41', '0');
INSERT INTO `pages` (`id`, `parent_id`, `templates_id`, `name`, `status`, `modified`, `modified_users_id`, `created`, `created_users_id`, `sort`) VALUES('1060', '1027', '58', 'modular', '1', '2015-01-19 05:04:01', '41', '2015-01-19 05:03:19', '41', '0');
INSERT INTO `pages` (`id`, `parent_id`, `templates_id`, `name`, `status`, `modified`, `modified_users_id`, `created`, `created_users_id`, `sort`) VALUES('1061', '1027', '58', 'oop', '1', '2015-01-19 05:04:01', '41', '2015-01-19 05:03:19', '41', '0');
INSERT INTO `pages` (`id`, `parent_id`, `templates_id`, `name`, `status`, `modified`, `modified_users_id`, `created`, `created_users_id`, `sort`) VALUES('1062', '1027', '58', 'os', '1', '2015-01-19 05:04:01', '41', '2015-01-19 05:03:19', '41', '0');
INSERT INTO `pages` (`id`, `parent_id`, `templates_id`, `name`, `status`, `modified`, `modified_users_id`, `created`, `created_users_id`, `sort`) VALUES('1063', '1027', '58', 'phonegap', '1', '2015-01-19 05:04:02', '41', '2015-01-19 05:03:19', '41', '0');
INSERT INTO `pages` (`id`, `parent_id`, `templates_id`, `name`, `status`, `modified`, `modified_users_id`, `created`, `created_users_id`, `sort`) VALUES('1064', '1027', '58', 'php', '1', '2015-01-19 05:04:02', '41', '2015-01-19 05:03:19', '41', '0');
INSERT INTO `pages` (`id`, `parent_id`, `templates_id`, `name`, `status`, `modified`, `modified_users_id`, `created`, `created_users_id`, `sort`) VALUES('1065', '1027', '58', 'reviews', '1', '2015-01-19 05:04:02', '41', '2015-01-19 05:03:19', '41', '0');
INSERT INTO `pages` (`id`, `parent_id`, `templates_id`, `name`, `status`, `modified`, `modified_users_id`, `created`, `created_users_id`, `sort`) VALUES('1066', '1027', '58', 'ubuntu', '1', '2015-01-19 05:04:02', '41', '2015-01-19 05:03:19', '41', '0');
INSERT INTO `pages` (`id`, `parent_id`, `templates_id`, `name`, `status`, `modified`, `modified_users_id`, `created`, `created_users_id`, `sort`) VALUES('1067', '1027', '58', 'yii', '1', '2015-01-19 05:04:02', '41', '2015-01-19 05:03:20', '41', '0');
INSERT INTO `pages` (`id`, `parent_id`, `templates_id`, `name`, `status`, `modified`, `modified_users_id`, `created`, `created_users_id`, `sort`) VALUES('1068', '1027', '58', 'zend', '1', '2015-01-19 05:04:02', '41', '2015-01-19 05:03:20', '41', '0');
INSERT INTO `pages` (`id`, `parent_id`, `templates_id`, `name`, `status`, `modified`, `modified_users_id`, `created`, `created_users_id`, `sort`) VALUES('1069', '1027', '58', 'zend2', '1', '2015-01-19 05:04:02', '41', '2015-01-19 05:03:20', '41', '0');
INSERT INTO `pages` (`id`, `parent_id`, `templates_id`, `name`, `status`, `modified`, `modified_users_id`, `created`, `created_users_id`, `sort`) VALUES('1070', '1027', '58', 'zf2', '1', '2015-01-19 05:04:02', '41', '2015-01-19 05:03:20', '41', '0');
INSERT INTO `pages` (`id`, `parent_id`, `templates_id`, `name`, `status`, `modified`, `modified_users_id`, `created`, `created_users_id`, `sort`) VALUES('1071', '1026', '50', 'amd', '1', '2015-01-19 05:04:02', '41', '2015-01-19 05:03:20', '41', '0');
INSERT INTO `pages` (`id`, `parent_id`, `templates_id`, `name`, `status`, `modified`, `modified_users_id`, `created`, `created_users_id`, `sort`) VALUES('1072', '1026', '50', 'client', '1', '2015-01-19 05:04:02', '41', '2015-01-19 05:03:20', '41', '0');
INSERT INTO `pages` (`id`, `parent_id`, `templates_id`, `name`, `status`, `modified`, `modified_users_id`, `created`, `created_users_id`, `sort`) VALUES('1073', '1026', '50', 'frontend', '1', '2015-01-19 05:04:02', '41', '2015-01-19 05:03:20', '41', '0');
INSERT INTO `pages` (`id`, `parent_id`, `templates_id`, `name`, `status`, `modified`, `modified_users_id`, `created`, `created_users_id`, `sort`) VALUES('1074', '1026', '50', 'html5', '1', '2015-01-19 05:04:02', '41', '2015-01-19 05:03:20', '41', '0');
INSERT INTO `pages` (`id`, `parent_id`, `templates_id`, `name`, `status`, `modified`, `modified_users_id`, `created`, `created_users_id`, `sort`) VALUES('1075', '1026', '50', 'javascript', '1', '2015-01-19 05:04:02', '41', '2015-01-19 05:03:20', '41', '0');
INSERT INTO `pages` (`id`, `parent_id`, `templates_id`, `name`, `status`, `modified`, `modified_users_id`, `created`, `created_users_id`, `sort`) VALUES('1076', '1026', '50', 'js', '1', '2015-01-19 05:04:02', '41', '2015-01-19 05:03:20', '41', '0');
INSERT INTO `pages` (`id`, `parent_id`, `templates_id`, `name`, `status`, `modified`, `modified_users_id`, `created`, `created_users_id`, `sort`) VALUES('1077', '1026', '50', 'linux', '1', '2015-01-19 05:04:02', '41', '2015-01-19 05:03:20', '41', '0');
INSERT INTO `pages` (`id`, `parent_id`, `templates_id`, `name`, `status`, `modified`, `modified_users_id`, `created`, `created_users_id`, `sort`) VALUES('1078', '1026', '50', 'php', '1', '2015-01-19 05:04:02', '41', '2015-01-19 05:03:20', '41', '0');
INSERT INTO `pages` (`id`, `parent_id`, `templates_id`, `name`, `status`, `modified`, `modified_users_id`, `created`, `created_users_id`, `sort`) VALUES('1079', '1026', '50', 'uncategorized', '1', '2015-01-19 05:04:02', '41', '2015-01-19 05:03:20', '41', '0');
INSERT INTO `pages` (`id`, `parent_id`, `templates_id`, `name`, `status`, `modified`, `modified_users_id`, `created`, `created_users_id`, `sort`) VALUES('1080', '1026', '50', 'yii', '1', '2015-01-19 05:04:02', '41', '2015-01-19 05:03:20', '41', '0');
INSERT INTO `pages` (`id`, `parent_id`, `templates_id`, `name`, `status`, `modified`, `modified_users_id`, `created`, `created_users_id`, `sort`) VALUES('1081', '1026', '50', 'zend', '1', '2015-01-19 05:04:02', '41', '2015-01-19 05:03:20', '41', '0');
INSERT INTO `pages` (`id`, `parent_id`, `templates_id`, `name`, `status`, `modified`, `modified_users_id`, `created`, `created_users_id`, `sort`) VALUES('1082', '1026', '50', 'zend2', '1', '2015-01-19 05:04:02', '41', '2015-01-19 05:03:21', '41', '0');
INSERT INTO `pages` (`id`, `parent_id`, `templates_id`, `name`, `status`, `modified`, `modified_users_id`, `created`, `created_users_id`, `sort`) VALUES('1083', '1025', '53', 'dojo-1-7-released', '1', '2015-01-19 05:04:02', '41', '2015-01-19 05:03:21', '41', '0');
INSERT INTO `pages` (`id`, `parent_id`, `templates_id`, `name`, `status`, `modified`, `modified_users_id`, `created`, `created_users_id`, `sort`) VALUES('1084', '1025', '53', 'dojo-1-7-now-supports-amd', '1', '2015-01-19 05:04:02', '41', '2015-01-19 05:03:21', '41', '0');
INSERT INTO `pages` (`id`, `parent_id`, `templates_id`, `name`, `status`, `modified`, `modified_users_id`, `created`, `created_users_id`, `sort`) VALUES('1085', '1025', '53', 'improving-the-performance-of-your-html5-app', '1', '2015-01-19 05:04:02', '41', '2015-01-19 05:03:21', '41', '0');
INSERT INTO `pages` (`id`, `parent_id`, `templates_id`, `name`, `status`, `modified`, `modified_users_id`, `created`, `created_users_id`, `sort`) VALUES('1086', '1025', '53', 'setting-up-a-zend-framework-from-scratch', '1', '2015-02-06 19:29:46', '41', '2015-01-19 05:03:21', '41', '0');
INSERT INTO `pages` (`id`, `parent_id`, `templates_id`, `name`, `status`, `modified`, `modified_users_id`, `created`, `created_users_id`, `sort`) VALUES('1087', '1025', '53', 'externalintroduction-to-yii-framework', '1', '2015-01-19 05:04:03', '41', '2015-01-19 05:03:23', '41', '0');
INSERT INTO `pages` (`id`, `parent_id`, `templates_id`, `name`, `status`, `modified`, `modified_users_id`, `created`, `created_users_id`, `sort`) VALUES('1088', '1025', '53', 'blackberry-webworks-dojo-toolkit-dojox-mobilemy-thoughts', '1', '2015-01-31 23:17:58', '41', '2015-01-19 05:03:24', '41', '0');
INSERT INTO `pages` (`id`, `parent_id`, `templates_id`, `name`, `status`, `modified`, `modified_users_id`, `created`, `created_users_id`, `sort`) VALUES('1089', '1025', '53', 'experience-with-jquery-mobile-and-dojo', '1', '2015-01-19 05:04:03', '41', '2015-01-19 05:03:26', '41', '0');
INSERT INTO `pages` (`id`, `parent_id`, `templates_id`, `name`, `status`, `modified`, `modified_users_id`, `created`, `created_users_id`, `sort`) VALUES('1090', '1025', '53', 'zend-framework-2-0-0beta3-released', '1', '2015-01-19 05:04:03', '41', '2015-01-19 05:03:26', '41', '0');
INSERT INTO `pages` (`id`, `parent_id`, `templates_id`, `name`, `status`, `modified`, `modified_users_id`, `created`, `created_users_id`, `sort`) VALUES('1091', '1025', '53', 'using-behaviors-in-yii', '1', '2015-01-19 05:04:03', '41', '2015-01-19 05:03:26', '41', '0');
INSERT INTO `pages` (`id`, `parent_id`, `templates_id`, `name`, `status`, `modified`, `modified_users_id`, `created`, `created_users_id`, `sort`) VALUES('1092', '1025', '53', 'switching-to-ubuntu-distro', '1', '2015-01-19 05:04:03', '41', '2015-01-19 05:03:26', '41', '0');
INSERT INTO `pages` (`id`, `parent_id`, `templates_id`, `name`, `status`, `modified`, `modified_users_id`, `created`, `created_users_id`, `sort`) VALUES('1093', '1025', '53', 'twitter-bootstrap-forms-with-zf2', '1', '2015-01-19 05:04:03', '41', '2015-01-19 05:03:36', '41', '0');
INSERT INTO `pages` (`id`, `parent_id`, `templates_id`, `name`, `status`, `modified`, `modified_users_id`, `created`, `created_users_id`, `sort`) VALUES('1094', '1025', '53', 'quick-tip-loading-dojo-1-7-in-yii', '1', '2015-01-19 05:04:04', '41', '2015-01-19 05:03:36', '41', '0');
INSERT INTO `pages` (`id`, `parent_id`, `templates_id`, `name`, `status`, `modified`, `modified_users_id`, `created`, `created_users_id`, `sort`) VALUES('1095', '1025', '53', 'zf2-dependency-injection-managing-configuration-part-1', '1', '2015-01-19 05:04:04', '41', '2015-01-19 05:03:36', '41', '0');
INSERT INTO `pages` (`id`, `parent_id`, `templates_id`, `name`, `status`, `modified`, `modified_users_id`, `created`, `created_users_id`, `sort`) VALUES('1096', '1025', '53', 'dojo-guides-and-tutorials', '1', '2015-01-19 05:04:04', '41', '2015-01-19 05:03:36', '41', '0');
INSERT INTO `pages` (`id`, `parent_id`, `templates_id`, `name`, `status`, `modified`, `modified_users_id`, `created`, `created_users_id`, `sort`) VALUES('1097', '1025', '53', 'introduction-to-amd', '1', '2015-01-19 05:04:04', '41', '2015-01-19 05:03:36', '41', '0');
INSERT INTO `pages` (`id`, `parent_id`, `templates_id`, `name`, `status`, `modified`, `modified_users_id`, `created`, `created_users_id`, `sort`) VALUES('1098', '1025', '53', 'zend-framework-2-a-bit-of-insight', '1', '2015-01-19 05:04:04', '41', '2015-01-19 05:03:36', '41', '0');
INSERT INTO `pages` (`id`, `parent_id`, `templates_id`, `name`, `status`, `modified`, `modified_users_id`, `created`, `created_users_id`, `sort`) VALUES('1099', '1025', '53', 'nodejs-and-dojo', '1', '2015-01-19 05:04:04', '41', '2015-01-19 05:03:36', '41', '0');
INSERT INTO `pages` (`id`, `parent_id`, `templates_id`, `name`, `status`, `modified`, `modified_users_id`, `created`, `created_users_id`, `sort`) VALUES('1100', '1025', '53', 'review-of-dreamweaver-cs6-mobile-and-web-development-with-html5css3-and-jquery-mobile', '1', '2015-01-19 05:04:05', '41', '2015-01-19 05:03:36', '41', '0');
INSERT INTO `pages` (`id`, `parent_id`, `templates_id`, `name`, `status`, `modified`, `modified_users_id`, `created`, `created_users_id`, `sort`) VALUES('1101', '1025', '53', 'oopjs', '1', '2015-01-19 05:04:05', '41', '2015-01-19 05:03:44', '41', '0');
INSERT INTO `pages` (`id`, `parent_id`, `templates_id`, `name`, `status`, `modified`, `modified_users_id`, `created`, `created_users_id`, `sort`) VALUES('1102', '1025', '53', 'introduction-to-highchart', '1', '2015-01-19 05:04:05', '41', '2015-01-19 05:03:44', '41', '0');
INSERT INTO `pages` (`id`, `parent_id`, `templates_id`, `name`, `status`, `modified`, `modified_users_id`, `created`, `created_users_id`, `sort`) VALUES('1103', '1025', '53', 'understanding-zf2-process', '1', '2015-04-08 16:40:25', '41', '2015-01-19 05:03:46', '41', '0');
INSERT INTO `pages` (`id`, `parent_id`, `templates_id`, `name`, `status`, `modified`, `modified_users_id`, `created`, `created_users_id`, `sort`) VALUES('1104', '1025', '53', 'packt-publishing-ebook-bonaza', '1', '2015-01-19 05:04:05', '41', '2015-01-19 05:03:53', '41', '0');
INSERT INTO `pages` (`id`, `parent_id`, `templates_id`, `name`, `status`, `modified`, `modified_users_id`, `created`, `created_users_id`, `sort`) VALUES('1105', '1025', '53', 'zend-framework-2-application-development-review', '1', '2015-01-19 05:04:06', '41', '2015-01-19 05:03:55', '41', '0');
INSERT INTO `pages` (`id`, `parent_id`, `templates_id`, `name`, `status`, `modified`, `modified_users_id`, `created`, `created_users_id`, `sort`) VALUES('1106', '1025', '53', 'mastering-nodejs', '1', '2015-01-19 05:04:06', '41', '2015-01-19 05:03:58', '41', '0');
INSERT INTO `pages` (`id`, `parent_id`, `templates_id`, `name`, `status`, `modified`, `modified_users_id`, `created`, `created_users_id`, `sort`) VALUES('1107', '1025', '53', 'packt-publishing-2000th-title-campaign', '1', '2015-02-12 14:05:29', '41', '2015-01-19 05:03:58', '41', '0');
INSERT INTO `pages` (`id`, `parent_id`, `templates_id`, `name`, `status`, `modified`, `modified_users_id`, `created`, `created_users_id`, `sort`) VALUES('1108', '1024', '68', 'about', '1', '2015-01-19 05:04:06', '41', '2015-01-19 05:03:58', '41', '0');
INSERT INTO `pages` (`id`, `parent_id`, `templates_id`, `name`, `status`, `modified`, `modified_users_id`, `created`, `created_users_id`, `sort`) VALUES('1109', '1024', '68', 'articles', '1', '2015-01-19 05:04:06', '41', '2015-01-19 05:03:59', '41', '0');
INSERT INTO `pages` (`id`, `parent_id`, `templates_id`, `name`, `status`, `modified`, `modified_users_id`, `created`, `created_users_id`, `sort`) VALUES('1110', '1024', '68', 'request-form', '1', '2015-01-19 05:04:06', '41', '2015-01-19 05:03:59', '41', '0');
INSERT INTO `pages` (`id`, `parent_id`, `templates_id`, `name`, `status`, `modified`, `modified_users_id`, `created`, `created_users_id`, `sort`) VALUES('1111', '1024', '68', 'contact', '1', '2015-01-19 05:04:06', '41', '2015-01-19 05:03:59', '41', '0');
INSERT INTO `pages` (`id`, `parent_id`, `templates_id`, `name`, `status`, `modified`, `modified_users_id`, `created`, `created_users_id`, `sort`) VALUES('1112', '1024', '68', 'services', '1', '2015-01-19 05:04:06', '41', '2015-01-19 05:03:59', '41', '0');
INSERT INTO `pages` (`id`, `parent_id`, `templates_id`, `name`, `status`, `modified`, `modified_users_id`, `created`, `created_users_id`, `sort`) VALUES('1113', '1024', '68', 'my_works', '1', '2015-01-19 05:04:06', '41', '2015-01-19 05:04:01', '41', '0');
INSERT INTO `pages` (`id`, `parent_id`, `templates_id`, `name`, `status`, `modified`, `modified_users_id`, `created`, `created_users_id`, `sort`) VALUES('1114', '1024', '68', 'articles-2', '1', '2015-01-19 05:04:06', '41', '2015-01-19 05:04:01', '41', '0');
INSERT INTO `pages` (`id`, `parent_id`, `templates_id`, `name`, `status`, `modified`, `modified_users_id`, `created`, `created_users_id`, `sort`) VALUES('1115', '1024', '68', 'portfolio', '1', '2015-01-19 05:04:06', '41', '2015-01-19 05:04:01', '41', '0');
INSERT INTO `pages` (`id`, `parent_id`, `templates_id`, `name`, `status`, `modified`, `modified_users_id`, `created`, `created_users_id`, `sort`) VALUES('1116', '22', '2', 'upgrades', '1', '2015-01-31 19:54:01', '41', '2015-01-31 19:54:01', '41', '4');
INSERT INTO `pages` (`id`, `parent_id`, `templates_id`, `name`, `status`, `modified`, `modified_users_id`, `created`, `created_users_id`, `sort`) VALUES('1117', '22', '2', 'db-backups', '1', '2015-01-31 20:08:26', '41', '2015-01-31 20:08:26', '41', '5');
INSERT INTO `pages` (`id`, `parent_id`, `templates_id`, `name`, `status`, `modified`, `modified_users_id`, `created`, `created_users_id`, `sort`) VALUES('1118', '31', '5', 'db-backup', '1', '2015-01-31 20:08:26', '41', '2015-01-31 20:08:26', '41', '12');
INSERT INTO `pages` (`id`, `parent_id`, `templates_id`, `name`, `status`, `modified`, `modified_users_id`, `created`, `created_users_id`, `sort`) VALUES('1119', '22', '2', 'logs', '1', '2015-01-31 20:22:33', '41', '2015-01-31 20:22:33', '41', '6');
INSERT INTO `pages` (`id`, `parent_id`, `templates_id`, `name`, `status`, `modified`, `modified_users_id`, `created`, `created_users_id`, `sort`) VALUES('1120', '31', '5', 'logs-view', '1', '2015-01-31 20:22:33', '41', '2015-01-31 20:22:33', '41', '13');
INSERT INTO `pages` (`id`, `parent_id`, `templates_id`, `name`, `status`, `modified`, `modified_users_id`, `created`, `created_users_id`, `sort`) VALUES('1121', '31', '5', 'logs-edit', '1', '2015-01-31 20:22:33', '41', '2015-01-31 20:22:33', '41', '14');
INSERT INTO `pages` (`id`, `parent_id`, `templates_id`, `name`, `status`, `modified`, `modified_users_id`, `created`, `created_users_id`, `sort`) VALUES('1130', '2', '2', 'google-analytics', '1', '2015-02-07 13:02:39', '41', '2015-02-07 13:02:39', '41', '8');
INSERT INTO `pages` (`id`, `parent_id`, `templates_id`, `name`, `status`, `modified`, `modified_users_id`, `created`, `created_users_id`, `sort`) VALUES('1131', '31', '5', 'ga-view', '1', '2015-02-07 13:02:39', '41', '2015-02-07 13:02:39', '41', '15');
INSERT INTO `pages` (`id`, `parent_id`, `templates_id`, `name`, `status`, `modified`, `modified_users_id`, `created`, `created_users_id`, `sort`) VALUES('1127', '1126', '69', 'diary', '1', '2015-02-06 18:41:53', '41', '2015-02-06 18:41:53', '41', '0');
INSERT INTO `pages` (`id`, `parent_id`, `templates_id`, `name`, `status`, `modified`, `modified_users_id`, `created`, `created_users_id`, `sort`) VALUES('1128', '1126', '69', 'aurora', '1', '2015-02-06 18:43:58', '41', '2015-02-06 18:41:53', '41', '1');
INSERT INTO `pages` (`id`, `parent_id`, `templates_id`, `name`, `status`, `modified`, `modified_users_id`, `created`, `created_users_id`, `sort`) VALUES('1134', '1027', '58', 'general', '1', '2015-03-29 16:39:10', '41', '2015-03-29 16:39:10', '41', '21');

DROP TABLE IF EXISTS `pages_access`;
CREATE TABLE `pages_access` (
  `pages_id` int(11) NOT NULL,
  `templates_id` int(11) NOT NULL,
  `ts` timestamp NOT NULL DEFAULT CURRENT_TIMESTAMP ON UPDATE CURRENT_TIMESTAMP,
  PRIMARY KEY (`pages_id`),
  KEY `templates_id` (`templates_id`)
) ENGINE=MyISAM DEFAULT CHARSET=utf8;

INSERT INTO `pages_access` (`pages_id`, `templates_id`, `ts`) VALUES('37', '2', '2015-01-19 05:03:18');
INSERT INTO `pages_access` (`pages_id`, `templates_id`, `ts`) VALUES('38', '2', '2015-01-19 05:03:18');
INSERT INTO `pages_access` (`pages_id`, `templates_id`, `ts`) VALUES('1021', '2', '2015-01-19 05:03:18');
INSERT INTO `pages_access` (`pages_id`, `templates_id`, `ts`) VALUES('32', '2', '2015-01-19 05:03:18');
INSERT INTO `pages_access` (`pages_id`, `templates_id`, `ts`) VALUES('34', '2', '2015-01-19 05:03:18');
INSERT INTO `pages_access` (`pages_id`, `templates_id`, `ts`) VALUES('35', '2', '2015-01-19 05:03:18');
INSERT INTO `pages_access` (`pages_id`, `templates_id`, `ts`) VALUES('36', '2', '2015-01-19 05:03:18');
INSERT INTO `pages_access` (`pages_id`, `templates_id`, `ts`) VALUES('50', '2', '2015-01-19 05:03:18');
INSERT INTO `pages_access` (`pages_id`, `templates_id`, `ts`) VALUES('51', '2', '2015-01-19 05:03:18');
INSERT INTO `pages_access` (`pages_id`, `templates_id`, `ts`) VALUES('52', '2', '2015-01-19 05:03:18');
INSERT INTO `pages_access` (`pages_id`, `templates_id`, `ts`) VALUES('53', '2', '2015-01-19 05:03:18');
INSERT INTO `pages_access` (`pages_id`, `templates_id`, `ts`) VALUES('54', '2', '2015-01-19 05:03:18');
INSERT INTO `pages_access` (`pages_id`, `templates_id`, `ts`) VALUES('1006', '2', '2015-01-19 05:03:18');
INSERT INTO `pages_access` (`pages_id`, `templates_id`, `ts`) VALUES('1010', '2', '2015-01-19 05:03:18');
INSERT INTO `pages_access` (`pages_id`, `templates_id`, `ts`) VALUES('1020', '2', '2015-01-19 05:03:18');
INSERT INTO `pages_access` (`pages_id`, `templates_id`, `ts`) VALUES('1131', '2', '2015-02-07 13:02:39');
INSERT INTO `pages_access` (`pages_id`, `templates_id`, `ts`) VALUES('1126', '1', '2015-02-06 18:41:53');
INSERT INTO `pages_access` (`pages_id`, `templates_id`, `ts`) VALUES('1133', '1', '2015-03-29 15:02:51');
INSERT INTO `pages_access` (`pages_id`, `templates_id`, `ts`) VALUES('1039', '60', '2015-01-19 05:03:18');
INSERT INTO `pages_access` (`pages_id`, `templates_id`, `ts`) VALUES('1040', '60', '2015-01-19 05:03:18');
INSERT INTO `pages_access` (`pages_id`, `templates_id`, `ts`) VALUES('1041', '60', '2015-01-19 05:03:18');
INSERT INTO `pages_access` (`pages_id`, `templates_id`, `ts`) VALUES('1043', '60', '2015-01-19 05:03:18');
INSERT INTO `pages_access` (`pages_id`, `templates_id`, `ts`) VALUES('1044', '60', '2015-01-19 05:03:18');
INSERT INTO `pages_access` (`pages_id`, `templates_id`, `ts`) VALUES('1051', '1', '2015-01-19 05:03:19');
INSERT INTO `pages_access` (`pages_id`, `templates_id`, `ts`) VALUES('1052', '1', '2015-01-19 05:03:19');
INSERT INTO `pages_access` (`pages_id`, `templates_id`, `ts`) VALUES('1053', '1', '2015-01-19 05:03:19');
INSERT INTO `pages_access` (`pages_id`, `templates_id`, `ts`) VALUES('1054', '1', '2015-01-19 05:03:19');
INSERT INTO `pages_access` (`pages_id`, `templates_id`, `ts`) VALUES('1055', '1', '2015-01-19 05:03:19');
INSERT INTO `pages_access` (`pages_id`, `templates_id`, `ts`) VALUES('1056', '1', '2015-01-19 05:03:19');
INSERT INTO `pages_access` (`pages_id`, `templates_id`, `ts`) VALUES('1057', '1', '2015-01-19 05:03:19');
INSERT INTO `pages_access` (`pages_id`, `templates_id`, `ts`) VALUES('1058', '1', '2015-01-19 05:03:19');
INSERT INTO `pages_access` (`pages_id`, `templates_id`, `ts`) VALUES('1059', '1', '2015-01-19 05:03:19');
INSERT INTO `pages_access` (`pages_id`, `templates_id`, `ts`) VALUES('1060', '1', '2015-01-19 05:03:19');
INSERT INTO `pages_access` (`pages_id`, `templates_id`, `ts`) VALUES('1061', '1', '2015-01-19 05:03:19');
INSERT INTO `pages_access` (`pages_id`, `templates_id`, `ts`) VALUES('1062', '1', '2015-01-19 05:03:19');
INSERT INTO `pages_access` (`pages_id`, `templates_id`, `ts`) VALUES('1063', '1', '2015-01-19 05:03:19');
INSERT INTO `pages_access` (`pages_id`, `templates_id`, `ts`) VALUES('1064', '1', '2015-01-19 05:03:19');
INSERT INTO `pages_access` (`pages_id`, `templates_id`, `ts`) VALUES('1065', '1', '2015-01-19 05:03:19');
INSERT INTO `pages_access` (`pages_id`, `templates_id`, `ts`) VALUES('1066', '1', '2015-01-19 05:03:19');
INSERT INTO `pages_access` (`pages_id`, `templates_id`, `ts`) VALUES('1067', '1', '2015-01-19 05:03:20');
INSERT INTO `pages_access` (`pages_id`, `templates_id`, `ts`) VALUES('1068', '1', '2015-01-19 05:03:20');
INSERT INTO `pages_access` (`pages_id`, `templates_id`, `ts`) VALUES('1069', '1', '2015-01-19 05:03:20');
INSERT INTO `pages_access` (`pages_id`, `templates_id`, `ts`) VALUES('1070', '1', '2015-01-19 05:03:20');
INSERT INTO `pages_access` (`pages_id`, `templates_id`, `ts`) VALUES('1071', '1', '2015-01-19 05:03:20');
INSERT INTO `pages_access` (`pages_id`, `templates_id`, `ts`) VALUES('1072', '1', '2015-01-19 05:03:20');
INSERT INTO `pages_access` (`pages_id`, `templates_id`, `ts`) VALUES('1073', '1', '2015-01-19 05:03:20');
INSERT INTO `pages_access` (`pages_id`, `templates_id`, `ts`) VALUES('1074', '1', '2015-01-19 05:03:20');
INSERT INTO `pages_access` (`pages_id`, `templates_id`, `ts`) VALUES('1075', '1', '2015-01-19 05:03:20');
INSERT INTO `pages_access` (`pages_id`, `templates_id`, `ts`) VALUES('1076', '1', '2015-01-19 05:03:20');
INSERT INTO `pages_access` (`pages_id`, `templates_id`, `ts`) VALUES('1077', '1', '2015-01-19 05:03:20');
INSERT INTO `pages_access` (`pages_id`, `templates_id`, `ts`) VALUES('1078', '1', '2015-01-19 05:03:20');
INSERT INTO `pages_access` (`pages_id`, `templates_id`, `ts`) VALUES('1079', '1', '2015-01-19 05:03:20');
INSERT INTO `pages_access` (`pages_id`, `templates_id`, `ts`) VALUES('1080', '1', '2015-01-19 05:03:20');
INSERT INTO `pages_access` (`pages_id`, `templates_id`, `ts`) VALUES('1081', '1', '2015-01-19 05:03:20');
INSERT INTO `pages_access` (`pages_id`, `templates_id`, `ts`) VALUES('1082', '1', '2015-01-19 05:03:21');
INSERT INTO `pages_access` (`pages_id`, `templates_id`, `ts`) VALUES('1083', '1', '2015-01-19 05:03:21');
INSERT INTO `pages_access` (`pages_id`, `templates_id`, `ts`) VALUES('1084', '1', '2015-01-19 05:03:21');
INSERT INTO `pages_access` (`pages_id`, `templates_id`, `ts`) VALUES('1085', '1', '2015-01-19 05:03:21');
INSERT INTO `pages_access` (`pages_id`, `templates_id`, `ts`) VALUES('1086', '1', '2015-01-19 05:03:21');
INSERT INTO `pages_access` (`pages_id`, `templates_id`, `ts`) VALUES('1087', '1', '2015-01-19 05:03:24');
INSERT INTO `pages_access` (`pages_id`, `templates_id`, `ts`) VALUES('1088', '1', '2015-01-19 05:03:24');
INSERT INTO `pages_access` (`pages_id`, `templates_id`, `ts`) VALUES('1089', '1', '2015-01-19 05:03:26');
INSERT INTO `pages_access` (`pages_id`, `templates_id`, `ts`) VALUES('1090', '1', '2015-01-19 05:03:26');
INSERT INTO `pages_access` (`pages_id`, `templates_id`, `ts`) VALUES('1091', '1', '2015-01-19 05:03:26');
INSERT INTO `pages_access` (`pages_id`, `templates_id`, `ts`) VALUES('1092', '1', '2015-01-19 05:03:26');
INSERT INTO `pages_access` (`pages_id`, `templates_id`, `ts`) VALUES('1093', '1', '2015-01-19 05:03:36');
INSERT INTO `pages_access` (`pages_id`, `templates_id`, `ts`) VALUES('1094', '1', '2015-01-19 05:03:36');
INSERT INTO `pages_access` (`pages_id`, `templates_id`, `ts`) VALUES('1095', '1', '2015-01-19 05:03:36');
INSERT INTO `pages_access` (`pages_id`, `templates_id`, `ts`) VALUES('1096', '1', '2015-01-19 05:03:36');
INSERT INTO `pages_access` (`pages_id`, `templates_id`, `ts`) VALUES('1097', '1', '2015-01-19 05:03:36');
INSERT INTO `pages_access` (`pages_id`, `templates_id`, `ts`) VALUES('1098', '1', '2015-01-19 05:03:36');
INSERT INTO `pages_access` (`pages_id`, `templates_id`, `ts`) VALUES('1099', '1', '2015-01-19 05:03:36');
INSERT INTO `pages_access` (`pages_id`, `templates_id`, `ts`) VALUES('1100', '1', '2015-01-19 05:03:37');
INSERT INTO `pages_access` (`pages_id`, `templates_id`, `ts`) VALUES('1101', '1', '2015-01-19 05:03:44');
INSERT INTO `pages_access` (`pages_id`, `templates_id`, `ts`) VALUES('1102', '1', '2015-01-19 05:03:44');
INSERT INTO `pages_access` (`pages_id`, `templates_id`, `ts`) VALUES('1103', '1', '2015-01-19 05:03:46');
INSERT INTO `pages_access` (`pages_id`, `templates_id`, `ts`) VALUES('1104', '1', '2015-01-19 05:03:53');
INSERT INTO `pages_access` (`pages_id`, `templates_id`, `ts`) VALUES('1105', '1', '2015-01-19 05:03:55');
INSERT INTO `pages_access` (`pages_id`, `templates_id`, `ts`) VALUES('1106', '1', '2015-01-19 05:03:58');
INSERT INTO `pages_access` (`pages_id`, `templates_id`, `ts`) VALUES('1107', '1', '2015-01-19 05:03:58');
INSERT INTO `pages_access` (`pages_id`, `templates_id`, `ts`) VALUES('1108', '1', '2015-01-19 05:03:58');
INSERT INTO `pages_access` (`pages_id`, `templates_id`, `ts`) VALUES('1109', '1', '2015-01-19 05:03:59');
INSERT INTO `pages_access` (`pages_id`, `templates_id`, `ts`) VALUES('1110', '1', '2015-01-19 05:03:59');
INSERT INTO `pages_access` (`pages_id`, `templates_id`, `ts`) VALUES('1111', '1', '2015-01-19 05:03:59');
INSERT INTO `pages_access` (`pages_id`, `templates_id`, `ts`) VALUES('1112', '1', '2015-01-19 05:03:59');
INSERT INTO `pages_access` (`pages_id`, `templates_id`, `ts`) VALUES('1113', '1', '2015-01-19 05:04:01');
INSERT INTO `pages_access` (`pages_id`, `templates_id`, `ts`) VALUES('1114', '1', '2015-01-19 05:04:01');
INSERT INTO `pages_access` (`pages_id`, `templates_id`, `ts`) VALUES('1115', '1', '2015-01-19 05:04:01');
INSERT INTO `pages_access` (`pages_id`, `templates_id`, `ts`) VALUES('1118', '2', '2015-01-31 20:08:26');
INSERT INTO `pages_access` (`pages_id`, `templates_id`, `ts`) VALUES('1120', '2', '2015-01-31 20:22:33');
INSERT INTO `pages_access` (`pages_id`, `templates_id`, `ts`) VALUES('1121', '2', '2015-01-31 20:22:33');
INSERT INTO `pages_access` (`pages_id`, `templates_id`, `ts`) VALUES('1129', '1', '2015-02-06 20:41:50');
INSERT INTO `pages_access` (`pages_id`, `templates_id`, `ts`) VALUES('1134', '1', '2015-03-29 16:39:10');
INSERT INTO `pages_access` (`pages_id`, `templates_id`, `ts`) VALUES('1132', '1', '2015-02-12 15:48:28');

DROP TABLE IF EXISTS `pages_parents`;
CREATE TABLE `pages_parents` (
  `pages_id` int(10) unsigned NOT NULL,
  `parents_id` int(10) unsigned NOT NULL,
  PRIMARY KEY (`pages_id`,`parents_id`)
) ENGINE=MyISAM DEFAULT CHARSET=utf8;

INSERT INTO `pages_parents` (`pages_id`, `parents_id`) VALUES('2', '1');
INSERT INTO `pages_parents` (`pages_id`, `parents_id`) VALUES('3', '1');
INSERT INTO `pages_parents` (`pages_id`, `parents_id`) VALUES('3', '2');
INSERT INTO `pages_parents` (`pages_id`, `parents_id`) VALUES('7', '1');
INSERT INTO `pages_parents` (`pages_id`, `parents_id`) VALUES('22', '1');
INSERT INTO `pages_parents` (`pages_id`, `parents_id`) VALUES('22', '2');
INSERT INTO `pages_parents` (`pages_id`, `parents_id`) VALUES('28', '1');
INSERT INTO `pages_parents` (`pages_id`, `parents_id`) VALUES('28', '2');
INSERT INTO `pages_parents` (`pages_id`, `parents_id`) VALUES('29', '1');
INSERT INTO `pages_parents` (`pages_id`, `parents_id`) VALUES('29', '2');
INSERT INTO `pages_parents` (`pages_id`, `parents_id`) VALUES('29', '28');
INSERT INTO `pages_parents` (`pages_id`, `parents_id`) VALUES('30', '1');
INSERT INTO `pages_parents` (`pages_id`, `parents_id`) VALUES('30', '2');
INSERT INTO `pages_parents` (`pages_id`, `parents_id`) VALUES('30', '28');
INSERT INTO `pages_parents` (`pages_id`, `parents_id`) VALUES('31', '1');
INSERT INTO `pages_parents` (`pages_id`, `parents_id`) VALUES('31', '2');
INSERT INTO `pages_parents` (`pages_id`, `parents_id`) VALUES('31', '28');
INSERT INTO `pages_parents` (`pages_id`, `parents_id`) VALUES('1005', '1');
INSERT INTO `pages_parents` (`pages_id`, `parents_id`) VALUES('1012', '1');
INSERT INTO `pages_parents` (`pages_id`, `parents_id`) VALUES('1022', '1');
INSERT INTO `pages_parents` (`pages_id`, `parents_id`) VALUES('1022', '2');
INSERT INTO `pages_parents` (`pages_id`, `parents_id`) VALUES('1023', '1');
INSERT INTO `pages_parents` (`pages_id`, `parents_id`) VALUES('1023', '2');
INSERT INTO `pages_parents` (`pages_id`, `parents_id`) VALUES('1023', '1022');
INSERT INTO `pages_parents` (`pages_id`, `parents_id`) VALUES('1024', '1');
INSERT INTO `pages_parents` (`pages_id`, `parents_id`) VALUES('1025', '1');
INSERT INTO `pages_parents` (`pages_id`, `parents_id`) VALUES('1025', '1024');
INSERT INTO `pages_parents` (`pages_id`, `parents_id`) VALUES('1026', '1');
INSERT INTO `pages_parents` (`pages_id`, `parents_id`) VALUES('1026', '1024');
INSERT INTO `pages_parents` (`pages_id`, `parents_id`) VALUES('1027', '1');
INSERT INTO `pages_parents` (`pages_id`, `parents_id`) VALUES('1027', '1024');
INSERT INTO `pages_parents` (`pages_id`, `parents_id`) VALUES('1028', '1');
INSERT INTO `pages_parents` (`pages_id`, `parents_id`) VALUES('1028', '1024');
INSERT INTO `pages_parents` (`pages_id`, `parents_id`) VALUES('1029', '1');
INSERT INTO `pages_parents` (`pages_id`, `parents_id`) VALUES('1029', '1024');
INSERT INTO `pages_parents` (`pages_id`, `parents_id`) VALUES('1048', '1');
INSERT INTO `pages_parents` (`pages_id`, `parents_id`) VALUES('1048', '2');
INSERT INTO `pages_parents` (`pages_id`, `parents_id`) VALUES('1048', '1022');
INSERT INTO `pages_parents` (`pages_id`, `parents_id`) VALUES('1126', '1');

DROP TABLE IF EXISTS `pages_sortfields`;
CREATE TABLE `pages_sortfields` (
  `pages_id` int(10) unsigned NOT NULL DEFAULT '0',
  `sortfield` varchar(20) NOT NULL DEFAULT '',
  PRIMARY KEY (`pages_id`)
) ENGINE=MyISAM DEFAULT CHARSET=utf8;

INSERT INTO `pages_sortfields` (`pages_id`, `sortfield`) VALUES('1025', '-created');
INSERT INTO `pages_sortfields` (`pages_id`, `sortfield`) VALUES('1026', '1');
INSERT INTO `pages_sortfields` (`pages_id`, `sortfield`) VALUES('1027', '1');

DROP TABLE IF EXISTS `session_login_throttle`;
CREATE TABLE `session_login_throttle` (
  `name` varchar(128) NOT NULL,
  `attempts` int(10) unsigned NOT NULL DEFAULT '0',
  `last_attempt` int(10) unsigned NOT NULL,
  PRIMARY KEY (`name`)
) ENGINE=MyISAM DEFAULT CHARSET=utf8;

INSERT INTO `session_login_throttle` (`name`, `attempts`, `last_attempt`) VALUES('admin', '1', '1429253565');

DROP TABLE IF EXISTS `templates`;
CREATE TABLE `templates` (
  `id` int(10) unsigned NOT NULL AUTO_INCREMENT,
  `name` varchar(255) CHARACTER SET ascii NOT NULL,
  `fieldgroups_id` int(10) unsigned NOT NULL DEFAULT '0',
  `flags` int(11) NOT NULL DEFAULT '0',
  `cache_time` mediumint(9) NOT NULL DEFAULT '0',
  `data` text NOT NULL,
  PRIMARY KEY (`id`),
  UNIQUE KEY `name` (`name`),
  KEY `fieldgroups_id` (`fieldgroups_id`)
) ENGINE=MyISAM AUTO_INCREMENT=70 DEFAULT CHARSET=utf8;

INSERT INTO `templates` (`id`, `name`, `fieldgroups_id`, `flags`, `cache_time`, `data`) VALUES('2', 'admin', '2', '8', '0', '{\"useRoles\":1,\"parentTemplates\":[2],\"allowPageNum\":1,\"redirectLogin\":23,\"slashUrls\":1,\"noGlobal\":1,\"modified\":1423167268}');
INSERT INTO `templates` (`id`, `name`, `fieldgroups_id`, `flags`, `cache_time`, `data`) VALUES('3', 'user', '3', '8', '0', '{\"useRoles\":1,\"noChildren\":1,\"parentTemplates\":[2],\"slashUrls\":1,\"pageClass\":\"User\",\"noGlobal\":1,\"noMove\":1,\"noTrash\":1,\"noSettings\":1,\"noChangeTemplate\":1,\"nameContentTab\":1}');
INSERT INTO `templates` (`id`, `name`, `fieldgroups_id`, `flags`, `cache_time`, `data`) VALUES('4', 'role', '4', '8', '0', '{\"noChildren\":1,\"parentTemplates\":[2],\"slashUrls\":1,\"pageClass\":\"Role\",\"noGlobal\":1,\"noMove\":1,\"noTrash\":1,\"noSettings\":1,\"noChangeTemplate\":1,\"nameContentTab\":1}');
INSERT INTO `templates` (`id`, `name`, `fieldgroups_id`, `flags`, `cache_time`, `data`) VALUES('5', 'permission', '5', '8', '0', '{\"noChildren\":1,\"parentTemplates\":[2],\"slashUrls\":1,\"guestSearchable\":1,\"pageClass\":\"Permission\",\"noGlobal\":1,\"noMove\":1,\"noTrash\":1,\"noSettings\":1,\"noChangeTemplate\":1,\"nameContentTab\":1}');
INSERT INTO `templates` (`id`, `name`, `fieldgroups_id`, `flags`, `cache_time`, `data`) VALUES('1', 'home', '1', '0', '86400', '{\"useRoles\":1,\"noParents\":1,\"slashUrls\":1,\"modified\":1423253292,\"roles\":[37,1021]}');
INSERT INTO `templates` (`id`, `name`, `fieldgroups_id`, `flags`, `cache_time`, `data`) VALUES('29', 'basic-page', '83', '0', '0', '{\"slashUrls\":1,\"modified\":1423167428}');
INSERT INTO `templates` (`id`, `name`, `fieldgroups_id`, `flags`, `cache_time`, `data`) VALUES('26', 'search', '80', '0', '0', '{\"noChildren\":1,\"noParents\":1,\"allowPageNum\":1,\"slashUrls\":1,\"modified\":1423167272}');
INSERT INTO `templates` (`id`, `name`, `fieldgroups_id`, `flags`, `cache_time`, `data`) VALUES('34', 'sitemap', '88', '0', '0', '{\"noChildren\":1,\"noParents\":1,\"redirectLogin\":23,\"slashUrls\":1,\"modified\":1423167273}');
INSERT INTO `templates` (`id`, `name`, `fieldgroups_id`, `flags`, `cache_time`, `data`) VALUES('43', 'portfolio', '97', '0', '0', '{\"allowPageNum\":1,\"slashUrls\":1,\"modified\":1423252607}');
INSERT INTO `templates` (`id`, `name`, `fieldgroups_id`, `flags`, `cache_time`, `data`) VALUES('44', 'portfolio-lists', '98', '0', '0', '{\"allowPageNum\":1,\"slashUrls\":1,\"modified\":1423167342}');
INSERT INTO `templates` (`id`, `name`, `fieldgroups_id`, `flags`, `cache_time`, `data`) VALUES('45', 'blog', '99', '0', '0', '{\"noParents\":1,\"allowPageNum\":1,\"slashUrls\":1,\"label\":\"Blog\",\"tags\":\"blog\",\"modified\":1423167271}');
INSERT INTO `templates` (`id`, `name`, `fieldgroups_id`, `flags`, `cache_time`, `data`) VALUES('46', 'blog-archives', '100', '0', '0', '{\"noChildren\":1,\"noParents\":1,\"allowPageNum\":1,\"urlSegments\":1,\"slashUrls\":1,\"label\":\"Blog Archives\",\"tags\":\"blog\",\"modified\":1423167268}');
INSERT INTO `templates` (`id`, `name`, `fieldgroups_id`, `flags`, `cache_time`, `data`) VALUES('47', 'blog-authors', '101', '0', '0', '{\"noChildren\":1,\"noParents\":1,\"allowPageNum\":1,\"urlSegments\":1,\"slashUrls\":1,\"label\":\"Blog Authors\",\"tags\":\"blog\",\"modified\":1423167269}');
INSERT INTO `templates` (`id`, `name`, `fieldgroups_id`, `flags`, `cache_time`, `data`) VALUES('48', 'blog-basic', '102', '0', '0', '{\"slashUrls\":1,\"label\":\"Blog Basic\",\"tags\":\"blog\",\"modified\":1418572919}');
INSERT INTO `templates` (`id`, `name`, `fieldgroups_id`, `flags`, `cache_time`, `data`) VALUES('49', 'blog-categories', '103', '0', '0', '{\"noParents\":1,\"childTemplates\":[50],\"slashUrls\":1,\"label\":\"Categories (List)\",\"modified\":1423167269}');
INSERT INTO `templates` (`id`, `name`, `fieldgroups_id`, `flags`, `cache_time`, `data`) VALUES('50', 'blog-category', '104', '0', '0', '{\"noChildren\":1,\"parentTemplates\":[49],\"allowPageNum\":1,\"urlSegments\":1,\"slashUrls\":1,\"label\":\"Category\",\"modified\":1423167269}');
INSERT INTO `templates` (`id`, `name`, `fieldgroups_id`, `flags`, `cache_time`, `data`) VALUES('51', 'blog-comments', '105', '0', '0', '{\"noChildren\":1,\"noParents\":1,\"allowPageNum\":1,\"urlSegments\":1,\"slashUrls\":1,\"label\":\"Blog Comments (List)\",\"tags\":\"blog\",\"modified\":1423167269}');
INSERT INTO `templates` (`id`, `name`, `fieldgroups_id`, `flags`, `cache_time`, `data`) VALUES('52', 'blog-links', '106', '0', '0', '{\"noChildren\":1,\"slashUrls\":1,\"label\":\"Blog Widget: Links\",\"tags\":\"blog\",\"modified\":1423167269}');
INSERT INTO `templates` (`id`, `name`, `fieldgroups_id`, `flags`, `cache_time`, `data`) VALUES('53', 'blog-post', '107', '0', '0', '{\"noChildren\":1,\"parentTemplates\":[54],\"allowChangeUser\":1,\"slashUrls\":1,\"pageLabelField\":\"title\",\"label\":\"Blog Post\",\"modified\":1429094736}');
INSERT INTO `templates` (`id`, `name`, `fieldgroups_id`, `flags`, `cache_time`, `data`) VALUES('54', 'blog-posts', '108', '0', '0', '{\"noParents\":1,\"childTemplates\":[53],\"allowPageNum\":1,\"urlSegments\":1,\"slashUrls\":1,\"label\":\"Blog Posts\",\"modified\":1429094698}');
INSERT INTO `templates` (`id`, `name`, `fieldgroups_id`, `flags`, `cache_time`, `data`) VALUES('55', 'blog-recent-comments', '109', '0', '0', '{\"noChildren\":1,\"noParents\":1,\"slashUrls\":1,\"label\":\"Blog Widget: Recent Comments\",\"tags\":\"blog\",\"modified\":1423167270}');
INSERT INTO `templates` (`id`, `name`, `fieldgroups_id`, `flags`, `cache_time`, `data`) VALUES('56', 'blog-recent-posts', '110', '0', '0', '{\"noChildren\":1,\"slashUrls\":1,\"label\":\"Blog Widget: Recent Posts\",\"tags\":\"blog\",\"modified\":1423167270}');
INSERT INTO `templates` (`id`, `name`, `fieldgroups_id`, `flags`, `cache_time`, `data`) VALUES('57', 'blog-recent-tweets', '111', '0', '0', '{\"noChildren\":1,\"noParents\":1,\"slashUrls\":1,\"label\":\"Blog Widget: Recent Tweets\",\"tags\":\"blog\",\"modified\":1423167271}');
INSERT INTO `templates` (`id`, `name`, `fieldgroups_id`, `flags`, `cache_time`, `data`) VALUES('58', 'blog-tag', '112', '0', '0', '{\"noChildren\":1,\"parentTemplates\":[59],\"slashUrls\":1,\"label\":\"Tag\",\"modified\":1423167271}');
INSERT INTO `templates` (`id`, `name`, `fieldgroups_id`, `flags`, `cache_time`, `data`) VALUES('59', 'blog-tags', '113', '0', '0', '{\"noParents\":1,\"childTemplates\":[58],\"slashUrls\":1,\"label\":\"Tags\",\"modified\":1423167271}');
INSERT INTO `templates` (`id`, `name`, `fieldgroups_id`, `flags`, `cache_time`, `data`) VALUES('60', 'blog-widgets', '114', '0', '0', '{\"useRoles\":1,\"noParents\":1,\"slashUrls\":1,\"label\":\"Blog Widgets\",\"tags\":\"blog\",\"modified\":1418572919}');
INSERT INTO `templates` (`id`, `name`, `fieldgroups_id`, `flags`, `cache_time`, `data`) VALUES('61', 'blog-widget-basic', '115', '0', '0', '{\"noChildren\":1,\"slashUrls\":1,\"label\":\"Blog Widget: Basic\",\"tags\":\"blog\",\"modified\":1418572919}');
INSERT INTO `templates` (`id`, `name`, `fieldgroups_id`, `flags`, `cache_time`, `data`) VALUES('62', 'repeater_blog-links', '116', '8', '0', '{\"noChildren\":1,\"noParents\":1,\"slashUrls\":1,\"tags\":\"blog\",\"modified\":1418572919}');
INSERT INTO `templates` (`id`, `name`, `fieldgroups_id`, `flags`, `cache_time`, `data`) VALUES('63', 'blog-settings', '117', '0', '0', '{\"useRoles\":1,\"noChildren\":1,\"noParents\":1,\"slashUrls\":1,\"label\":\"Blog Settings\",\"tags\":\"blog\",\"modified\":1418572919}');
INSERT INTO `templates` (`id`, `name`, `fieldgroups_id`, `flags`, `cache_time`, `data`) VALUES('64', 'contact', '118', '0', '0', '{\"slashUrls\":1,\"modified\":1423167271}');
INSERT INTO `templates` (`id`, `name`, `fieldgroups_id`, `flags`, `cache_time`, `data`) VALUES('65', 'simple_contact_form', '119', '0', '0', '{\"noChildren\":1,\"slashUrls\":1,\"modified\":1419523672,\"noPrependTemplateFile\":1,\"noAppendTemplateFile\":1}');
INSERT INTO `templates` (`id`, `name`, `fieldgroups_id`, `flags`, `cache_time`, `data`) VALUES('66', 'repeater_repeater_scfmessages', '120', '8', '0', '{\"noChildren\":1,\"noParents\":1,\"slashUrls\":1,\"noGlobal\":1,\"modified\":1419523673}');
INSERT INTO `templates` (`id`, `name`, `fieldgroups_id`, `flags`, `cache_time`, `data`) VALUES('67', 'simple_contact_form_messages', '121', '0', '0', '{\"noChildren\":1,\"slashUrls\":1,\"modified\":1423167273,\"noPrependTemplateFile\":1,\"noAppendTemplateFile\":1}');
INSERT INTO `templates` (`id`, `name`, `fieldgroups_id`, `flags`, `cache_time`, `data`) VALUES('68', 'blog-page', '122', '0', '0', '{\"slashUrls\":1,\"label\":\"Basic Blog Page\",\"modified\":1421640198}');
INSERT INTO `templates` (`id`, `name`, `fieldgroups_id`, `flags`, `cache_time`, `data`) VALUES('69', 'github-projects', '123', '0', '0', '{\"slashUrls\":1,\"modified\":1423252608}');

# --- /WireDatabaseBackup {"numTables":63,"numCreateTables":63,"numInserts":1221,"numSeconds":1}