--- WireDatabaseBackup {"time":"2015-01-31 16:11:40","user":"dojovader","dbName":"okeowoad_proc931","description":"Automatic backup made by ProcessWireUpgrade before upgrading from 2.5.2 to 2.5.17.","tables":[],"excludeTables":[],"excludeCreateTables":[],"excludeExportTables":[]}

DROP TABLE IF EXISTS `caches`;
CREATE TABLE `caches` (
  `name` varchar(255) NOT NULL,
  `data` mediumtext NOT NULL,
  `expires` datetime NOT NULL,
  PRIMARY KEY (`name`),
  KEY `expires` (`expires`)
) ENGINE=MyISAM DEFAULT CHARSET=utf8;

INSERT INTO `caches` (`name`, `data`, `expires`) VALUES('Modules.wire/modules/', 'Jquery/JqueryCore/JqueryCore.module\nJquery/JqueryFancybox/JqueryFancybox.module\nJquery/JqueryTableSorter/JqueryTableSorter.module\nJquery/JqueryWireTabs/JqueryWireTabs.module\nJquery/JqueryUI/JqueryUI.module\nJquery/JqueryMagnific/JqueryMagnific.module\nProcess/ProcessPageLister/ProcessPageLister.module\nProcess/ProcessPageSort.module\nProcess/ProcessRole/ProcessRole.module\nProcess/ProcessPageType/ProcessPageType.module\nProcess/ProcessPageTrash.module\nProcess/ProcessLogin/ProcessLogin.module\nProcess/ProcessPermission/ProcessPermission.module\nProcess/ProcessPageEdit/ProcessPageEdit.module\nProcess/ProcessPageSearch/ProcessPageSearch.module\nProcess/ProcessModule/ProcessModule.module\nProcess/ProcessList.module\nProcess/ProcessForgotPassword.module\nProcess/ProcessUser/ProcessUser.module\nProcess/ProcessField/ProcessField.module\nProcess/ProcessPageClone.module\nProcess/ProcessHome.module\nProcess/ProcessPageEditLink/ProcessPageEditLink.module\nProcess/ProcessPageAdd/ProcessPageAdd.module\nProcess/ProcessPageList/ProcessPageList.module\nProcess/ProcessPageEditImageSelect/ProcessPageEditImageSelect.module\nProcess/ProcessPageView.module\nProcess/ProcessProfile/ProcessProfile.module\nProcess/ProcessTemplate/ProcessTemplate.module\nSession/SessionLoginThrottle/SessionLoginThrottle.module\nSession/SessionHandlerDB/SessionHandlerDB.module\nSession/SessionHandlerDB/ProcessSessionDB.module\nTextformatter/TextformatterNewlineBR.module\nTextformatter/TextformatterStripTags.module\nTextformatter/TextformatterSmartypants/TextformatterSmartypants.module\nTextformatter/TextformatterMarkdownExtra/TextformatterMarkdownExtra.module\nTextformatter/TextformatterNewlineUL.module\nTextformatter/TextformatterEntities.module\nTextformatter/TextformatterPstripper.module\nAdminTheme/AdminThemeDefault/AdminThemeDefault.module\nAdminTheme/AdminThemeReno/AdminThemeReno.module\nMarkup/MarkupPageArray.module\nMarkup/MarkupRSS.module\nMarkup/MarkupCache.module\nMarkup/MarkupAdminDataTable/MarkupAdminDataTable.module\nMarkup/MarkupHTMLPurifier/MarkupHTMLPurifier.module\nMarkup/MarkupPagerNav/MarkupPagerNav.module\nMarkup/MarkupPageFields.module\nPageRender.module\nSystem/SystemUpdater/SystemUpdater.module\nPagePermissions.module\nInputfield/InputfieldMarkup.module\nInputfield/InputfieldCKEditor/InputfieldCKEditor.module\nInputfield/InputfieldText.module\nInputfield/InputfieldPageName/InputfieldPageName.module\nInputfield/InputfieldPageTitle/InputfieldPageTitle.module\nInputfield/InputfieldButton.module\nInputfield/InputfieldName.module\nInputfield/InputfieldSelector/InputfieldSelector.module\nInputfield/InputfieldPage/InputfieldPage.module\nInputfield/InputfieldEmail.module\nInputfield/InputfieldPassword.module\nInputfield/InputfieldSubmit/InputfieldSubmit.module\nInputfield/InputfieldForm.module\nInputfield/InputfieldHidden.module\nInputfield/InputfieldInteger.module\nInputfield/InputfieldPageListSelect/InputfieldPageListSelectMultiple.module\nInputfield/InputfieldPageListSelect/InputfieldPageListSelect.module\nInputfield/InputfieldPageAutocomplete/InputfieldPageAutocomplete.module\nInputfield/InputfieldCheckbox.module\nInputfield/InputfieldFloat.module\nInputfield/InputfieldDatetime/InputfieldDatetime.module\nInputfield/InputfieldSelectMultiple.module\nInputfield/InputfieldFile/InputfieldFile.module\nInputfield/InputfieldURL.module\nInputfield/InputfieldImage/InputfieldImage.module\nInputfield/InputfieldSelect.module\nInputfield/InputfieldTextarea.module\nInputfield/InputfieldPageTable/InputfieldPageTable.module\nInputfield/InputfieldRadios/InputfieldRadios.module\nInputfield/InputfieldCheckboxes/InputfieldCheckboxes.module\nInputfield/InputfieldFieldset.module\nInputfield/InputfieldAsmSelect/InputfieldAsmSelect.module\nPagePaths.module\nLanguageSupport/LanguageTabs.module\nLanguageSupport/FieldtypePageTitleLanguage.module\nLanguageSupport/LanguageSupportPageNames.module\nLanguageSupport/LanguageSupport.module\nLanguageSupport/FieldtypeTextareaLanguage.module\nLanguageSupport/ProcessLanguageTranslator.module\nLanguageSupport/FieldtypeTextLanguage.module\nLanguageSupport/ProcessLanguage.module\nLanguageSupport/LanguageSupportFields.module\nPagePathHistory.module\nLazyCron.module\nFieldtype/FieldtypeFile.module\nFieldtype/FieldtypeTextarea.module\nFieldtype/FieldtypePageTitle.module\nFieldtype/FieldtypeFieldsetTabOpen.module\nFieldtype/FieldtypeURL.module\nFieldtype/FieldtypePageTable.module\nFieldtype/FieldtypeCache.module\nFieldtype/FieldtypeImage.module\nFieldtype/FieldtypeText.module\nFieldtype/FieldtypeCheckbox.module\nFieldtype/FieldtypeFloat.module\nFieldtype/FieldtypeRepeater/InputfieldRepeater.module\nFieldtype/FieldtypeRepeater/FieldtypeRepeater.module\nFieldtype/FieldtypePassword.module\nFieldtype/FieldtypeComments/CommentFilterAkismet.module\nFieldtype/FieldtypeComments/FieldtypeComments.module\nFieldtype/FieldtypeComments/InputfieldCommentsAdmin.module\nFieldtype/FieldtypeSelector.module\nFieldtype/FieldtypePage.module\nFieldtype/FieldtypeDatetime.module\nFieldtype/FieldtypeFieldsetOpen.module\nFieldtype/FieldtypeEmail.module\nFieldtype/FieldtypeModule.module\nFieldtype/FieldtypeFieldsetClose.module\nFieldtype/FieldtypeInteger.module', '2010-04-08 03:10:10');
INSERT INTO `caches` (`name`, `data`, `expires`) VALUES('Modules.site/modules/', 'ProcessWireUpgrade/ProcessWireUpgrade.module\nProcessWireUpgrade/ProcessWireUpgradeCheck.module\nModulesManager/ModulesManagerNotification.module\nModulesManager/ModulesManager.module\nProcessBlog/BlogPublishDate.module\nProcessBlog/ProcessBlog.module\nProcessBlog/MarkupBlog.module\nHelloworld.module\nProcessDatabaseBackups/ProcessDatabaseBackups.module\nJqueryDataTables/JqueryDataTables.module', '2010-04-08 03:10:10');
INSERT INTO `caches` (`name`, `data`, `expires`) VALUES('ModulesUninstalled.info', '{\"ProcessForgotPassword\":{\"name\":\"ProcessForgotPassword\",\"title\":\"Forgot Password\",\"version\":101,\"versionStr\":\"1.0.1\",\"author\":\"\",\"summary\":\"Provides password reset\\/email capability for the Login process.\",\"href\":\"\",\"icon\":\"\",\"requires\":[],\"requiresVersions\":[],\"installs\":[],\"permission\":\"page-view\",\"permissions\":[],\"autoload\":null,\"singular\":null,\"created\":1411728980,\"installed\":false,\"file\":\"\\/home\\/okeowoad\\/public_html\\/wire\\/modules\\/Process\\/ProcessForgotPassword.module\",\"core\":true,\"configurable\":true,\"permanent\":false},\"ProcessPageClone\":{\"name\":\"ProcessPageClone\",\"title\":\"Page Clone\",\"version\":102,\"versionStr\":\"1.0.2\",\"author\":\"\",\"summary\":\"Provides ability to clone\\/copy\\/duplicate pages in the admin. Adds a \\\"copy\\\" option to all applicable pages in the PageList.\",\"href\":\"\",\"icon\":\"\",\"requires\":[],\"requiresVersions\":[],\"installs\":[],\"permission\":\"page-clone\",\"permissions\":[],\"autoload\":\"process=ProcessPageList\",\"singular\":null,\"created\":1411728980,\"installed\":false,\"file\":\"\\/home\\/okeowoad\\/public_html\\/wire\\/modules\\/Process\\/ProcessPageClone.module\",\"core\":true,\"configurable\":false,\"permanent\":false},\"SessionHandlerDB\":{\"name\":\"SessionHandlerDB\",\"title\":\"Session Handler Database\",\"version\":2,\"versionStr\":\"0.0.2\",\"author\":\"\",\"summary\":\"Installing this module makes ProcessWire store sessions in the database rather than the file system. Note that this module will log you out after install or uninstall.\",\"href\":\"\",\"icon\":\"\",\"requires\":[],\"requiresVersions\":[],\"installs\":[\"ProcessSessionDB\"],\"permission\":\"\",\"permissions\":[],\"autoload\":null,\"singular\":null,\"created\":1411728980,\"installed\":false,\"file\":\"\\/home\\/okeowoad\\/public_html\\/wire\\/modules\\/Session\\/SessionHandlerDB\\/SessionHandlerDB.module\",\"core\":true,\"configurable\":true},\"ProcessSessionDB\":{\"name\":\"ProcessSessionDB\",\"title\":\"Sessions\",\"version\":2,\"versionStr\":\"0.0.2\",\"author\":\"\",\"summary\":\"Enables you to browse active database sessions.\",\"href\":\"\",\"icon\":\"\",\"requires\":[\"SessionHandlerDB\"],\"requiresVersions\":{\"SessionHandlerDB\":[\">=\",0]},\"installs\":[],\"permission\":\"\",\"permissions\":[],\"autoload\":null,\"singular\":null,\"created\":1411728980,\"installed\":false,\"file\":\"\\/home\\/okeowoad\\/public_html\\/wire\\/modules\\/Session\\/SessionHandlerDB\\/ProcessSessionDB.module\",\"core\":true,\"configurable\":false,\"permanent\":false},\"TextformatterNewlineBR\":{\"name\":\"TextformatterNewlineBR\",\"title\":\"Newlines to XHTML Line Breaks\",\"version\":100,\"versionStr\":\"1.0.0\",\"author\":\"\",\"summary\":\"Converts newlines to XHTML line break <br \\/> tags. \",\"href\":\"\",\"icon\":\"\",\"requires\":[],\"requiresVersions\":[],\"installs\":[],\"permission\":\"\",\"permissions\":[],\"autoload\":null,\"singular\":null,\"created\":1411728980,\"installed\":false,\"file\":\"\\/home\\/okeowoad\\/public_html\\/wire\\/modules\\/Textformatter\\/TextformatterNewlineBR.module\",\"core\":true,\"configurable\":false},\"TextformatterStripTags\":{\"name\":\"TextformatterStripTags\",\"title\":\"Strip Markup Tags\",\"version\":100,\"versionStr\":\"1.0.0\",\"author\":\"\",\"summary\":\"Strips HTML\\/XHTML Markup Tags\",\"href\":\"\",\"icon\":\"\",\"requires\":[],\"requiresVersions\":[],\"installs\":[],\"permission\":\"\",\"permissions\":[],\"autoload\":null,\"singular\":null,\"created\":1411728980,\"installed\":false,\"file\":\"\\/home\\/okeowoad\\/public_html\\/wire\\/modules\\/Textformatter\\/TextformatterStripTags.module\",\"core\":true,\"configurable\":true},\"TextformatterSmartypants\":{\"name\":\"TextformatterSmartypants\",\"title\":\"SmartyPants Typographer\",\"version\":151,\"versionStr\":\"1.5.1\",\"author\":\"\",\"summary\":\"Smart typography for web sites, by Michel Fortin based on SmartyPants by John Gruber. If combined with Markdown, it should be applied AFTER Markdown.\",\"href\":\"\",\"icon\":\"\",\"requires\":[],\"requiresVersions\":[],\"installs\":[],\"permission\":\"\",\"permissions\":[],\"autoload\":null,\"singular\":null,\"created\":1411728980,\"installed\":false,\"file\":\"\\/home\\/okeowoad\\/public_html\\/wire\\/modules\\/Textformatter\\/TextformatterSmartypants\\/TextformatterSmartypants.module\",\"core\":true,\"configurable\":false,\"url\":\"http:\\/\\/michelf.com\\/projects\\/php-smartypants\\/typographer\\/\"},\"TextformatterMarkdownExtra\":{\"name\":\"TextformatterMarkdownExtra\",\"title\":\"Markdown Extra\",\"version\":122,\"versionStr\":\"1.2.2\",\"author\":\"\",\"summary\":\"Markdown extra lightweight markup language by Michel Fortin based on Markdown by John Gruber\",\"href\":\"\",\"icon\":\"\",\"requires\":[],\"requiresVersions\":[],\"installs\":[],\"permission\":\"\",\"permissions\":[],\"autoload\":null,\"singular\":null,\"created\":1411728980,\"installed\":false,\"file\":\"\\/home\\/okeowoad\\/public_html\\/wire\\/modules\\/Textformatter\\/TextformatterMarkdownExtra\\/TextformatterMarkdownExtra.module\",\"core\":true,\"configurable\":false,\"url\":\"http:\\/\\/michelf.com\\/projects\\/php-markdown\\/extra\\/\"},\"TextformatterNewlineUL\":{\"name\":\"TextformatterNewlineUL\",\"title\":\"Newlines to Unordered List\",\"version\":100,\"versionStr\":\"1.0.0\",\"author\":\"\",\"summary\":\"Converts newlines to <li> list items and surrounds in an <ul> unordered list. \",\"href\":\"\",\"icon\":\"\",\"requires\":[],\"requiresVersions\":[],\"installs\":[],\"permission\":\"\",\"permissions\":[],\"autoload\":null,\"singular\":null,\"created\":1411728980,\"installed\":false,\"file\":\"\\/home\\/okeowoad\\/public_html\\/wire\\/modules\\/Textformatter\\/TextformatterNewlineUL.module\",\"core\":true,\"configurable\":false},\"TextformatterPstripper\":{\"name\":\"TextformatterPstripper\",\"title\":\"Paragraph Stripper\",\"version\":100,\"versionStr\":\"1.0.0\",\"author\":\"\",\"summary\":\"Strips paragraph <p> tags that may have been applied by other text formatters before it. \",\"href\":\"\",\"icon\":\"\",\"requires\":[],\"requiresVersions\":[],\"installs\":[],\"permission\":\"\",\"permissions\":[],\"autoload\":null,\"singular\":null,\"created\":1411728980,\"installed\":false,\"file\":\"\\/home\\/okeowoad\\/public_html\\/wire\\/modules\\/Textformatter\\/TextformatterPstripper.module\",\"core\":true,\"configurable\":false},\"MarkupRSS\":{\"name\":\"MarkupRSS\",\"title\":\"Markup RSS Feed\",\"version\":102,\"versionStr\":\"1.0.2\",\"author\":\"\",\"summary\":\"Renders an RSS feed. Given a PageArray, renders an RSS feed of them.\",\"href\":\"\",\"icon\":\"\",\"requires\":[],\"requiresVersions\":[],\"installs\":[],\"permission\":\"\",\"permissions\":[],\"autoload\":false,\"singular\":false,\"created\":1411728980,\"installed\":false,\"file\":\"\\/home\\/okeowoad\\/public_html\\/wire\\/modules\\/Markup\\/MarkupRSS.module\",\"core\":true,\"configurable\":true,\"permanent\":false},\"MarkupCache\":{\"name\":\"MarkupCache\",\"title\":\"Markup Cache\",\"version\":101,\"versionStr\":\"1.0.1\",\"author\":\"\",\"summary\":\"A simple way to cache segments of markup in your templates. \",\"href\":\"http:\\/\\/www.processwire.com\\/api\\/modules\\/markupcache\\/\",\"icon\":\"\",\"requires\":[],\"requiresVersions\":[],\"installs\":[],\"permission\":\"\",\"permissions\":[],\"autoload\":true,\"singular\":true,\"created\":1411728980,\"installed\":false,\"file\":\"\\/home\\/okeowoad\\/public_html\\/wire\\/modules\\/Markup\\/MarkupCache.module\",\"core\":true,\"configurable\":true},\"MarkupPageFields\":{\"name\":\"MarkupPageFields\",\"title\":\"Markup Page Fields\",\"version\":100,\"versionStr\":\"1.0.0\",\"author\":\"\",\"summary\":\"Adds $page->renderFields() and $page->images->render() methods that return basic markup for output during development and debugging.\",\"href\":\"\",\"icon\":\"\",\"requires\":[],\"requiresVersions\":[],\"installs\":[],\"permission\":\"\",\"permissions\":[],\"autoload\":true,\"singular\":true,\"created\":1411728980,\"installed\":false,\"file\":\"\\/home\\/okeowoad\\/public_html\\/wire\\/modules\\/Markup\\/MarkupPageFields.module\",\"core\":true,\"configurable\":false,\"permanent\":true},\"InputfieldPageAutocomplete\":{\"name\":\"InputfieldPageAutocomplete\",\"title\":\"Page Auto Complete\",\"version\":103,\"versionStr\":\"1.0.3\",\"author\":\"\",\"summary\":\"Multiple Page selection using auto completion and sorting capability. Intended for use as an input field for Page reference fields.\",\"href\":\"\",\"icon\":\"\",\"requires\":[],\"requiresVersions\":[],\"installs\":[],\"permission\":\"\",\"permissions\":[],\"autoload\":null,\"singular\":null,\"created\":1411728980,\"installed\":false,\"file\":\"\\/home\\/okeowoad\\/public_html\\/wire\\/modules\\/Inputfield\\/InputfieldPageAutocomplete\\/InputfieldPageAutocomplete.module\",\"core\":true,\"configurable\":false},\"InputfieldPageTable\":{\"name\":\"InputfieldPageTable\",\"title\":\"ProFields: Page Table\",\"version\":6,\"versionStr\":\"0.0.6\",\"author\":\"\",\"summary\":\"Inputfield to accompany FieldtypePageTable\",\"href\":\"\",\"icon\":\"\",\"requires\":[\"FieldtypePageTable\"],\"requiresVersions\":{\"FieldtypePageTable\":[\">=\",0]},\"installs\":[],\"permission\":\"\",\"permissions\":[],\"autoload\":null,\"singular\":null,\"created\":1411728980,\"installed\":false,\"file\":\"\\/home\\/okeowoad\\/public_html\\/wire\\/modules\\/Inputfield\\/InputfieldPageTable\\/InputfieldPageTable.module\",\"core\":true,\"configurable\":false},\"PagePaths\":{\"name\":\"PagePaths\",\"title\":\"Page Paths\",\"version\":1,\"versionStr\":\"0.0.1\",\"author\":\"\",\"summary\":\"Enables page paths\\/urls to be queryable by selectors. Also offers potential for improved load performance. Builds an index at install (may take time on a large site).\",\"href\":\"\",\"icon\":\"\",\"requires\":[],\"requiresVersions\":[],\"installs\":[],\"permission\":\"\",\"permissions\":[],\"autoload\":true,\"singular\":true,\"created\":1411728980,\"installed\":false,\"file\":\"\\/home\\/okeowoad\\/public_html\\/wire\\/modules\\/PagePaths.module\",\"core\":true,\"configurable\":false},\"LanguageTabs\":{\"name\":\"LanguageTabs\",\"title\":\"Languages Support - Tabs\",\"version\":111,\"versionStr\":\"1.1.1\",\"author\":\"adamspruijt, ryan\",\"summary\":\"Organizes multi-language fields into tabs for a cleaner easier to use interface.\",\"href\":\"\",\"icon\":\"\",\"requires\":[\"LanguageSupportFields\"],\"requiresVersions\":{\"LanguageSupportFields\":[\">=\",0]},\"installs\":[],\"permission\":\"\",\"permissions\":[],\"autoload\":\"template=admin\",\"singular\":true,\"created\":1411728980,\"installed\":false,\"file\":\"\\/home\\/okeowoad\\/public_html\\/wire\\/modules\\/LanguageSupport\\/LanguageTabs.module\",\"core\":true,\"configurable\":false},\"FieldtypePageTitleLanguage\":{\"name\":\"FieldtypePageTitleLanguage\",\"title\":\"Page Title (Multi-Language)\",\"version\":100,\"versionStr\":\"1.0.0\",\"author\":\"Ryan Cramer\",\"summary\":\"Field that stores a page title in multiple languages. Use this only if you want title inputs created for ALL languages on ALL pages. Otherwise create separate languaged-named title fields, i.e. title_fr, title_es, title_fi, etc. \",\"href\":\"\",\"icon\":\"\",\"requires\":[\"LanguageSupportFields\",\"FieldtypeTextLanguage\"],\"requiresVersions\":{\"LanguageSupportFields\":[\">=\",0],\"FieldtypeTextLanguage\":[\">=\",0]},\"installs\":[],\"permission\":\"\",\"permissions\":[],\"autoload\":null,\"singular\":null,\"created\":1411728980,\"installed\":false,\"file\":\"\\/home\\/okeowoad\\/public_html\\/wire\\/modules\\/LanguageSupport\\/FieldtypePageTitleLanguage.module\",\"core\":true,\"configurable\":false},\"LanguageSupportPageNames\":{\"name\":\"LanguageSupportPageNames\",\"title\":\"Languages Support - Page Names\",\"version\":9,\"versionStr\":\"0.0.9\",\"author\":\"Ryan Cramer\",\"summary\":\"Required to use multi-language page names.\",\"href\":\"\",\"icon\":\"\",\"requires\":[\"LanguageSupport\",\"LanguageSupportFields\"],\"requiresVersions\":{\"LanguageSupport\":[\">=\",0],\"LanguageSupportFields\":[\">=\",0]},\"installs\":[],\"permission\":\"\",\"permissions\":[],\"autoload\":true,\"singular\":true,\"created\":1411728980,\"installed\":false,\"file\":\"\\/home\\/okeowoad\\/public_html\\/wire\\/modules\\/LanguageSupport\\/LanguageSupportPageNames.module\",\"core\":true,\"configurable\":true},\"LanguageSupport\":{\"name\":\"LanguageSupport\",\"title\":\"Languages Support\",\"version\":103,\"versionStr\":\"1.0.3\",\"author\":\"Ryan Cramer\",\"summary\":\"ProcessWire multi-language support.\",\"href\":\"\",\"icon\":\"\",\"requires\":[],\"requiresVersions\":[],\"installs\":[\"ProcessLanguage\",\"ProcessLanguageTranslator\"],\"permission\":\"\",\"permissions\":[],\"autoload\":true,\"singular\":true,\"created\":1411728980,\"installed\":false,\"file\":\"\\/home\\/okeowoad\\/public_html\\/wire\\/modules\\/LanguageSupport\\/LanguageSupport.module\",\"core\":true,\"configurable\":true},\"FieldtypeTextareaLanguage\":{\"name\":\"FieldtypeTextareaLanguage\",\"title\":\"Textarea (Multi-language)\",\"version\":100,\"versionStr\":\"1.0.0\",\"author\":\"\",\"summary\":\"Field that stores a multiple lines of text in multiple languages\",\"href\":\"\",\"icon\":\"\",\"requires\":[\"LanguageSupportFields\"],\"requiresVersions\":{\"LanguageSupportFields\":[\">=\",0]},\"installs\":[],\"permission\":\"\",\"permissions\":[],\"autoload\":null,\"singular\":null,\"created\":1411728980,\"installed\":false,\"file\":\"\\/home\\/okeowoad\\/public_html\\/wire\\/modules\\/LanguageSupport\\/FieldtypeTextareaLanguage.module\",\"core\":true,\"configurable\":false},\"ProcessLanguageTranslator\":{\"name\":\"ProcessLanguageTranslator\",\"title\":\"Language Translator\",\"version\":100,\"versionStr\":\"1.0.0\",\"author\":\"Ryan Cramer\",\"summary\":\"Provides language translation capabilities for ProcessWire core and modules.\",\"href\":\"\",\"icon\":\"\",\"requires\":[\"LanguageSupport\"],\"requiresVersions\":{\"LanguageSupport\":[\">=\",0]},\"installs\":[],\"permission\":\"\",\"permissions\":[],\"autoload\":null,\"singular\":null,\"created\":1411728980,\"installed\":false,\"file\":\"\\/home\\/okeowoad\\/public_html\\/wire\\/modules\\/LanguageSupport\\/ProcessLanguageTranslator.module\",\"core\":true,\"configurable\":false},\"FieldtypeTextLanguage\":{\"name\":\"FieldtypeTextLanguage\",\"title\":\"Text (Multi-language)\",\"version\":100,\"versionStr\":\"1.0.0\",\"author\":\"\",\"summary\":\"Field that stores a single line of text in multiple languages\",\"href\":\"\",\"icon\":\"\",\"requires\":[\"LanguageSupportFields\"],\"requiresVersions\":{\"LanguageSupportFields\":[\">=\",0]},\"installs\":[],\"permission\":\"\",\"permissions\":[],\"autoload\":null,\"singular\":null,\"created\":1411728980,\"installed\":false,\"file\":\"\\/home\\/okeowoad\\/public_html\\/wire\\/modules\\/LanguageSupport\\/FieldtypeTextLanguage.module\",\"core\":true,\"configurable\":false,\"permanent\":false},\"ProcessLanguage\":{\"name\":\"ProcessLanguage\",\"title\":\"Languages\",\"version\":102,\"versionStr\":\"1.0.2\",\"author\":\"Ryan Cramer\",\"summary\":\"Manage system languages\",\"href\":\"\",\"icon\":\"language\",\"requires\":[\"LanguageSupport\"],\"requiresVersions\":{\"LanguageSupport\":[\">=\",0]},\"installs\":[],\"permission\":\"\",\"permissions\":[],\"autoload\":null,\"singular\":null,\"created\":1411728980,\"installed\":false,\"file\":\"\\/home\\/okeowoad\\/public_html\\/wire\\/modules\\/LanguageSupport\\/ProcessLanguage.module\",\"core\":true,\"configurable\":true,\"useNavJSON\":true},\"LanguageSupportFields\":{\"name\":\"LanguageSupportFields\",\"title\":\"Languages Support - Fields\",\"version\":100,\"versionStr\":\"1.0.0\",\"author\":\"Ryan Cramer\",\"summary\":\"Required to use multi-language fields.\",\"href\":\"\",\"icon\":\"\",\"requires\":[\"LanguageSupport\"],\"requiresVersions\":{\"LanguageSupport\":[\">=\",0]},\"installs\":[\"FieldtypePageTitleLanguage\",\"FieldtypeTextareaLanguage\",\"FieldtypeTextLanguage\"],\"permission\":\"\",\"permissions\":[],\"autoload\":true,\"singular\":true,\"created\":1411728980,\"installed\":false,\"file\":\"\\/home\\/okeowoad\\/public_html\\/wire\\/modules\\/LanguageSupport\\/LanguageSupportFields.module\",\"core\":true,\"configurable\":false},\"LazyCron\":{\"name\":\"LazyCron\",\"title\":\"Lazy Cron\",\"version\":102,\"versionStr\":\"1.0.2\",\"author\":\"\",\"summary\":\"Provides hooks that are automatically executed at various intervals. It is called \'lazy\' because it\'s triggered by a pageview, so the interval is guaranteed to be at least the time requested, rather than exactly the time requested. This is fine for most cases, but you can make it not lazy by connecting this to a real CRON job. See the module file for details. \",\"href\":\"http:\\/\\/processwire.com\\/talk\\/index.php\\/topic,284.0.html\",\"icon\":\"\",\"requires\":[],\"requiresVersions\":[],\"installs\":[],\"permission\":\"\",\"permissions\":[],\"autoload\":true,\"singular\":true,\"created\":1411728980,\"installed\":false,\"file\":\"\\/home\\/okeowoad\\/public_html\\/wire\\/modules\\/LazyCron.module\",\"core\":true,\"configurable\":false,\"permanent\":false},\"FieldtypePageTable\":{\"name\":\"FieldtypePageTable\",\"title\":\"ProFields: Page Table\",\"version\":7,\"versionStr\":\"0.0.7\",\"author\":\"\",\"summary\":\"A fieldtype containing a group of editable pages.\",\"href\":\"\",\"icon\":\"\",\"requires\":[],\"requiresVersions\":[],\"installs\":[\"InputfieldPageTable\"],\"permission\":\"\",\"permissions\":[],\"autoload\":true,\"singular\":null,\"created\":1411728980,\"installed\":false,\"file\":\"\\/home\\/okeowoad\\/public_html\\/wire\\/modules\\/Fieldtype\\/FieldtypePageTable.module\",\"core\":true,\"configurable\":false},\"FieldtypeCache\":{\"name\":\"FieldtypeCache\",\"title\":\"Cache\",\"version\":101,\"versionStr\":\"1.0.1\",\"author\":\"\",\"summary\":\"Caches the values of other fields for fewer runtime queries. Can also be used to combine multiple text fields and have them all be searchable under the cached field name.\",\"href\":\"\",\"icon\":\"\",\"requires\":[],\"requiresVersions\":[],\"installs\":[],\"permission\":\"\",\"permissions\":[],\"autoload\":null,\"singular\":null,\"created\":1411728980,\"installed\":false,\"file\":\"\\/home\\/okeowoad\\/public_html\\/wire\\/modules\\/Fieldtype\\/FieldtypeCache.module\",\"core\":true,\"configurable\":false},\"InputfieldRepeater\":{\"name\":\"InputfieldRepeater\",\"title\":\"Repeater\",\"version\":101,\"versionStr\":\"1.0.1\",\"author\":\"\",\"summary\":\"Repeats fields from another template. Provides the input for FieldtypeRepeater.\",\"href\":\"\",\"icon\":\"\",\"requires\":[\"FieldtypeRepeater\"],\"requiresVersions\":{\"FieldtypeRepeater\":[\">=\",0]},\"installs\":[],\"permission\":\"\",\"permissions\":[],\"autoload\":null,\"singular\":null,\"created\":1411728980,\"installed\":false,\"file\":\"\\/home\\/okeowoad\\/public_html\\/wire\\/modules\\/Fieldtype\\/FieldtypeRepeater\\/InputfieldRepeater.module\",\"core\":true,\"configurable\":false},\"FieldtypeRepeater\":{\"name\":\"FieldtypeRepeater\",\"title\":\"Repeater\",\"version\":101,\"versionStr\":\"1.0.1\",\"author\":\"\",\"summary\":\"Maintains a collection of fields that are repeated for any number of times.\",\"href\":\"\",\"icon\":\"\",\"requires\":[],\"requiresVersions\":[],\"installs\":[\"InputfieldRepeater\"],\"permission\":\"\",\"permissions\":[],\"autoload\":true,\"singular\":null,\"created\":1411728980,\"installed\":false,\"file\":\"\\/home\\/okeowoad\\/public_html\\/wire\\/modules\\/Fieldtype\\/FieldtypeRepeater\\/FieldtypeRepeater.module\",\"core\":true,\"configurable\":true},\"CommentFilterAkismet\":{\"name\":\"CommentFilterAkismet\",\"title\":\"Comment Filter: Akismet\",\"version\":102,\"versionStr\":\"1.0.2\",\"author\":\"\",\"summary\":\"Uses the Akismet service to identify comment spam. Module plugin for the Comments Fieldtype.\",\"href\":\"\",\"icon\":\"\",\"requires\":[\"FieldtypeComments\"],\"requiresVersions\":{\"FieldtypeComments\":[\">=\",0]},\"installs\":[],\"permission\":\"\",\"permissions\":[],\"autoload\":false,\"singular\":false,\"created\":1411728980,\"installed\":false,\"file\":\"\\/home\\/okeowoad\\/public_html\\/wire\\/modules\\/Fieldtype\\/FieldtypeComments\\/CommentFilterAkismet.module\",\"core\":true,\"configurable\":true,\"permanent\":false},\"ModulesManagerNotification\":{\"name\":\"ModulesManagerNotification\",\"title\":\"Modules Manager Notification\",\"version\":11,\"versionStr\":\"0.1.1\",\"author\":\"Philipp \'Soma\' Urlich\",\"summary\":\"Send email notification to specified email address with installed modules updates available.\",\"href\":\"\",\"icon\":\"\",\"requires\":[\"LazyCron\",\"ModulesManager\"],\"requiresVersions\":{\"LazyCron\":[\">=\",0],\"ModulesManager\":[\">=\",0]},\"installs\":[],\"permission\":\"\",\"permissions\":[],\"autoload\":true,\"singular\":true,\"created\":1422736830,\"installed\":false,\"file\":\"\\/home\\/okeowoad\\/public_html\\/site\\/modules\\/ModulesManager\\/ModulesManagerNotification.module\",\"core\":false,\"configurable\":true},\"Helloworld\":{\"name\":\"Helloworld\",\"title\":\"Hello World\",\"version\":2,\"versionStr\":\"0.0.2\",\"author\":\"\",\"summary\":\"An example module used for demonstration purposes. See the \\/site\\/modules\\/Helloworld.module file for details.\",\"href\":\"http:\\/\\/processwire.com\",\"icon\":\"smile-o\",\"requires\":[],\"requiresVersions\":[],\"installs\":[],\"permission\":\"\",\"permissions\":[],\"autoload\":true,\"singular\":true,\"created\":1411728980,\"installed\":false,\"file\":\"\\/home\\/okeowoad\\/public_html\\/site\\/modules\\/Helloworld.module\",\"core\":false,\"configurable\":false}}', '2010-04-08 03:10:10');
INSERT INTO `caches` (`name`, `data`, `expires`) VALUES('ModulesVerbose.info', '{\"116\":{\"summary\":\"jQuery Core as required by ProcessWire Admin and plugins\",\"href\":\"http:\\/\\/jquery.com\",\"file\":\"\\/home\\/okeowoad\\/public_html\\/wire\\/modules\\/Jquery\\/JqueryCore\\/JqueryCore.module\",\"core\":true,\"versionStr\":\"1.8.3\"},\"167\":{\"summary\":\"Provides lightbox capability for image galleries. jQuery plugin by Janis Skarnelis.\",\"href\":\"http:\\/\\/fancybox.net\",\"file\":\"\\/home\\/okeowoad\\/public_html\\/wire\\/modules\\/Jquery\\/JqueryFancybox\\/JqueryFancybox.module\",\"core\":true,\"versionStr\":\"1.2.6\"},\"103\":{\"summary\":\"Provides a jQuery plugin for sorting tables. jQuery plugin by Christian Bach.\",\"href\":\"http:\\/\\/tablesorter.com\",\"file\":\"\\/home\\/okeowoad\\/public_html\\/wire\\/modules\\/Jquery\\/JqueryTableSorter\\/JqueryTableSorter.module\",\"core\":true,\"versionStr\":\"2.0.3\"},\"45\":{\"summary\":\"Provides a jQuery plugin for generating tabs in ProcessWire.\",\"file\":\"\\/home\\/okeowoad\\/public_html\\/wire\\/modules\\/Jquery\\/JqueryWireTabs\\/JqueryWireTabs.module\",\"core\":true,\"configurable\":true,\"versionStr\":\"1.0.5\"},\"117\":{\"summary\":\"jQuery UI as required by ProcessWire and plugins\",\"href\":\"http:\\/\\/ui.jquery.com\",\"file\":\"\\/home\\/okeowoad\\/public_html\\/wire\\/modules\\/Jquery\\/JqueryUI\\/JqueryUI.module\",\"core\":true,\"versionStr\":\"1.9.3\"},\"151\":{\"summary\":\"Provides lightbox capability for image galleries. Replacement for FancyBox. Uses Magnific Popup by @dimsemenov.\",\"href\":\"http:\\/\\/dimsemenov.com\\/plugins\\/magnific-popup\\/\",\"file\":\"\\/home\\/okeowoad\\/public_html\\/wire\\/modules\\/Jquery\\/JqueryMagnific\\/JqueryMagnific.module\",\"core\":true,\"versionStr\":\"0.0.1\"},\"150\":{\"summary\":\"Admin tool for finding and listing pages by any property.\",\"author\":\"Ryan Cramer\",\"file\":\"\\/home\\/okeowoad\\/public_html\\/wire\\/modules\\/Process\\/ProcessPageLister\\/ProcessPageLister.module\",\"core\":true,\"versionStr\":\"0.1.8\"},\"14\":{\"summary\":\"Handles page sorting and moving for PageList\",\"file\":\"\\/home\\/okeowoad\\/public_html\\/wire\\/modules\\/Process\\/ProcessPageSort.module\",\"core\":true,\"versionStr\":\"1.0.0\"},\"68\":{\"summary\":\"Manage user roles and what permissions are attached\",\"file\":\"\\/home\\/okeowoad\\/public_html\\/wire\\/modules\\/Process\\/ProcessRole\\/ProcessRole.module\",\"core\":true,\"configurable\":true,\"versionStr\":\"1.0.1\"},\"134\":{\"summary\":\"List, Edit and Add pages of a specific type\",\"file\":\"\\/home\\/okeowoad\\/public_html\\/wire\\/modules\\/Process\\/ProcessPageType\\/ProcessPageType.module\",\"core\":true,\"configurable\":true,\"versionStr\":\"1.0.1\"},\"109\":{\"summary\":\"Handles emptying of Page trash\",\"file\":\"\\/home\\/okeowoad\\/public_html\\/wire\\/modules\\/Process\\/ProcessPageTrash.module\",\"core\":true,\"versionStr\":\"1.0.1\"},\"10\":{\"summary\":\"Login to ProcessWire\",\"file\":\"\\/home\\/okeowoad\\/public_html\\/wire\\/modules\\/Process\\/ProcessLogin\\/ProcessLogin.module\",\"core\":true,\"versionStr\":\"1.0.1\"},\"136\":{\"summary\":\"Manage system permissions\",\"file\":\"\\/home\\/okeowoad\\/public_html\\/wire\\/modules\\/Process\\/ProcessPermission\\/ProcessPermission.module\",\"core\":true,\"configurable\":true,\"versionStr\":\"1.0.0\"},\"7\":{\"summary\":\"Edit a Page\",\"file\":\"\\/home\\/okeowoad\\/public_html\\/wire\\/modules\\/Process\\/ProcessPageEdit\\/ProcessPageEdit.module\",\"core\":true,\"versionStr\":\"1.0.6\"},\"104\":{\"summary\":\"Provides a page search engine for admin use.\",\"file\":\"\\/home\\/okeowoad\\/public_html\\/wire\\/modules\\/Process\\/ProcessPageSearch\\/ProcessPageSearch.module\",\"core\":true,\"configurable\":true,\"versionStr\":\"1.0.5\"},\"50\":{\"summary\":\"List, edit or install\\/uninstall modules\",\"file\":\"\\/home\\/okeowoad\\/public_html\\/wire\\/modules\\/Process\\/ProcessModule\\/ProcessModule.module\",\"core\":true,\"versionStr\":\"1.1.7\"},\"76\":{\"summary\":\"Lists the Process assigned to each child page of the current\",\"file\":\"\\/home\\/okeowoad\\/public_html\\/wire\\/modules\\/Process\\/ProcessList.module\",\"core\":true,\"versionStr\":\"1.0.1\"},\"66\":{\"summary\":\"Manage system users\",\"file\":\"\\/home\\/okeowoad\\/public_html\\/wire\\/modules\\/Process\\/ProcessUser\\/ProcessUser.module\",\"core\":true,\"configurable\":true,\"versionStr\":\"1.0.3\"},\"48\":{\"summary\":\"Edit individual fields that hold page data\",\"file\":\"\\/home\\/okeowoad\\/public_html\\/wire\\/modules\\/Process\\/ProcessField\\/ProcessField.module\",\"core\":true,\"configurable\":true,\"versionStr\":\"1.0.8\"},\"87\":{\"summary\":\"Acts as a placeholder Process for the admin root. Ensures proper flow control after login.\",\"file\":\"\\/home\\/okeowoad\\/public_html\\/wire\\/modules\\/Process\\/ProcessHome.module\",\"core\":true,\"versionStr\":\"1.0.1\"},\"121\":{\"summary\":\"Provides a link capability as used by some Fieldtype modules (like TinyMCE)\",\"file\":\"\\/home\\/okeowoad\\/public_html\\/wire\\/modules\\/Process\\/ProcessPageEditLink\\/ProcessPageEditLink.module\",\"core\":true,\"configurable\":true,\"versionStr\":\"1.0.5\"},\"17\":{\"summary\":\"Add a new page\",\"file\":\"\\/home\\/okeowoad\\/public_html\\/wire\\/modules\\/Process\\/ProcessPageAdd\\/ProcessPageAdd.module\",\"core\":true,\"configurable\":true,\"versionStr\":\"1.0.4\"},\"12\":{\"summary\":\"List pages in a hierarchal tree structure\",\"file\":\"\\/home\\/okeowoad\\/public_html\\/wire\\/modules\\/Process\\/ProcessPageList\\/ProcessPageList.module\",\"core\":true,\"configurable\":true,\"versionStr\":\"1.0.7\"},\"129\":{\"summary\":\"Provides an image select capability as used by some Fieldtype modules (like TinyMCE)\",\"file\":\"\\/home\\/okeowoad\\/public_html\\/wire\\/modules\\/Process\\/ProcessPageEditImageSelect\\/ProcessPageEditImageSelect.module\",\"core\":true,\"configurable\":true,\"versionStr\":\"1.0.8\"},\"83\":{\"summary\":\"All page views are routed through this Process\",\"file\":\"\\/home\\/okeowoad\\/public_html\\/wire\\/modules\\/Process\\/ProcessPageView.module\",\"core\":true,\"versionStr\":\"1.0.3\"},\"138\":{\"summary\":\"Enables user to change their password, email address and other settings that you define.\",\"file\":\"\\/home\\/okeowoad\\/public_html\\/wire\\/modules\\/Process\\/ProcessProfile\\/ProcessProfile.module\",\"core\":true,\"configurable\":true,\"versionStr\":\"1.0.1\"},\"47\":{\"summary\":\"List and edit the templates that control page output\",\"file\":\"\\/home\\/okeowoad\\/public_html\\/wire\\/modules\\/Process\\/ProcessTemplate\\/ProcessTemplate.module\",\"core\":true,\"versionStr\":\"1.0.8\"},\"125\":{\"summary\":\"Throttles the frequency of logins for a given account, helps to reduce dictionary attacks by introducing an exponential delay between logins.\",\"file\":\"\\/home\\/okeowoad\\/public_html\\/wire\\/modules\\/Session\\/SessionLoginThrottle\\/SessionLoginThrottle.module\",\"core\":true,\"configurable\":true,\"versionStr\":\"1.0.2\"},\"61\":{\"summary\":\"Entity encode ampersands, quotes (single and double) and greater-than\\/less-than signs using htmlspecialchars(str, ENT_QUOTES). It is recommended that you use this on all text\\/textarea fields except those using a rich text editor like TinyMCE or a markup language like Markdown.\",\"file\":\"\\/home\\/okeowoad\\/public_html\\/wire\\/modules\\/Textformatter\\/TextformatterEntities.module\",\"core\":true,\"versionStr\":\"1.0.0\"},\"148\":{\"summary\":\"Minimal admin theme that supports all ProcessWire features.\",\"file\":\"\\/home\\/okeowoad\\/public_html\\/wire\\/modules\\/AdminTheme\\/AdminThemeDefault\\/AdminThemeDefault.module\",\"core\":true,\"configurable\":true,\"versionStr\":\"0.1.2\"},\"158\":{\"summary\":\"Admin theme for ProcessWire 2.5 by Tom Reno (Renobird)\",\"author\":\"Tom Reno (Renobird)\",\"file\":\"\\/home\\/okeowoad\\/public_html\\/wire\\/modules\\/AdminTheme\\/AdminThemeReno\\/AdminThemeReno.module\",\"core\":true,\"configurable\":true,\"versionStr\":\"0.1.2\"},\"113\":{\"summary\":\"Adds a render() method to all PageArray instances for basic unordered list generation of PageArrays.\",\"file\":\"\\/home\\/okeowoad\\/public_html\\/wire\\/modules\\/Markup\\/MarkupPageArray.module\",\"core\":true,\"versionStr\":\"1.0.0\"},\"67\":{\"summary\":\"Generates XHTML markup for data tables used by ProcessWire admin\",\"file\":\"\\/home\\/okeowoad\\/public_html\\/wire\\/modules\\/Markup\\/MarkupAdminDataTable\\/MarkupAdminDataTable.module\",\"core\":true,\"versionStr\":\"1.0.2\"},\"156\":{\"summary\":\"Front-end to the HTML Purifier library.\",\"file\":\"\\/home\\/okeowoad\\/public_html\\/wire\\/modules\\/Markup\\/MarkupHTMLPurifier\\/MarkupHTMLPurifier.module\",\"core\":true,\"versionStr\":\"1.0.4\"},\"98\":{\"summary\":\"Generates markup for pagination navigation\",\"file\":\"\\/home\\/okeowoad\\/public_html\\/wire\\/modules\\/Markup\\/MarkupPagerNav\\/MarkupPagerNav.module\",\"core\":true,\"versionStr\":\"1.0.3\"},\"115\":{\"summary\":\"Adds a render method to Page and caches page output.\",\"file\":\"\\/home\\/okeowoad\\/public_html\\/wire\\/modules\\/PageRender.module\",\"core\":true,\"configurable\":true,\"versionStr\":\"1.0.3\"},\"139\":{\"summary\":\"Manages system versions and upgrades.\",\"file\":\"\\/home\\/okeowoad\\/public_html\\/wire\\/modules\\/System\\/SystemUpdater\\/SystemUpdater.module\",\"core\":true,\"configurable\":true,\"versionStr\":\"0.0.8\"},\"114\":{\"summary\":\"Adds various permission methods to Page objects that are used by Process modules.\",\"file\":\"\\/home\\/okeowoad\\/public_html\\/wire\\/modules\\/PagePermissions.module\",\"core\":true,\"versionStr\":\"1.0.5\"},\"79\":{\"summary\":\"Contains any other markup and optionally child Inputfields\",\"file\":\"\\/home\\/okeowoad\\/public_html\\/wire\\/modules\\/Inputfield\\/InputfieldMarkup.module\",\"core\":true,\"versionStr\":\"1.0.1\"},\"155\":{\"summary\":\"CKEditor textarea rich text editor.\",\"file\":\"\\/home\\/okeowoad\\/public_html\\/wire\\/modules\\/Inputfield\\/InputfieldCKEditor\\/InputfieldCKEditor.module\",\"core\":true,\"versionStr\":\"1.2.8\"},\"34\":{\"summary\":\"Single line of text\",\"file\":\"\\/home\\/okeowoad\\/public_html\\/wire\\/modules\\/Inputfield\\/InputfieldText.module\",\"core\":true,\"versionStr\":\"1.0.5\"},\"86\":{\"summary\":\"Text input validated as a ProcessWire Page name field\",\"file\":\"\\/home\\/okeowoad\\/public_html\\/wire\\/modules\\/Inputfield\\/InputfieldPageName\\/InputfieldPageName.module\",\"core\":true,\"configurable\":true,\"versionStr\":\"1.0.4\"},\"112\":{\"summary\":\"Handles input of Page Title and auto-generation of Page Name (when name is blank)\",\"file\":\"\\/home\\/okeowoad\\/public_html\\/wire\\/modules\\/Inputfield\\/InputfieldPageTitle\\/InputfieldPageTitle.module\",\"core\":true,\"versionStr\":\"1.0.2\"},\"131\":{\"summary\":\"Form button element that you can optionally pass an href attribute to.\",\"file\":\"\\/home\\/okeowoad\\/public_html\\/wire\\/modules\\/Inputfield\\/InputfieldButton.module\",\"core\":true,\"versionStr\":\"1.0.0\"},\"41\":{\"summary\":\"Text input validated as a ProcessWire name field\",\"file\":\"\\/home\\/okeowoad\\/public_html\\/wire\\/modules\\/Inputfield\\/InputfieldName.module\",\"core\":true,\"versionStr\":\"1.0.0\"},\"149\":{\"summary\":\"Build a page finding selector visually.\",\"author\":\"Avoine + ProcessWire\",\"file\":\"\\/home\\/okeowoad\\/public_html\\/wire\\/modules\\/Inputfield\\/InputfieldSelector\\/InputfieldSelector.module\",\"core\":true,\"configurable\":true,\"versionStr\":\"0.2.2\"},\"60\":{\"summary\":\"Select one or more pages\",\"file\":\"\\/home\\/okeowoad\\/public_html\\/wire\\/modules\\/Inputfield\\/InputfieldPage\\/InputfieldPage.module\",\"core\":true,\"configurable\":true,\"versionStr\":\"1.0.4\"},\"80\":{\"summary\":\"E-Mail address in valid format\",\"file\":\"\\/home\\/okeowoad\\/public_html\\/wire\\/modules\\/Inputfield\\/InputfieldEmail.module\",\"core\":true,\"versionStr\":\"1.0.1\"},\"122\":{\"summary\":\"Password input with confirmation field that doesn\'t ever echo the input back.\",\"file\":\"\\/home\\/okeowoad\\/public_html\\/wire\\/modules\\/Inputfield\\/InputfieldPassword.module\",\"core\":true,\"versionStr\":\"1.0.1\"},\"32\":{\"summary\":\"Form submit button\",\"file\":\"\\/home\\/okeowoad\\/public_html\\/wire\\/modules\\/Inputfield\\/InputfieldSubmit\\/InputfieldSubmit.module\",\"core\":true,\"versionStr\":\"1.0.1\"},\"30\":{\"summary\":\"Contains one or more fields in a form\",\"file\":\"\\/home\\/okeowoad\\/public_html\\/wire\\/modules\\/Inputfield\\/InputfieldForm.module\",\"core\":true,\"versionStr\":\"1.0.4\"},\"40\":{\"summary\":\"Hidden value in a form\",\"file\":\"\\/home\\/okeowoad\\/public_html\\/wire\\/modules\\/Inputfield\\/InputfieldHidden.module\",\"core\":true,\"versionStr\":\"1.0.1\"},\"85\":{\"summary\":\"Integer (positive or negative)\",\"file\":\"\\/home\\/okeowoad\\/public_html\\/wire\\/modules\\/Inputfield\\/InputfieldInteger.module\",\"core\":true,\"versionStr\":\"1.0.2\"},\"137\":{\"summary\":\"Selection of multiple pages from a ProcessWire page tree list\",\"file\":\"\\/home\\/okeowoad\\/public_html\\/wire\\/modules\\/Inputfield\\/InputfieldPageListSelect\\/InputfieldPageListSelectMultiple.module\",\"core\":true,\"versionStr\":\"1.0.1\"},\"15\":{\"summary\":\"Selection of a single page from a ProcessWire page tree list\",\"file\":\"\\/home\\/okeowoad\\/public_html\\/wire\\/modules\\/Inputfield\\/InputfieldPageListSelect\\/InputfieldPageListSelect.module\",\"core\":true,\"versionStr\":\"1.0.0\"},\"37\":{\"summary\":\"Single checkbox toggle\",\"file\":\"\\/home\\/okeowoad\\/public_html\\/wire\\/modules\\/Inputfield\\/InputfieldCheckbox.module\",\"core\":true,\"versionStr\":\"1.0.1\"},\"90\":{\"summary\":\"Floating point number with precision\",\"file\":\"\\/home\\/okeowoad\\/public_html\\/wire\\/modules\\/Inputfield\\/InputfieldFloat.module\",\"core\":true,\"versionStr\":\"1.0.2\"},\"94\":{\"summary\":\"Inputfield that accepts date and optionally time\",\"file\":\"\\/home\\/okeowoad\\/public_html\\/wire\\/modules\\/Inputfield\\/InputfieldDatetime\\/InputfieldDatetime.module\",\"core\":true,\"versionStr\":\"1.0.3\"},\"43\":{\"summary\":\"Select multiple items from a list\",\"file\":\"\\/home\\/okeowoad\\/public_html\\/wire\\/modules\\/Inputfield\\/InputfieldSelectMultiple.module\",\"core\":true,\"versionStr\":\"1.0.1\"},\"55\":{\"summary\":\"One or more file uploads (sortable)\",\"file\":\"\\/home\\/okeowoad\\/public_html\\/wire\\/modules\\/Inputfield\\/InputfieldFile\\/InputfieldFile.module\",\"core\":true,\"versionStr\":\"1.1.4\"},\"108\":{\"summary\":\"URL in valid format\",\"file\":\"\\/home\\/okeowoad\\/public_html\\/wire\\/modules\\/Inputfield\\/InputfieldURL.module\",\"core\":true,\"versionStr\":\"1.0.1\"},\"56\":{\"summary\":\"One or more image uploads (sortable)\",\"file\":\"\\/home\\/okeowoad\\/public_html\\/wire\\/modules\\/Inputfield\\/InputfieldImage\\/InputfieldImage.module\",\"core\":true,\"versionStr\":\"1.1.0\"},\"36\":{\"summary\":\"Selection of a single value from a select pulldown\",\"file\":\"\\/home\\/okeowoad\\/public_html\\/wire\\/modules\\/Inputfield\\/InputfieldSelect.module\",\"core\":true,\"versionStr\":\"1.0.2\"},\"35\":{\"summary\":\"Multiple lines of text\",\"file\":\"\\/home\\/okeowoad\\/public_html\\/wire\\/modules\\/Inputfield\\/InputfieldTextarea.module\",\"core\":true,\"versionStr\":\"1.0.3\"},\"39\":{\"summary\":\"Radio buttons for selection of a single item\",\"file\":\"\\/home\\/okeowoad\\/public_html\\/wire\\/modules\\/Inputfield\\/InputfieldRadios\\/InputfieldRadios.module\",\"core\":true,\"versionStr\":\"1.0.2\"},\"38\":{\"summary\":\"Multiple checkbox toggles\",\"file\":\"\\/home\\/okeowoad\\/public_html\\/wire\\/modules\\/Inputfield\\/InputfieldCheckboxes\\/InputfieldCheckboxes.module\",\"core\":true,\"versionStr\":\"1.0.0\"},\"78\":{\"summary\":\"Groups one or more fields together in a container\",\"file\":\"\\/home\\/okeowoad\\/public_html\\/wire\\/modules\\/Inputfield\\/InputfieldFieldset.module\",\"core\":true,\"versionStr\":\"1.0.1\"},\"25\":{\"summary\":\"Multiple selection, progressive enhancement to select multiple\",\"href\":\"http:\\/\\/code.google.com\\/p\\/jquery-asmselect\\/\",\"file\":\"\\/home\\/okeowoad\\/public_html\\/wire\\/modules\\/Inputfield\\/InputfieldAsmSelect\\/InputfieldAsmSelect.module\",\"core\":true,\"versionStr\":\"1.1.4\"},\"152\":{\"summary\":\"Keeps track of past URLs where pages have lived and automatically redirects (301 permament) to the new location whenever the past URL is accessed.\",\"file\":\"\\/home\\/okeowoad\\/public_html\\/wire\\/modules\\/PagePathHistory.module\",\"core\":true,\"versionStr\":\"0.0.1\"},\"6\":{\"summary\":\"Field that stores one or more files\",\"file\":\"\\/home\\/okeowoad\\/public_html\\/wire\\/modules\\/Fieldtype\\/FieldtypeFile.module\",\"core\":true,\"versionStr\":\"1.0.4\"},\"1\":{\"summary\":\"Field that stores multiple lines of text\",\"file\":\"\\/home\\/okeowoad\\/public_html\\/wire\\/modules\\/Fieldtype\\/FieldtypeTextarea.module\",\"core\":true,\"versionStr\":\"1.0.3\"},\"111\":{\"summary\":\"Field that stores a page title\",\"file\":\"\\/home\\/okeowoad\\/public_html\\/wire\\/modules\\/Fieldtype\\/FieldtypePageTitle.module\",\"core\":true,\"versionStr\":\"1.0.0\"},\"107\":{\"summary\":\"Open a fieldset to group fields. Same as Fieldset (Open) except that it displays in a tab instead.\",\"file\":\"\\/home\\/okeowoad\\/public_html\\/wire\\/modules\\/Fieldtype\\/FieldtypeFieldsetTabOpen.module\",\"core\":true,\"versionStr\":\"1.0.0\"},\"135\":{\"summary\":\"Field that stores a URL\",\"file\":\"\\/home\\/okeowoad\\/public_html\\/wire\\/modules\\/Fieldtype\\/FieldtypeURL.module\",\"core\":true,\"versionStr\":\"1.0.0\"},\"57\":{\"summary\":\"Field that stores one or more GIF, JPG, or PNG images\",\"file\":\"\\/home\\/okeowoad\\/public_html\\/wire\\/modules\\/Fieldtype\\/FieldtypeImage.module\",\"core\":true,\"versionStr\":\"1.0.1\"},\"3\":{\"summary\":\"Field that stores a single line of text\",\"file\":\"\\/home\\/okeowoad\\/public_html\\/wire\\/modules\\/Fieldtype\\/FieldtypeText.module\",\"core\":true,\"versionStr\":\"1.0.0\"},\"97\":{\"summary\":\"This Fieldtype stores an ON\\/OFF toggle via a single checkbox. The ON value is 1 and OFF value is 0.\",\"file\":\"\\/home\\/okeowoad\\/public_html\\/wire\\/modules\\/Fieldtype\\/FieldtypeCheckbox.module\",\"core\":true,\"versionStr\":\"1.0.0\"},\"89\":{\"summary\":\"Field that stores a floating point (decimal) number\",\"file\":\"\\/home\\/okeowoad\\/public_html\\/wire\\/modules\\/Fieldtype\\/FieldtypeFloat.module\",\"core\":true,\"versionStr\":\"1.0.3\"},\"133\":{\"summary\":\"Field that stores a hashed and salted password\",\"file\":\"\\/home\\/okeowoad\\/public_html\\/wire\\/modules\\/Fieldtype\\/FieldtypePassword.module\",\"core\":true,\"versionStr\":\"1.0.1\"},\"160\":{\"summary\":\"Field that stores user posted comments for a single Page\",\"file\":\"\\/home\\/okeowoad\\/public_html\\/wire\\/modules\\/Fieldtype\\/FieldtypeComments\\/FieldtypeComments.module\",\"core\":true,\"versionStr\":\"1.0.3\"},\"161\":{\"summary\":\"Provides an administrative interface for working with comments\",\"file\":\"\\/home\\/okeowoad\\/public_html\\/wire\\/modules\\/Fieldtype\\/FieldtypeComments\\/InputfieldCommentsAdmin.module\",\"core\":true,\"versionStr\":\"1.0.3\"},\"162\":{\"summary\":\"Build a page finding selector visually.\",\"author\":\"Avoine + ProcessWire\",\"file\":\"\\/home\\/okeowoad\\/public_html\\/wire\\/modules\\/Fieldtype\\/FieldtypeSelector.module\",\"core\":true,\"versionStr\":\"0.1.3\"},\"4\":{\"summary\":\"Field that stores one or more references to ProcessWire pages\",\"file\":\"\\/home\\/okeowoad\\/public_html\\/wire\\/modules\\/Fieldtype\\/FieldtypePage.module\",\"core\":true,\"configurable\":true,\"versionStr\":\"1.0.2\"},\"28\":{\"summary\":\"Field that stores a date and optionally time\",\"file\":\"\\/home\\/okeowoad\\/public_html\\/wire\\/modules\\/Fieldtype\\/FieldtypeDatetime.module\",\"core\":true,\"versionStr\":\"1.0.3\"},\"105\":{\"summary\":\"Open a fieldset to group fields. Should be followed by a Fieldset (Close) after one or more fields.\",\"file\":\"\\/home\\/okeowoad\\/public_html\\/wire\\/modules\\/Fieldtype\\/FieldtypeFieldsetOpen.module\",\"core\":true,\"versionStr\":\"1.0.0\"},\"29\":{\"summary\":\"Field that stores an e-mail address\",\"file\":\"\\/home\\/okeowoad\\/public_html\\/wire\\/modules\\/Fieldtype\\/FieldtypeEmail.module\",\"core\":true,\"versionStr\":\"1.0.0\"},\"27\":{\"summary\":\"Field that stores a reference to another module\",\"file\":\"\\/home\\/okeowoad\\/public_html\\/wire\\/modules\\/Fieldtype\\/FieldtypeModule.module\",\"core\":true,\"versionStr\":\"1.0.1\"},\"106\":{\"summary\":\"Close a fieldset opened by FieldsetOpen. \",\"file\":\"\\/home\\/okeowoad\\/public_html\\/wire\\/modules\\/Fieldtype\\/FieldtypeFieldsetClose.module\",\"core\":true,\"versionStr\":\"1.0.0\"},\"84\":{\"summary\":\"Field that stores an integer\",\"file\":\"\\/home\\/okeowoad\\/public_html\\/wire\\/modules\\/Fieldtype\\/FieldtypeInteger.module\",\"core\":true,\"versionStr\":\"1.0.0\"},\"163\":{\"summary\":\"Browse Modules from modules.processwire.com. Download, update or install them. Consider this a proof of concept and use at your own risk.\",\"author\":\"Philipp \'Soma\' Urlich\",\"href\":\"http:\\/\\/processwire.com\\/talk\\/topic\\/1550-modules-manager\\/\",\"file\":\"\\/home\\/okeowoad\\/public_html\\/site\\/modules\\/ModulesManager\\/ModulesManager.module\",\"configurable\":true,\"versionStr\":\"2.1.6\"},\"164\":{\"summary\":\"Blog Manager module inspired by the Blog Profile by Ryan Cramer\",\"author\":\"Kongondo\",\"href\":\"https:\\/\\/processwire.com\\/talk\\/topic\\/7403-module-blog\\/\",\"file\":\"\\/home\\/okeowoad\\/public_html\\/site\\/modules\\/ProcessBlog\\/ProcessBlog.module\",\"configurable\":true,\"versionStr\":\"2.3.0\"},\"166\":{\"summary\":\"Automatically set a Blog Post publish date on publish\",\"author\":\"Kongondo\",\"href\":\"https:\\/\\/processwire.com\\/talk\\/topic\\/7403-module-blog\\/\",\"file\":\"\\/home\\/okeowoad\\/public_html\\/site\\/modules\\/ProcessBlog\\/BlogPublishDate.module\",\"versionStr\":\"2.3.0\"},\"165\":{\"summary\":\"Markup module to output a Blog based on the Blog Profile by Ryan Cramer\",\"author\":\"Kongondo\",\"href\":\"https:\\/\\/processwire.com\\/talk\\/topic\\/7403-module-blog\\/\",\"file\":\"\\/home\\/okeowoad\\/public_html\\/site\\/modules\\/ProcessBlog\\/MarkupBlog.module\",\"versionStr\":\"2.3.0\"},\"168\":{\"summary\":\"Create and\\/or restore database backups from ProcessWire admin.\",\"author\":\"Ryan Cramer\",\"file\":\"\\/home\\/okeowoad\\/public_html\\/site\\/modules\\/ProcessDatabaseBackups\\/ProcessDatabaseBackups.module\",\"versionStr\":\"0.0.3\"},\"159\":{\"summary\":\"Provides jQuery DataTables for use in ProcessWire.\",\"href\":\"http:\\/\\/datatables.net\",\"file\":\"\\/home\\/okeowoad\\/public_html\\/site\\/modules\\/JqueryDataTables\\/JqueryDataTables.module\",\"versionStr\":\"1.9.4\"},\"169\":{\"summary\":\"Tool that helps you identify and install core and module upgrades.\",\"author\":\"Ryan Cramer\",\"file\":\"\\/home\\/okeowoad\\/public_html\\/site\\/modules\\/ProcessWireUpgrade\\/ProcessWireUpgrade.module\",\"versionStr\":\"0.0.2\"},\"170\":{\"summary\":\"Automatically checks for core and installed module upgrades at routine intervals.\",\"author\":\"Ryan Cramer\",\"file\":\"\\/home\\/okeowoad\\/public_html\\/site\\/modules\\/ProcessWireUpgrade\\/ProcessWireUpgradeCheck.module\",\"versionStr\":\"0.0.3\"}}', '2010-04-08 03:10:10');
INSERT INTO `caches` (`name`, `data`, `expires`) VALUES('Modules.info', '{\"116\":{\"name\":\"JqueryCore\",\"title\":\"jQuery Core\",\"version\":183,\"icon\":\"\",\"requires\":[],\"requiresVersions\":[],\"installs\":[],\"permission\":\"\",\"permissions\":[],\"autoload\":false,\"singular\":true,\"created\":0,\"installed\":true,\"permanent\":true},\"167\":{\"name\":\"JqueryFancybox\",\"title\":\"jQuery Fancybox Plugin\",\"version\":126,\"icon\":\"\",\"requires\":[],\"requiresVersions\":[],\"installs\":[],\"permission\":\"\",\"permissions\":[],\"autoload\":false,\"singular\":1,\"created\":1422760134,\"installed\":true},\"103\":{\"name\":\"JqueryTableSorter\",\"title\":\"jQuery Table Sorter Plugin\",\"version\":203,\"icon\":\"\",\"requires\":[],\"requiresVersions\":[],\"installs\":[],\"permission\":\"\",\"permissions\":[],\"autoload\":false,\"singular\":1,\"created\":0,\"installed\":true},\"45\":{\"name\":\"JqueryWireTabs\",\"title\":\"jQuery Wire Tabs Plugin\",\"version\":105,\"icon\":\"\",\"requires\":[],\"requiresVersions\":[],\"installs\":[],\"permission\":\"\",\"permissions\":[],\"autoload\":false,\"singular\":0,\"created\":0,\"installed\":true,\"permanent\":true},\"117\":{\"name\":\"JqueryUI\",\"title\":\"jQuery UI\",\"version\":193,\"icon\":\"\",\"requires\":[],\"requiresVersions\":[],\"installs\":[],\"permission\":\"\",\"permissions\":[],\"autoload\":false,\"singular\":true,\"created\":0,\"installed\":true,\"permanent\":true},\"151\":{\"name\":\"JqueryMagnific\",\"title\":\"jQuery Magnific Popup\",\"version\":1,\"icon\":\"\",\"requires\":[],\"requiresVersions\":[],\"installs\":[],\"permission\":\"\",\"permissions\":[],\"autoload\":false,\"singular\":1,\"created\":1405959705,\"installed\":true},\"150\":{\"name\":\"ProcessPageLister\",\"title\":\"Lister\",\"version\":18,\"icon\":\"search\",\"requires\":[\"ProcessWire\",\"InputfieldSelector\"],\"requiresVersions\":{\"ProcessWire\":[\">=\",\"2.4.3\"],\"InputfieldSelector\":[\">=\",9]},\"installs\":[],\"permission\":\"page-lister\",\"permissions\":{\"page-lister\":\"Use Page Lister\"},\"autoload\":false,\"singular\":false,\"created\":0,\"installed\":true,\"permanent\":true},\"14\":{\"name\":\"ProcessPageSort\",\"title\":\"Page Sort and Move\",\"version\":100,\"icon\":\"\",\"requires\":[],\"requiresVersions\":[],\"installs\":[],\"permission\":\"page-edit\",\"permissions\":[],\"autoload\":false,\"singular\":0,\"created\":0,\"installed\":true,\"permanent\":true},\"68\":{\"name\":\"ProcessRole\",\"title\":\"Roles\",\"version\":101,\"icon\":\"gears\",\"requires\":[],\"requiresVersions\":[],\"installs\":[],\"permission\":\"role-admin\",\"permissions\":[],\"autoload\":false,\"singular\":0,\"created\":0,\"installed\":true,\"permanent\":true,\"useNavJSON\":true},\"134\":{\"name\":\"ProcessPageType\",\"title\":\"Page Type\",\"version\":101,\"icon\":\"\",\"requires\":[],\"requiresVersions\":[],\"installs\":[],\"permission\":\"\",\"permissions\":[],\"autoload\":false,\"singular\":1,\"created\":0,\"installed\":true,\"permanent\":true,\"useNavJSON\":true},\"109\":{\"name\":\"ProcessPageTrash\",\"title\":\"Page Trash\",\"version\":101,\"icon\":\"\",\"requires\":[],\"requiresVersions\":[],\"installs\":[],\"permission\":\"\",\"permissions\":[],\"autoload\":false,\"singular\":1,\"created\":0,\"installed\":true,\"permanent\":true},\"10\":{\"name\":\"ProcessLogin\",\"title\":\"Login\",\"version\":101,\"icon\":\"\",\"requires\":[],\"requiresVersions\":[],\"installs\":[],\"permission\":\"page-view\",\"permissions\":[],\"autoload\":false,\"singular\":0,\"created\":0,\"installed\":true,\"permanent\":true},\"136\":{\"name\":\"ProcessPermission\",\"title\":\"Permissions\",\"version\":100,\"icon\":\"gear\",\"requires\":[],\"requiresVersions\":[],\"installs\":[],\"permission\":\"permission-admin\",\"permissions\":[],\"autoload\":false,\"singular\":1,\"created\":0,\"installed\":true,\"permanent\":true,\"useNavJSON\":true},\"7\":{\"name\":\"ProcessPageEdit\",\"title\":\"Page Edit\",\"version\":106,\"icon\":\"\",\"requires\":[],\"requiresVersions\":[],\"installs\":[],\"permission\":\"page-edit\",\"permissions\":[],\"autoload\":false,\"singular\":1,\"created\":0,\"installed\":true,\"permanent\":true},\"104\":{\"name\":\"ProcessPageSearch\",\"title\":\"Page Search\",\"version\":105,\"icon\":\"\",\"requires\":[],\"requiresVersions\":[],\"installs\":[],\"permission\":\"page-edit\",\"permissions\":[],\"autoload\":false,\"singular\":1,\"created\":0,\"installed\":true,\"permanent\":true},\"50\":{\"name\":\"ProcessModule\",\"title\":\"Modules\",\"version\":117,\"icon\":\"\",\"requires\":[],\"requiresVersions\":[],\"installs\":[],\"permission\":\"module-admin\",\"permissions\":[],\"autoload\":false,\"singular\":0,\"created\":0,\"installed\":true,\"permanent\":true,\"useNavJSON\":true,\"nav\":[{\"url\":\"?site#tab_site_modules\",\"label\":\"Site\",\"icon\":\"plug\",\"navJSON\":\"navJSON\\/?site=1\"},{\"url\":\"?core#tab_core_modules\",\"label\":\"Core\",\"icon\":\"plug\",\"navJSON\":\"navJSON\\/?core=1\"},{\"url\":\"?configurable#tab_configurable_modules\",\"label\":\"Configure\",\"icon\":\"gear\",\"navJSON\":\"navJSON\\/?configurable=1\"},{\"url\":\"?install#tab_install_modules\",\"label\":\"Install\",\"icon\":\"sign-in\",\"navJSON\":\"navJSON\\/?install=1\"},{\"url\":\"?reset=1\",\"label\":\"Refresh\",\"icon\":\"refresh\"}]},\"76\":{\"name\":\"ProcessList\",\"title\":\"List\",\"version\":101,\"icon\":\"\",\"requires\":[],\"requiresVersions\":[],\"installs\":[],\"permission\":\"page-view\",\"permissions\":[],\"autoload\":false,\"singular\":0,\"created\":0,\"installed\":true,\"permanent\":true},\"66\":{\"name\":\"ProcessUser\",\"title\":\"Users\",\"version\":103,\"icon\":\"group\",\"requires\":[],\"requiresVersions\":[],\"installs\":[],\"permission\":\"user-admin\",\"permissions\":[],\"autoload\":false,\"singular\":0,\"created\":0,\"installed\":true,\"permanent\":true,\"useNavJSON\":true},\"48\":{\"name\":\"ProcessField\",\"title\":\"Fields\",\"version\":108,\"icon\":\"cube\",\"requires\":[],\"requiresVersions\":[],\"installs\":[],\"permission\":\"field-admin\",\"permissions\":[],\"autoload\":false,\"singular\":0,\"created\":0,\"installed\":true,\"permanent\":true,\"useNavJSON\":true},\"87\":{\"name\":\"ProcessHome\",\"title\":\"Admin Home\",\"version\":101,\"icon\":\"\",\"requires\":[],\"requiresVersions\":[],\"installs\":[],\"permission\":\"page-view\",\"permissions\":[],\"autoload\":false,\"singular\":0,\"created\":0,\"installed\":true,\"permanent\":true},\"121\":{\"name\":\"ProcessPageEditLink\",\"title\":\"Page Edit Link\",\"version\":105,\"icon\":\"\",\"requires\":[],\"requiresVersions\":[],\"installs\":[],\"permission\":\"page-edit\",\"permissions\":[],\"autoload\":false,\"singular\":1,\"created\":0,\"installed\":true,\"permanent\":true},\"17\":{\"name\":\"ProcessPageAdd\",\"title\":\"Page Add\",\"version\":104,\"icon\":\"\",\"requires\":[],\"requiresVersions\":[],\"installs\":[],\"permission\":\"page-edit\",\"permissions\":[],\"autoload\":false,\"singular\":0,\"created\":0,\"installed\":true,\"permanent\":true},\"12\":{\"name\":\"ProcessPageList\",\"title\":\"Page List\",\"version\":107,\"icon\":\"sitemap\",\"requires\":[],\"requiresVersions\":[],\"installs\":[],\"permission\":\"page-edit\",\"permissions\":[],\"autoload\":false,\"singular\":0,\"created\":0,\"installed\":true,\"permanent\":true},\"129\":{\"name\":\"ProcessPageEditImageSelect\",\"title\":\"Page Edit Image\",\"version\":108,\"icon\":\"\",\"requires\":[],\"requiresVersions\":[],\"installs\":[],\"permission\":\"page-edit\",\"permissions\":[],\"autoload\":false,\"singular\":1,\"created\":0,\"installed\":true,\"permanent\":true},\"83\":{\"name\":\"ProcessPageView\",\"title\":\"Page View\",\"version\":103,\"icon\":\"\",\"requires\":[],\"requiresVersions\":[],\"installs\":[],\"permission\":\"page-view\",\"permissions\":[],\"autoload\":false,\"singular\":0,\"created\":0,\"installed\":true,\"permanent\":true},\"138\":{\"name\":\"ProcessProfile\",\"title\":\"User Profile\",\"version\":101,\"icon\":\"\",\"requires\":[],\"requiresVersions\":[],\"installs\":[],\"permission\":\"profile-edit\",\"permissions\":[],\"autoload\":false,\"singular\":1,\"created\":0,\"installed\":true,\"permanent\":true},\"47\":{\"name\":\"ProcessTemplate\",\"title\":\"Templates\",\"version\":108,\"icon\":\"cubes\",\"requires\":[],\"requiresVersions\":[],\"installs\":[],\"permission\":\"template-admin\",\"permissions\":[],\"autoload\":false,\"singular\":0,\"created\":0,\"installed\":true,\"permanent\":true,\"useNavJSON\":true},\"125\":{\"name\":\"SessionLoginThrottle\",\"title\":\"Session Login Throttle\",\"version\":102,\"icon\":\"\",\"requires\":[],\"requiresVersions\":[],\"installs\":[],\"permission\":\"\",\"permissions\":[],\"autoload\":\"function\",\"singular\":true,\"created\":0,\"installed\":true,\"permanent\":false},\"61\":{\"name\":\"TextformatterEntities\",\"title\":\"HTML Entity Encoder (htmlspecialchars)\",\"version\":100,\"icon\":\"\",\"requires\":[],\"requiresVersions\":[],\"installs\":[],\"permission\":\"\",\"permissions\":[],\"autoload\":false,\"singular\":0,\"created\":0,\"installed\":true},\"148\":{\"name\":\"AdminThemeDefault\",\"title\":\"Default\",\"version\":12,\"icon\":\"\",\"requires\":[],\"requiresVersions\":[],\"installs\":[],\"permission\":\"\",\"permissions\":[],\"autoload\":\"template=admin\",\"singular\":false,\"created\":0,\"installed\":true},\"158\":{\"name\":\"AdminThemeReno\",\"title\":\"Reno\",\"version\":12,\"icon\":\"\",\"requires\":[\"AdminThemeDefault\"],\"requiresVersions\":{\"AdminThemeDefault\":[\">=\",0]},\"installs\":[],\"permission\":\"\",\"permissions\":[],\"autoload\":\"template=admin\",\"singular\":false,\"created\":1422758246,\"installed\":true},\"113\":{\"name\":\"MarkupPageArray\",\"title\":\"PageArray Markup\",\"version\":100,\"icon\":\"\",\"requires\":[],\"requiresVersions\":[],\"installs\":[],\"permission\":\"\",\"permissions\":[],\"autoload\":true,\"singular\":true,\"created\":0,\"installed\":true,\"permanent\":false},\"67\":{\"name\":\"MarkupAdminDataTable\",\"title\":\"Admin Data Table\",\"version\":102,\"icon\":\"\",\"requires\":[],\"requiresVersions\":[],\"installs\":[],\"permission\":\"\",\"permissions\":[],\"autoload\":false,\"singular\":0,\"created\":0,\"installed\":true,\"permanent\":true},\"156\":{\"name\":\"MarkupHTMLPurifier\",\"title\":\"HTML Purifier\",\"version\":104,\"icon\":\"\",\"requires\":[],\"requiresVersions\":[],\"installs\":[],\"permission\":\"\",\"permissions\":[],\"autoload\":false,\"singular\":false,\"created\":1406316377,\"installed\":true},\"98\":{\"name\":\"MarkupPagerNav\",\"title\":\"Pager (Pagination) Navigation\",\"version\":103,\"icon\":\"\",\"requires\":[],\"requiresVersions\":[],\"installs\":[],\"permission\":\"\",\"permissions\":[],\"autoload\":false,\"singular\":false,\"created\":0,\"installed\":true,\"permanent\":false},\"115\":{\"name\":\"PageRender\",\"title\":\"Page Render\",\"version\":103,\"icon\":\"\",\"requires\":[],\"requiresVersions\":[],\"installs\":[],\"permission\":\"\",\"permissions\":[],\"autoload\":true,\"singular\":true,\"created\":0,\"installed\":true,\"permanent\":true},\"139\":{\"name\":\"SystemUpdater\",\"title\":\"System Updater\",\"version\":8,\"icon\":\"\",\"requires\":[],\"requiresVersions\":[],\"installs\":[],\"permission\":\"\",\"permissions\":[],\"autoload\":false,\"singular\":true,\"created\":0,\"installed\":true,\"permanent\":true},\"114\":{\"name\":\"PagePermissions\",\"title\":\"Page Permissions\",\"version\":105,\"icon\":\"\",\"requires\":[],\"requiresVersions\":[],\"installs\":[],\"permission\":\"\",\"permissions\":[],\"autoload\":true,\"singular\":true,\"created\":0,\"installed\":true,\"permanent\":true},\"79\":{\"name\":\"InputfieldMarkup\",\"title\":\"Markup\",\"version\":101,\"icon\":\"\",\"requires\":[],\"requiresVersions\":[],\"installs\":[],\"permission\":\"\",\"permissions\":[],\"autoload\":false,\"singular\":0,\"created\":0,\"installed\":true,\"permanent\":true},\"155\":{\"name\":\"InputfieldCKEditor\",\"title\":\"CKEditor\",\"version\":128,\"icon\":\"\",\"requires\":[],\"requiresVersions\":[],\"installs\":[\"MarkupHTMLPurifier\"],\"permission\":\"\",\"permissions\":[],\"autoload\":false,\"singular\":0,\"created\":1406316377,\"installed\":true},\"34\":{\"name\":\"InputfieldText\",\"title\":\"Text\",\"version\":105,\"icon\":\"\",\"requires\":[],\"requiresVersions\":[],\"installs\":[],\"permission\":\"\",\"permissions\":[],\"autoload\":false,\"singular\":0,\"created\":0,\"installed\":true,\"permanent\":true},\"86\":{\"name\":\"InputfieldPageName\",\"title\":\"Page Name\",\"version\":104,\"icon\":\"\",\"requires\":[],\"requiresVersions\":[],\"installs\":[],\"permission\":\"\",\"permissions\":[],\"autoload\":false,\"singular\":0,\"created\":0,\"installed\":true,\"permanent\":true},\"112\":{\"name\":\"InputfieldPageTitle\",\"title\":\"Page Title\",\"version\":102,\"icon\":\"\",\"requires\":[],\"requiresVersions\":[],\"installs\":[],\"permission\":\"\",\"permissions\":[],\"autoload\":false,\"singular\":0,\"created\":0,\"installed\":true,\"permanent\":true},\"131\":{\"name\":\"InputfieldButton\",\"title\":\"Button\",\"version\":100,\"icon\":\"\",\"requires\":[],\"requiresVersions\":[],\"installs\":[],\"permission\":\"\",\"permissions\":[],\"autoload\":false,\"singular\":0,\"created\":0,\"installed\":true,\"permanent\":true},\"41\":{\"name\":\"InputfieldName\",\"title\":\"Name\",\"version\":100,\"icon\":\"\",\"requires\":[],\"requiresVersions\":[],\"installs\":[],\"permission\":\"\",\"permissions\":[],\"autoload\":false,\"singular\":0,\"created\":0,\"installed\":true,\"permanent\":true},\"149\":{\"name\":\"InputfieldSelector\",\"title\":\"Selector\",\"version\":22,\"icon\":\"\",\"requires\":[],\"requiresVersions\":[],\"installs\":[],\"permission\":\"\",\"permissions\":[],\"autoload\":\"template=admin\",\"singular\":false,\"created\":0,\"installed\":true},\"60\":{\"name\":\"InputfieldPage\",\"title\":\"Page\",\"version\":104,\"icon\":\"\",\"requires\":[],\"requiresVersions\":[],\"installs\":[],\"permission\":\"\",\"permissions\":[],\"autoload\":false,\"singular\":0,\"created\":0,\"installed\":true,\"permanent\":true},\"80\":{\"name\":\"InputfieldEmail\",\"title\":\"Email\",\"version\":101,\"icon\":\"\",\"requires\":[],\"requiresVersions\":[],\"installs\":[],\"permission\":\"\",\"permissions\":[],\"autoload\":false,\"singular\":0,\"created\":0,\"installed\":true},\"122\":{\"name\":\"InputfieldPassword\",\"title\":\"Password\",\"version\":101,\"icon\":\"\",\"requires\":[],\"requiresVersions\":[],\"installs\":[],\"permission\":\"\",\"permissions\":[],\"autoload\":false,\"singular\":0,\"created\":0,\"installed\":true,\"permanent\":true},\"32\":{\"name\":\"InputfieldSubmit\",\"title\":\"Submit\",\"version\":101,\"icon\":\"\",\"requires\":[],\"requiresVersions\":[],\"installs\":[],\"permission\":\"\",\"permissions\":[],\"autoload\":false,\"singular\":0,\"created\":0,\"installed\":true,\"permanent\":true},\"30\":{\"name\":\"InputfieldForm\",\"title\":\"Form\",\"version\":104,\"icon\":\"\",\"requires\":[],\"requiresVersions\":[],\"installs\":[],\"permission\":\"\",\"permissions\":[],\"autoload\":false,\"singular\":0,\"created\":0,\"installed\":true,\"permanent\":true},\"40\":{\"name\":\"InputfieldHidden\",\"title\":\"Hidden\",\"version\":101,\"icon\":\"\",\"requires\":[],\"requiresVersions\":[],\"installs\":[],\"permission\":\"\",\"permissions\":[],\"autoload\":false,\"singular\":0,\"created\":0,\"installed\":true,\"permanent\":true},\"85\":{\"name\":\"InputfieldInteger\",\"title\":\"Integer\",\"version\":102,\"icon\":\"\",\"requires\":[],\"requiresVersions\":[],\"installs\":[],\"permission\":\"\",\"permissions\":[],\"autoload\":false,\"singular\":0,\"created\":0,\"installed\":true,\"permanent\":true},\"137\":{\"name\":\"InputfieldPageListSelectMultiple\",\"title\":\"Page List Select Multiple\",\"version\":101,\"icon\":\"\",\"requires\":[],\"requiresVersions\":[],\"installs\":[],\"permission\":\"\",\"permissions\":[],\"autoload\":false,\"singular\":0,\"created\":0,\"installed\":true,\"permanent\":true},\"15\":{\"name\":\"InputfieldPageListSelect\",\"title\":\"Page List Select\",\"version\":100,\"icon\":\"\",\"requires\":[],\"requiresVersions\":[],\"installs\":[],\"permission\":\"\",\"permissions\":[],\"autoload\":false,\"singular\":0,\"created\":0,\"installed\":true,\"permanent\":true},\"37\":{\"name\":\"InputfieldCheckbox\",\"title\":\"Checkbox\",\"version\":101,\"icon\":\"\",\"requires\":[],\"requiresVersions\":[],\"installs\":[],\"permission\":\"\",\"permissions\":[],\"autoload\":false,\"singular\":0,\"created\":0,\"installed\":true,\"permanent\":true},\"90\":{\"name\":\"InputfieldFloat\",\"title\":\"Float\",\"version\":102,\"icon\":\"\",\"requires\":[],\"requiresVersions\":[],\"installs\":[],\"permission\":\"\",\"permissions\":[],\"autoload\":false,\"singular\":0,\"created\":0,\"installed\":true,\"permanent\":true},\"94\":{\"name\":\"InputfieldDatetime\",\"title\":\"Datetime\",\"version\":103,\"icon\":\"\",\"requires\":[],\"requiresVersions\":[],\"installs\":[],\"permission\":\"\",\"permissions\":[],\"autoload\":false,\"singular\":0,\"created\":0,\"installed\":true,\"permanent\":true},\"43\":{\"name\":\"InputfieldSelectMultiple\",\"title\":\"Select Multiple\",\"version\":101,\"icon\":\"\",\"requires\":[],\"requiresVersions\":[],\"installs\":[],\"permission\":\"\",\"permissions\":[],\"autoload\":false,\"singular\":0,\"created\":0,\"installed\":true,\"permanent\":true},\"55\":{\"name\":\"InputfieldFile\",\"title\":\"Files\",\"version\":114,\"icon\":\"\",\"requires\":[],\"requiresVersions\":[],\"installs\":[],\"permission\":\"\",\"permissions\":[],\"autoload\":false,\"singular\":0,\"created\":0,\"installed\":true,\"permanent\":true},\"108\":{\"name\":\"InputfieldURL\",\"title\":\"URL\",\"version\":101,\"icon\":\"\",\"requires\":[],\"requiresVersions\":[],\"installs\":[],\"permission\":\"\",\"permissions\":[],\"autoload\":false,\"singular\":0,\"created\":0,\"installed\":true},\"56\":{\"name\":\"InputfieldImage\",\"title\":\"Images\",\"version\":110,\"icon\":\"\",\"requires\":[],\"requiresVersions\":[],\"installs\":[],\"permission\":\"\",\"permissions\":[],\"autoload\":false,\"singular\":0,\"created\":0,\"installed\":true,\"permanent\":true},\"36\":{\"name\":\"InputfieldSelect\",\"title\":\"Select\",\"version\":102,\"icon\":\"\",\"requires\":[],\"requiresVersions\":[],\"installs\":[],\"permission\":\"\",\"permissions\":[],\"autoload\":false,\"singular\":0,\"created\":0,\"installed\":true,\"permanent\":true},\"35\":{\"name\":\"InputfieldTextarea\",\"title\":\"Textarea\",\"version\":103,\"icon\":\"\",\"requires\":[],\"requiresVersions\":[],\"installs\":[],\"permission\":\"\",\"permissions\":[],\"autoload\":false,\"singular\":0,\"created\":0,\"installed\":true,\"permanent\":true},\"39\":{\"name\":\"InputfieldRadios\",\"title\":\"Radio Buttons\",\"version\":102,\"icon\":\"\",\"requires\":[],\"requiresVersions\":[],\"installs\":[],\"permission\":\"\",\"permissions\":[],\"autoload\":false,\"singular\":0,\"created\":0,\"installed\":true,\"permanent\":true},\"38\":{\"name\":\"InputfieldCheckboxes\",\"title\":\"Checkboxes\",\"version\":100,\"icon\":\"\",\"requires\":[],\"requiresVersions\":[],\"installs\":[],\"permission\":\"\",\"permissions\":[],\"autoload\":false,\"singular\":0,\"created\":0,\"installed\":true,\"permanent\":true},\"78\":{\"name\":\"InputfieldFieldset\",\"title\":\"Fieldset\",\"version\":101,\"icon\":\"\",\"requires\":[],\"requiresVersions\":[],\"installs\":[],\"permission\":\"\",\"permissions\":[],\"autoload\":false,\"singular\":0,\"created\":0,\"installed\":true,\"permanent\":true},\"25\":{\"name\":\"InputfieldAsmSelect\",\"title\":\"asmSelect\",\"version\":114,\"icon\":\"\",\"requires\":[],\"requiresVersions\":[],\"installs\":[],\"permission\":\"\",\"permissions\":[],\"autoload\":false,\"singular\":0,\"created\":0,\"installed\":true,\"permanent\":true},\"152\":{\"name\":\"PagePathHistory\",\"title\":\"Page Path History\",\"version\":1,\"icon\":\"\",\"requires\":[],\"requiresVersions\":[],\"installs\":[],\"permission\":\"\",\"permissions\":[],\"autoload\":true,\"singular\":true,\"created\":1406313417,\"installed\":true},\"6\":{\"name\":\"FieldtypeFile\",\"title\":\"Files\",\"version\":104,\"icon\":\"\",\"requires\":[],\"requiresVersions\":[],\"installs\":[],\"permission\":\"\",\"permissions\":[],\"autoload\":false,\"singular\":0,\"created\":0,\"installed\":true,\"permanent\":true},\"1\":{\"name\":\"FieldtypeTextarea\",\"title\":\"Textarea\",\"version\":103,\"icon\":\"\",\"requires\":[],\"requiresVersions\":[],\"installs\":[],\"permission\":\"\",\"permissions\":[],\"autoload\":false,\"singular\":true,\"created\":0,\"installed\":true,\"permanent\":true},\"111\":{\"name\":\"FieldtypePageTitle\",\"title\":\"Page Title\",\"version\":100,\"icon\":\"\",\"requires\":[],\"requiresVersions\":[],\"installs\":[],\"permission\":\"\",\"permissions\":[],\"autoload\":false,\"singular\":true,\"created\":0,\"installed\":true,\"permanent\":true},\"107\":{\"name\":\"FieldtypeFieldsetTabOpen\",\"title\":\"Fieldset in Tab (Open)\",\"version\":100,\"icon\":\"\",\"requires\":[],\"requiresVersions\":[],\"installs\":[],\"permission\":\"\",\"permissions\":[],\"autoload\":false,\"singular\":1,\"created\":0,\"installed\":true,\"permanent\":true},\"135\":{\"name\":\"FieldtypeURL\",\"title\":\"URL\",\"version\":100,\"icon\":\"\",\"requires\":[],\"requiresVersions\":[],\"installs\":[],\"permission\":\"\",\"permissions\":[],\"autoload\":false,\"singular\":1,\"created\":0,\"installed\":true,\"permanent\":true},\"57\":{\"name\":\"FieldtypeImage\",\"title\":\"Images\",\"version\":101,\"icon\":\"\",\"requires\":[],\"requiresVersions\":[],\"installs\":[],\"permission\":\"\",\"permissions\":[],\"autoload\":false,\"singular\":true,\"created\":0,\"installed\":true,\"permanent\":true},\"3\":{\"name\":\"FieldtypeText\",\"title\":\"Text\",\"version\":100,\"icon\":\"\",\"requires\":[],\"requiresVersions\":[],\"installs\":[],\"permission\":\"\",\"permissions\":[],\"autoload\":false,\"singular\":true,\"created\":0,\"installed\":true,\"permanent\":true},\"97\":{\"name\":\"FieldtypeCheckbox\",\"title\":\"Checkbox\",\"version\":100,\"icon\":\"\",\"requires\":[],\"requiresVersions\":[],\"installs\":[],\"permission\":\"\",\"permissions\":[],\"autoload\":false,\"singular\":1,\"created\":0,\"installed\":true,\"permanent\":true},\"89\":{\"name\":\"FieldtypeFloat\",\"title\":\"Float\",\"version\":103,\"icon\":\"\",\"requires\":[],\"requiresVersions\":[],\"installs\":[],\"permission\":\"\",\"permissions\":[],\"autoload\":false,\"singular\":1,\"created\":0,\"installed\":true,\"permanent\":true},\"133\":{\"name\":\"FieldtypePassword\",\"title\":\"Password\",\"version\":101,\"icon\":\"\",\"requires\":[],\"requiresVersions\":[],\"installs\":[],\"permission\":\"\",\"permissions\":[],\"autoload\":false,\"singular\":true,\"created\":0,\"installed\":true,\"permanent\":true},\"160\":{\"name\":\"FieldtypeComments\",\"title\":\"Comments\",\"version\":103,\"icon\":\"\",\"requires\":[],\"requiresVersions\":[],\"installs\":[\"InputfieldCommentsAdmin\"],\"permission\":\"\",\"permissions\":[],\"autoload\":false,\"singular\":1,\"created\":1422759977,\"installed\":true},\"161\":{\"name\":\"InputfieldCommentsAdmin\",\"title\":\"Comments Admin\",\"version\":103,\"icon\":\"\",\"requires\":[\"FieldtypeComments\"],\"requiresVersions\":{\"FieldtypeComments\":[\">=\",0]},\"installs\":[],\"permission\":\"\",\"permissions\":[],\"autoload\":false,\"singular\":0,\"created\":1422759977,\"installed\":true,\"permanent\":false},\"162\":{\"name\":\"FieldtypeSelector\",\"title\":\"Selector\",\"version\":13,\"icon\":\"\",\"requires\":[\"InputfieldSelector\"],\"requiresVersions\":{\"InputfieldSelector\":[\">=\",0]},\"installs\":[],\"permission\":\"\",\"permissions\":[],\"autoload\":false,\"singular\":1,\"created\":1422760068,\"installed\":true},\"4\":{\"name\":\"FieldtypePage\",\"title\":\"Page Reference\",\"version\":102,\"icon\":\"\",\"requires\":[],\"requiresVersions\":[],\"installs\":[],\"permission\":\"\",\"permissions\":[],\"autoload\":true,\"singular\":true,\"created\":0,\"installed\":true,\"permanent\":true},\"28\":{\"name\":\"FieldtypeDatetime\",\"title\":\"Datetime\",\"version\":103,\"icon\":\"\",\"requires\":[],\"requiresVersions\":[],\"installs\":[],\"permission\":\"\",\"permissions\":[],\"autoload\":false,\"singular\":0,\"created\":0,\"installed\":true},\"105\":{\"name\":\"FieldtypeFieldsetOpen\",\"title\":\"Fieldset (Open)\",\"version\":100,\"icon\":\"\",\"requires\":[],\"requiresVersions\":[],\"installs\":[],\"permission\":\"\",\"permissions\":[],\"autoload\":false,\"singular\":1,\"created\":0,\"installed\":true,\"permanent\":true},\"29\":{\"name\":\"FieldtypeEmail\",\"title\":\"E-Mail\",\"version\":100,\"icon\":\"\",\"requires\":[],\"requiresVersions\":[],\"installs\":[],\"permission\":\"\",\"permissions\":[],\"autoload\":false,\"singular\":true,\"created\":0,\"installed\":true},\"27\":{\"name\":\"FieldtypeModule\",\"title\":\"Module Reference\",\"version\":101,\"icon\":\"\",\"requires\":[],\"requiresVersions\":[],\"installs\":[],\"permission\":\"\",\"permissions\":[],\"autoload\":false,\"singular\":true,\"created\":0,\"installed\":true,\"permanent\":true},\"106\":{\"name\":\"FieldtypeFieldsetClose\",\"title\":\"Fieldset (Close)\",\"version\":100,\"icon\":\"\",\"requires\":[],\"requiresVersions\":[],\"installs\":[],\"permission\":\"\",\"permissions\":[],\"autoload\":false,\"singular\":1,\"created\":0,\"installed\":true,\"permanent\":true},\"84\":{\"name\":\"FieldtypeInteger\",\"title\":\"Integer\",\"version\":100,\"icon\":\"\",\"requires\":[],\"requiresVersions\":[],\"installs\":[],\"permission\":\"\",\"permissions\":[],\"autoload\":false,\"singular\":0,\"created\":0,\"installed\":true,\"permanent\":true},\"163\":{\"name\":\"ModulesManager\",\"title\":\"Modules Manager\",\"version\":216,\"icon\":\"\",\"requires\":[\"JqueryDataTables\"],\"requiresVersions\":{\"JqueryDataTables\":[\">=\",0]},\"installs\":[],\"permission\":\"modules-manager\",\"permissions\":[],\"autoload\":false,\"singular\":true,\"created\":1422760130,\"installed\":true},\"164\":{\"name\":\"ProcessBlog\",\"title\":\"Blog\",\"version\":230,\"icon\":\"\",\"requires\":[],\"requiresVersions\":[],\"installs\":[\"MarkupBlog\",\"BlogPublishDate\"],\"permission\":\"blog\",\"permissions\":[],\"autoload\":false,\"singular\":true,\"created\":1422760134,\"installed\":true},\"166\":{\"name\":\"BlogPublishDate\",\"title\":\"Blog Post Publish Date\",\"version\":230,\"icon\":\"\",\"requires\":[\"ProcessBlog\"],\"requiresVersions\":{\"ProcessBlog\":[\">=\",0]},\"installs\":[],\"permission\":\"\",\"permissions\":[],\"autoload\":true,\"singular\":true,\"created\":1422760134,\"installed\":true},\"165\":{\"name\":\"MarkupBlog\",\"title\":\"Markup Blog\",\"version\":230,\"icon\":\"\",\"requires\":[\"ProcessBlog\"],\"requiresVersions\":{\"ProcessBlog\":[\">=\",0]},\"installs\":[],\"permission\":\"\",\"permissions\":[],\"autoload\":false,\"singular\":true,\"created\":1422760134,\"installed\":true},\"168\":{\"name\":\"ProcessDatabaseBackups\",\"title\":\"Database Backups\",\"version\":3,\"icon\":\"database\",\"requires\":[\"ProcessWire\"],\"requiresVersions\":{\"ProcessWire\":[\">=\",\"2.4.15\"]},\"installs\":[],\"permission\":\"db-backup\",\"permissions\":{\"db-backup\":\"Manage database backups (recommended for superuser only)\"},\"autoload\":false,\"singular\":1,\"created\":1422760138,\"installed\":true,\"page\":{\"name\":\"db-backups\",\"parent\":\"setup\",\"title\":\"DB Backups\"},\"nav\":[{\"url\":\"backup\\/\",\"label\":\"New Backup\",\"icon\":\"plus-circle\"},{\"url\":\"upload\\/\",\"label\":\"Upload\",\"icon\":\"upload\"}]},\"159\":{\"name\":\"JqueryDataTables\",\"title\":\"jQuery DataTables Plugin\",\"version\":194,\"icon\":\"\",\"requires\":[],\"requiresVersions\":[],\"installs\":[],\"permission\":\"\",\"permissions\":[],\"autoload\":false,\"singular\":1,\"created\":1422759939,\"installed\":true},\"169\":{\"name\":\"ProcessWireUpgrade\",\"title\":\"Upgrades\",\"version\":2,\"icon\":\"coffee\",\"requires\":[],\"requiresVersions\":[],\"installs\":[\"ProcessWireUpgradeCheck\"],\"permission\":\"\",\"permissions\":[],\"autoload\":false,\"singular\":true,\"created\":0,\"installed\":true},\"170\":{\"name\":\"ProcessWireUpgradeCheck\",\"title\":\"Upgrades Checker\",\"version\":3,\"icon\":\"coffee\",\"requires\":[],\"requiresVersions\":[],\"installs\":[],\"permission\":\"\",\"permissions\":[],\"autoload\":\"template=admin\",\"singular\":true,\"created\":0,\"installed\":true}}', '2010-04-08 03:10:10');

DROP TABLE IF EXISTS `field_admin_theme`;
CREATE TABLE `field_admin_theme` (
  `pages_id` int(10) unsigned NOT NULL,
  `data` int(11) NOT NULL,
  PRIMARY KEY (`pages_id`),
  KEY `data` (`data`)
) ENGINE=MyISAM DEFAULT CHARSET=utf8;

INSERT INTO `field_admin_theme` (`pages_id`, `data`) VALUES('41', '158');

DROP TABLE IF EXISTS `field_body`;
CREATE TABLE `field_body` (
  `pages_id` int(10) unsigned NOT NULL,
  `data` mediumtext NOT NULL,
  PRIMARY KEY (`pages_id`),
  FULLTEXT KEY `data` (`data`)
) ENGINE=MyISAM DEFAULT CHARSET=utf8;

INSERT INTO `field_body` (`pages_id`, `data`) VALUES('27', '<h3>The page you were looking for is not found.</h3><p>Please use our search engine or navigation above to find the page.</p>');
INSERT INTO `field_body` (`pages_id`, `data`) VALUES('1', '<h2>What is ProcessWire?</h2>\r\n\r\n<p>ProcessWire gives you full control over your fields, templates and markup. It provides a powerful template system that works the way you do. Not to mention, ProcessWire\'s API makes working with your content easy and enjoyable. <a href=\"http://processwire.com\">Learn more</a></p>\r\n\r\n<h3>About this site profile</h3>\r\n\r\n<p>This is a basic minimal site for you to use in developing your own site or to learn from. There are a few pages here to serve as examples, but this site profile does not make any attempt to demonstrate all that ProcessWire can do. To learn more or ask questions, visit the <a href=\"http://www.processwire.com/talk/\" target=\"_blank\">ProcessWire forums</a> or <a href=\"http://modules.processwire.com/categories/site-profile/\">browse more site profiles</a>. If you are building a new site, this minimal profile is a good place to start. You may use these existing templates and design as they are, or you may replace them entirely.</p>\r\n\r\n<h3>Browse the site</h3>');
INSERT INTO `field_body` (`pages_id`, `data`) VALUES('1002', '<h2>Ut capio feugiat saepius torqueo olim</h2>\r\n\r\n<h3>In utinam facilisi eum vicis feugait nimis</h3>\r\n\r\n<p>Iusto incassum appellatio cui macto genitus vel. Lobortis aliquam luctus, roto enim, imputo wisi tamen. Ratis odio, genitus acsi, neo illum consequat consectetuer ut.</p>\r\n\r\n<blockquote>\r\n<p>Wisi fere virtus cogo, ex ut vel nullus similis vel iusto. Tation incassum adsum in, quibus capto premo diam suscipere facilisi. Uxor laoreet mos capio premo feugait ille et. Pecus abigo immitto epulae duis vel. Neque causa, indoles verto, decet ingenium dignissim.</p>\r\n</blockquote>\r\n\r\n<p>Patria iriure vel vel autem proprius indoles ille sit. Tation blandit refoveo, accumsan ut ulciscor lucidus inhibeo capto aptent opes, foras.</p>\r\n\r\n<h3>Dolore ea valde refero feugait utinam luctus</h3>\r\n\r\n<p><img alt=\"Copyright by Austin Cramer for DesignIntelligence. This is a placeholder while he makes new ones for us.\" class=\"align_left\"	src=\"/site/assets/files/1002/psych_cartoon_4-20.400x0.jpg\" />Usitas, nostrud transverbero, in, amet, nostrud ad. Ex feugiat opto diam os aliquam regula lobortis dolore ut ut quadrum. Esse eu quis nunc jugis iriure volutpat wisi, fere blandit inhibeo melior, hendrerit, saluto velit. Eu bene ideo dignissim delenit accumsan nunc. Usitas ille autem camur consequat typicus feugait elit ex accumsan nutus accumsan nimis pagus, occuro. Immitto populus, qui feugiat opto pneum letalis paratus. Mara conventio torqueo nibh caecus abigo sit eum brevitas. Populus, duis ex quae exerci hendrerit, si antehabeo nobis, consequat ea praemitto zelus.</p>\r\n\r\n<p>Immitto os ratis euismod conventio erat jus caecus sudo. code test Appellatio consequat, et ibidem ludus nulla dolor augue abdo tego euismod plaga lenis. Sit at nimis venio venio tego os et pecus enim pneum magna nobis ad pneum. Saepius turpis probo refero molior nonummy aliquam neque appellatio jus luctus acsi. Ulciscor refero pagus imputo eu refoveo valetudo duis dolore usitas. Consequat suscipere quod torqueo ratis ullamcorper, dolore lenis, letalis quia quadrum plaga minim.</p>');
INSERT INTO `field_body` (`pages_id`, `data`) VALUES('1001', '<h2>Si lobortis singularis genitus ibidem saluto.</h2><p>Dolore ad nunc, mos accumsan paratus duis suscipit luptatum facilisis macto uxor iaceo quadrum. Demoveo, appellatio elit neque ad commodo ea. Wisi, iaceo, tincidunt at commoveo rusticus et, ludus. Feugait at blandit bene blandit suscipere abdo duis ideo bis commoveo pagus ex, velit. Consequat commodo roto accumsan, duis transverbero.</p>');
INSERT INTO `field_body` (`pages_id`, `data`) VALUES('1004', '<h2>Pertineo vel dignissim, natu letalis fere odio</h2><p>Magna in gemino, gilvus iusto capto jugis abdo mos aptent acsi qui. Utrum inhibeo humo humo duis quae. Lucidus paulatim facilisi scisco quibus hendrerit conventio adsum.</p><h3>Si lobortis singularis genitus ibidem saluto</h3><ul><li>Feugiat eligo foras ex elit sed indoles hos elit ex antehabeo defui et nostrud.</li><li>Letatio valetudo multo consequat inhibeo ille dignissim pagus et in quadrum eum eu.</li><li>Aliquam si consequat, ut nulla amet et turpis exerci, adsum luctus ne decet, delenit.</li><li>Commoveo nunc diam valetudo cui, aptent commoveo at obruo uxor nulla aliquip augue.</li></ul><p>Iriure, ex velit, praesent vulpes delenit capio vero gilvus inhibeo letatio aliquip metuo qui eros. Transverbero demoveo euismod letatio torqueo melior. Ut odio in suscipit paulatim amet huic letalis suscipere eros causa, letalis magna.</p><ol><li>Feugiat eligo foras ex elit sed indoles hos elit ex antehabeo defui et nostrud.</li><li>Letatio valetudo multo consequat inhibeo ille dignissim pagus et in quadrum eum eu.</li><li>Aliquam si consequat, ut nulla amet et turpis exerci, adsum luctus ne decet, delenit.</li><li>Commoveo nunc diam valetudo cui, aptent commoveo at obruo uxor nulla aliquip augue.</li></ol>');

DROP TABLE IF EXISTS `field_email`;
CREATE TABLE `field_email` (
  `pages_id` int(10) unsigned NOT NULL,
  `data` varchar(255) NOT NULL DEFAULT '',
  PRIMARY KEY (`pages_id`),
  KEY `data_exact` (`data`),
  FULLTEXT KEY `data` (`data`)
) ENGINE=MyISAM DEFAULT CHARSET=utf8;

INSERT INTO `field_email` (`pages_id`, `data`) VALUES('41', 'okeowoaderemi@gmail.com');

DROP TABLE IF EXISTS `field_headline`;
CREATE TABLE `field_headline` (
  `pages_id` int(10) unsigned NOT NULL,
  `data` text NOT NULL,
  PRIMARY KEY (`pages_id`),
  FULLTEXT KEY `data` (`data`)
) ENGINE=MyISAM DEFAULT CHARSET=utf8;

INSERT INTO `field_headline` (`pages_id`, `data`) VALUES('1', 'Minimal Site Profile');
INSERT INTO `field_headline` (`pages_id`, `data`) VALUES('1001', 'About Us');
INSERT INTO `field_headline` (`pages_id`, `data`) VALUES('27', '404 Page Not Found');

DROP TABLE IF EXISTS `field_images`;
CREATE TABLE `field_images` (
  `pages_id` int(10) unsigned NOT NULL,
  `data` varchar(255) NOT NULL,
  `sort` int(10) unsigned NOT NULL,
  `description` text NOT NULL,
  `modified` datetime DEFAULT NULL,
  `created` datetime DEFAULT NULL,
  PRIMARY KEY (`pages_id`,`sort`),
  KEY `data` (`data`),
  KEY `modified` (`modified`),
  KEY `created` (`created`),
  FULLTEXT KEY `description` (`description`)
) ENGINE=MyISAM DEFAULT CHARSET=utf8;

INSERT INTO `field_images` (`pages_id`, `data`, `sort`, `description`, `modified`, `created`) VALUES('1002', 'psych_cartoon_4-20.jpg', '0', 'Copyright by Austin Cramer for DesignIntelligence. This is a placeholder while he makes new ones for us.', '2014-07-25 15:30:53', '2014-07-25 15:30:39');
INSERT INTO `field_images` (`pages_id`, `data`, `sort`, `description`, `modified`, `created`) VALUES('1', 'rough_cartoon_puppet.jpg', '1', 'Copyright by Austin Cramer for DesignIntelligence. This is a placeholder while he makes new ones for us.', '2014-07-25 15:30:14', '2014-07-25 15:29:22');
INSERT INTO `field_images` (`pages_id`, `data`, `sort`, `description`, `modified`, `created`) VALUES('1', 'airport_cartoon_3.jpg', '0', 'Copyright by Austin Cramer for DesignIntelligence. This is a placeholder while he makes new ones for us.', '2014-07-25 15:30:14', '2014-07-25 15:29:22');

DROP TABLE IF EXISTS `field_pass`;
CREATE TABLE `field_pass` (
  `pages_id` int(10) unsigned NOT NULL,
  `data` char(40) NOT NULL,
  `salt` char(32) NOT NULL,
  PRIMARY KEY (`pages_id`),
  KEY `data` (`data`)
) ENGINE=MyISAM DEFAULT CHARSET=ascii;

INSERT INTO `field_pass` (`pages_id`, `data`, `salt`) VALUES('41', '/5bhktOni8QS6aoF.g96KHc61ZmrZaq', '$2y$11$4pFF/BxlP01f/Leco0g5dz1');
INSERT INTO `field_pass` (`pages_id`, `data`, `salt`) VALUES('40', '', '');

DROP TABLE IF EXISTS `field_permissions`;
CREATE TABLE `field_permissions` (
  `pages_id` int(10) unsigned NOT NULL,
  `data` int(11) NOT NULL,
  `sort` int(10) unsigned NOT NULL,
  PRIMARY KEY (`pages_id`,`sort`),
  KEY `data` (`data`,`pages_id`,`sort`)
) ENGINE=MyISAM DEFAULT CHARSET=utf8;

INSERT INTO `field_permissions` (`pages_id`, `data`, `sort`) VALUES('38', '32', '1');
INSERT INTO `field_permissions` (`pages_id`, `data`, `sort`) VALUES('38', '34', '2');
INSERT INTO `field_permissions` (`pages_id`, `data`, `sort`) VALUES('38', '35', '3');
INSERT INTO `field_permissions` (`pages_id`, `data`, `sort`) VALUES('37', '36', '0');
INSERT INTO `field_permissions` (`pages_id`, `data`, `sort`) VALUES('38', '36', '0');
INSERT INTO `field_permissions` (`pages_id`, `data`, `sort`) VALUES('38', '50', '4');
INSERT INTO `field_permissions` (`pages_id`, `data`, `sort`) VALUES('38', '51', '5');
INSERT INTO `field_permissions` (`pages_id`, `data`, `sort`) VALUES('38', '52', '7');
INSERT INTO `field_permissions` (`pages_id`, `data`, `sort`) VALUES('38', '53', '8');
INSERT INTO `field_permissions` (`pages_id`, `data`, `sort`) VALUES('38', '54', '6');

DROP TABLE IF EXISTS `field_process`;
CREATE TABLE `field_process` (
  `pages_id` int(11) NOT NULL DEFAULT '0',
  `data` int(11) NOT NULL DEFAULT '0',
  PRIMARY KEY (`pages_id`),
  KEY `data` (`data`)
) ENGINE=MyISAM DEFAULT CHARSET=utf8;

INSERT INTO `field_process` (`pages_id`, `data`) VALUES('6', '17');
INSERT INTO `field_process` (`pages_id`, `data`) VALUES('3', '12');
INSERT INTO `field_process` (`pages_id`, `data`) VALUES('8', '12');
INSERT INTO `field_process` (`pages_id`, `data`) VALUES('9', '14');
INSERT INTO `field_process` (`pages_id`, `data`) VALUES('10', '7');
INSERT INTO `field_process` (`pages_id`, `data`) VALUES('11', '47');
INSERT INTO `field_process` (`pages_id`, `data`) VALUES('16', '48');
INSERT INTO `field_process` (`pages_id`, `data`) VALUES('300', '104');
INSERT INTO `field_process` (`pages_id`, `data`) VALUES('21', '50');
INSERT INTO `field_process` (`pages_id`, `data`) VALUES('29', '66');
INSERT INTO `field_process` (`pages_id`, `data`) VALUES('23', '10');
INSERT INTO `field_process` (`pages_id`, `data`) VALUES('304', '138');
INSERT INTO `field_process` (`pages_id`, `data`) VALUES('31', '136');
INSERT INTO `field_process` (`pages_id`, `data`) VALUES('22', '76');
INSERT INTO `field_process` (`pages_id`, `data`) VALUES('30', '68');
INSERT INTO `field_process` (`pages_id`, `data`) VALUES('303', '129');
INSERT INTO `field_process` (`pages_id`, `data`) VALUES('2', '87');
INSERT INTO `field_process` (`pages_id`, `data`) VALUES('302', '121');
INSERT INTO `field_process` (`pages_id`, `data`) VALUES('301', '109');
INSERT INTO `field_process` (`pages_id`, `data`) VALUES('28', '76');
INSERT INTO `field_process` (`pages_id`, `data`) VALUES('1007', '150');
INSERT INTO `field_process` (`pages_id`, `data`) VALUES('1009', '163');
INSERT INTO `field_process` (`pages_id`, `data`) VALUES('1010', '164');
INSERT INTO `field_process` (`pages_id`, `data`) VALUES('1012', '168');
INSERT INTO `field_process` (`pages_id`, `data`) VALUES('1014', '169');

DROP TABLE IF EXISTS `field_roles`;
CREATE TABLE `field_roles` (
  `pages_id` int(10) unsigned NOT NULL,
  `data` int(11) NOT NULL,
  `sort` int(10) unsigned NOT NULL,
  PRIMARY KEY (`pages_id`,`sort`),
  KEY `data` (`data`,`pages_id`,`sort`)
) ENGINE=MyISAM DEFAULT CHARSET=utf8;

INSERT INTO `field_roles` (`pages_id`, `data`, `sort`) VALUES('40', '37', '0');
INSERT INTO `field_roles` (`pages_id`, `data`, `sort`) VALUES('41', '37', '0');
INSERT INTO `field_roles` (`pages_id`, `data`, `sort`) VALUES('41', '38', '1');

DROP TABLE IF EXISTS `field_sidebar`;
CREATE TABLE `field_sidebar` (
  `pages_id` int(10) unsigned NOT NULL,
  `data` mediumtext NOT NULL,
  PRIMARY KEY (`pages_id`),
  FULLTEXT KEY `data` (`data`)
) ENGINE=MyISAM DEFAULT CHARSET=utf8;

INSERT INTO `field_sidebar` (`pages_id`, `data`) VALUES('1', '<h3>About ProcessWire</h3>\r\n\r\n<p>ProcessWire is an open source CMS and web application framework aimed at the needs of designers, developers and their clients.</p>\r\n\r\n<ul>\r\n	<li><a href=\"http://processwire.com/talk/\">Support</a>&nbsp;</li>\r\n	<li><a href=\"http://processwire.com/docs/\">Documentation</a></li>\r\n	<li><a href=\"http://processwire.com/docs/tutorials/\">Tutorials</a></li>\r\n	<li><a href=\"http://cheatsheet.processwire.com\">API Cheatsheet</a></li>\r\n	<li><a href=\"http://modules.processwire.com\">Modules/Plugins</a></li>\r\n</ul>');
INSERT INTO `field_sidebar` (`pages_id`, `data`) VALUES('1002', '<h3>Sudo nullus</h3>\r\n\r\n<p>Et torqueo vulpes vereor luctus augue quod consectetuer antehabeo causa patria tation ex plaga ut. Abluo delenit wisi iriure eros feugiat probo nisl aliquip nisl, patria. Antehabeo esse camur nisl modo utinam. Sudo nullus ventosus ibidem facilisis saepius eum sino pneum, vicis odio voco opto.</p>');

DROP TABLE IF EXISTS `field_summary`;
CREATE TABLE `field_summary` (
  `pages_id` int(10) unsigned NOT NULL,
  `data` mediumtext NOT NULL,
  PRIMARY KEY (`pages_id`),
  FULLTEXT KEY `data` (`data`)
) ENGINE=MyISAM DEFAULT CHARSET=utf8;

INSERT INTO `field_summary` (`pages_id`, `data`) VALUES('1002', 'Dolore ea valde refero feugait utinam luctus. Probo velit commoveo et, delenit praesent, suscipit zelus, hendrerit zelus illum facilisi, regula. ');
INSERT INTO `field_summary` (`pages_id`, `data`) VALUES('1001', 'This is a placeholder page with two child pages to serve as an example. ');
INSERT INTO `field_summary` (`pages_id`, `data`) VALUES('1005', 'View this template\'s source for a demonstration of how to create a basic site map. ');
INSERT INTO `field_summary` (`pages_id`, `data`) VALUES('1004', 'Mos erat reprobo in praesent, mara premo, obruo iustum pecus velit lobortis te sagaciter populus.');
INSERT INTO `field_summary` (`pages_id`, `data`) VALUES('1', 'ProcessWire is an open source CMS and web application framework aimed at the needs of designers, developers and their clients. ');

DROP TABLE IF EXISTS `field_title`;
CREATE TABLE `field_title` (
  `pages_id` int(10) unsigned NOT NULL,
  `data` text NOT NULL,
  PRIMARY KEY (`pages_id`),
  KEY `data_exact` (`data`(255)),
  FULLTEXT KEY `data` (`data`)
) ENGINE=MyISAM DEFAULT CHARSET=utf8;

INSERT INTO `field_title` (`pages_id`, `data`) VALUES('11', 'Templates');
INSERT INTO `field_title` (`pages_id`, `data`) VALUES('16', 'Fields');
INSERT INTO `field_title` (`pages_id`, `data`) VALUES('22', 'Setup');
INSERT INTO `field_title` (`pages_id`, `data`) VALUES('3', 'Pages');
INSERT INTO `field_title` (`pages_id`, `data`) VALUES('6', 'Add Page');
INSERT INTO `field_title` (`pages_id`, `data`) VALUES('8', 'Tree');
INSERT INTO `field_title` (`pages_id`, `data`) VALUES('9', 'Save Sort');
INSERT INTO `field_title` (`pages_id`, `data`) VALUES('10', 'Edit Page');
INSERT INTO `field_title` (`pages_id`, `data`) VALUES('21', 'Modules');
INSERT INTO `field_title` (`pages_id`, `data`) VALUES('29', 'Users');
INSERT INTO `field_title` (`pages_id`, `data`) VALUES('30', 'Roles');
INSERT INTO `field_title` (`pages_id`, `data`) VALUES('2', 'Admin');
INSERT INTO `field_title` (`pages_id`, `data`) VALUES('7', 'Trash');
INSERT INTO `field_title` (`pages_id`, `data`) VALUES('27', '404 Page');
INSERT INTO `field_title` (`pages_id`, `data`) VALUES('302', 'Insert Link');
INSERT INTO `field_title` (`pages_id`, `data`) VALUES('23', 'Login');
INSERT INTO `field_title` (`pages_id`, `data`) VALUES('304', 'Profile');
INSERT INTO `field_title` (`pages_id`, `data`) VALUES('301', 'Empty Trash');
INSERT INTO `field_title` (`pages_id`, `data`) VALUES('300', 'Search');
INSERT INTO `field_title` (`pages_id`, `data`) VALUES('303', 'Insert Image');
INSERT INTO `field_title` (`pages_id`, `data`) VALUES('28', 'Access');
INSERT INTO `field_title` (`pages_id`, `data`) VALUES('31', 'Permissions');
INSERT INTO `field_title` (`pages_id`, `data`) VALUES('32', 'Edit pages');
INSERT INTO `field_title` (`pages_id`, `data`) VALUES('34', 'Delete pages');
INSERT INTO `field_title` (`pages_id`, `data`) VALUES('35', 'Move pages (change parent)');
INSERT INTO `field_title` (`pages_id`, `data`) VALUES('36', 'View pages');
INSERT INTO `field_title` (`pages_id`, `data`) VALUES('50', 'Sort child pages');
INSERT INTO `field_title` (`pages_id`, `data`) VALUES('51', 'Change templates on pages');
INSERT INTO `field_title` (`pages_id`, `data`) VALUES('52', 'Administer users');
INSERT INTO `field_title` (`pages_id`, `data`) VALUES('53', 'User can update profile/password');
INSERT INTO `field_title` (`pages_id`, `data`) VALUES('54', 'Lock or unlock a page');
INSERT INTO `field_title` (`pages_id`, `data`) VALUES('1', 'Home');
INSERT INTO `field_title` (`pages_id`, `data`) VALUES('1001', 'About');
INSERT INTO `field_title` (`pages_id`, `data`) VALUES('1002', 'Child page example 1');
INSERT INTO `field_title` (`pages_id`, `data`) VALUES('1000', 'Search');
INSERT INTO `field_title` (`pages_id`, `data`) VALUES('1004', 'Child page example 2');
INSERT INTO `field_title` (`pages_id`, `data`) VALUES('1005', 'Site Map');
INSERT INTO `field_title` (`pages_id`, `data`) VALUES('1006', 'Use Page Lister');
INSERT INTO `field_title` (`pages_id`, `data`) VALUES('1007', 'Find');
INSERT INTO `field_title` (`pages_id`, `data`) VALUES('1009', 'ModulesManager');
INSERT INTO `field_title` (`pages_id`, `data`) VALUES('1010', 'Blog');
INSERT INTO `field_title` (`pages_id`, `data`) VALUES('1011', 'View Blog Page');
INSERT INTO `field_title` (`pages_id`, `data`) VALUES('1012', 'DB Backups');
INSERT INTO `field_title` (`pages_id`, `data`) VALUES('1013', 'Manage database backups (recommended for superuser only)');
INSERT INTO `field_title` (`pages_id`, `data`) VALUES('1014', 'Upgrades');

DROP TABLE IF EXISTS `fieldgroups`;
CREATE TABLE `fieldgroups` (
  `id` int(10) unsigned NOT NULL AUTO_INCREMENT,
  `name` varchar(255) CHARACTER SET ascii NOT NULL,
  PRIMARY KEY (`id`),
  UNIQUE KEY `name` (`name`)
) ENGINE=MyISAM AUTO_INCREMENT=97 DEFAULT CHARSET=utf8;

INSERT INTO `fieldgroups` (`id`, `name`) VALUES('2', 'admin');
INSERT INTO `fieldgroups` (`id`, `name`) VALUES('3', 'user');
INSERT INTO `fieldgroups` (`id`, `name`) VALUES('4', 'role');
INSERT INTO `fieldgroups` (`id`, `name`) VALUES('5', 'permission');
INSERT INTO `fieldgroups` (`id`, `name`) VALUES('1', 'home');
INSERT INTO `fieldgroups` (`id`, `name`) VALUES('88', 'sitemap');
INSERT INTO `fieldgroups` (`id`, `name`) VALUES('83', 'basic-page');
INSERT INTO `fieldgroups` (`id`, `name`) VALUES('80', 'search');

DROP TABLE IF EXISTS `fieldgroups_fields`;
CREATE TABLE `fieldgroups_fields` (
  `fieldgroups_id` int(10) unsigned NOT NULL DEFAULT '0',
  `fields_id` int(10) unsigned NOT NULL DEFAULT '0',
  `sort` int(11) unsigned NOT NULL DEFAULT '0',
  `data` text,
  PRIMARY KEY (`fieldgroups_id`,`fields_id`)
) ENGINE=MyISAM DEFAULT CHARSET=utf8;

INSERT INTO `fieldgroups_fields` (`fieldgroups_id`, `fields_id`, `sort`, `data`) VALUES('2', '2', '1', NULL);
INSERT INTO `fieldgroups_fields` (`fieldgroups_id`, `fields_id`, `sort`, `data`) VALUES('2', '1', '0', NULL);
INSERT INTO `fieldgroups_fields` (`fieldgroups_id`, `fields_id`, `sort`, `data`) VALUES('3', '4', '2', NULL);
INSERT INTO `fieldgroups_fields` (`fieldgroups_id`, `fields_id`, `sort`, `data`) VALUES('3', '92', '1', NULL);
INSERT INTO `fieldgroups_fields` (`fieldgroups_id`, `fields_id`, `sort`, `data`) VALUES('4', '5', '0', NULL);
INSERT INTO `fieldgroups_fields` (`fieldgroups_id`, `fields_id`, `sort`, `data`) VALUES('5', '1', '0', NULL);
INSERT INTO `fieldgroups_fields` (`fieldgroups_id`, `fields_id`, `sort`, `data`) VALUES('3', '3', '0', NULL);
INSERT INTO `fieldgroups_fields` (`fieldgroups_id`, `fields_id`, `sort`, `data`) VALUES('1', '1', '0', NULL);
INSERT INTO `fieldgroups_fields` (`fieldgroups_id`, `fields_id`, `sort`, `data`) VALUES('1', '44', '5', NULL);
INSERT INTO `fieldgroups_fields` (`fieldgroups_id`, `fields_id`, `sort`, `data`) VALUES('1', '76', '3', NULL);
INSERT INTO `fieldgroups_fields` (`fieldgroups_id`, `fields_id`, `sort`, `data`) VALUES('80', '1', '0', NULL);
INSERT INTO `fieldgroups_fields` (`fieldgroups_id`, `fields_id`, `sort`, `data`) VALUES('83', '44', '5', NULL);
INSERT INTO `fieldgroups_fields` (`fieldgroups_id`, `fields_id`, `sort`, `data`) VALUES('83', '76', '3', NULL);
INSERT INTO `fieldgroups_fields` (`fieldgroups_id`, `fields_id`, `sort`, `data`) VALUES('1', '78', '1', NULL);
INSERT INTO `fieldgroups_fields` (`fieldgroups_id`, `fields_id`, `sort`, `data`) VALUES('83', '1', '0', NULL);
INSERT INTO `fieldgroups_fields` (`fieldgroups_id`, `fields_id`, `sort`, `data`) VALUES('88', '79', '1', NULL);
INSERT INTO `fieldgroups_fields` (`fieldgroups_id`, `fields_id`, `sort`, `data`) VALUES('1', '79', '2', NULL);
INSERT INTO `fieldgroups_fields` (`fieldgroups_id`, `fields_id`, `sort`, `data`) VALUES('1', '82', '4', NULL);
INSERT INTO `fieldgroups_fields` (`fieldgroups_id`, `fields_id`, `sort`, `data`) VALUES('88', '1', '0', NULL);
INSERT INTO `fieldgroups_fields` (`fieldgroups_id`, `fields_id`, `sort`, `data`) VALUES('83', '82', '4', NULL);
INSERT INTO `fieldgroups_fields` (`fieldgroups_id`, `fields_id`, `sort`, `data`) VALUES('83', '78', '1', NULL);
INSERT INTO `fieldgroups_fields` (`fieldgroups_id`, `fields_id`, `sort`, `data`) VALUES('83', '79', '2', NULL);
INSERT INTO `fieldgroups_fields` (`fieldgroups_id`, `fields_id`, `sort`, `data`) VALUES('3', '97', '3', NULL);

DROP TABLE IF EXISTS `fields`;
CREATE TABLE `fields` (
  `id` int(10) unsigned NOT NULL AUTO_INCREMENT,
  `type` varchar(128) CHARACTER SET ascii NOT NULL,
  `name` varchar(255) CHARACTER SET ascii NOT NULL,
  `flags` int(11) NOT NULL DEFAULT '0',
  `label` varchar(255) NOT NULL DEFAULT '',
  `data` text NOT NULL,
  PRIMARY KEY (`id`),
  UNIQUE KEY `name` (`name`),
  KEY `type` (`type`)
) ENGINE=MyISAM AUTO_INCREMENT=98 DEFAULT CHARSET=utf8;

INSERT INTO `fields` (`id`, `type`, `name`, `flags`, `label`, `data`) VALUES('1', 'FieldtypePageTitle', 'title', '13', 'Title', '{\"required\":1,\"textformatters\":[\"TextformatterEntities\"],\"size\":0,\"maxlength\":255}');
INSERT INTO `fields` (`id`, `type`, `name`, `flags`, `label`, `data`) VALUES('2', 'FieldtypeModule', 'process', '25', 'Process', '{\"description\":\"The process that is executed on this page. Since this is mostly used by ProcessWire internally, it is recommended that you don\'t change the value of this unless adding your own pages in the admin.\",\"collapsed\":1,\"required\":1,\"moduleTypes\":[\"Process\"],\"permanent\":1}');
INSERT INTO `fields` (`id`, `type`, `name`, `flags`, `label`, `data`) VALUES('3', 'FieldtypePassword', 'pass', '24', 'Set Password', '{\"collapsed\":1,\"size\":50,\"maxlength\":128}');
INSERT INTO `fields` (`id`, `type`, `name`, `flags`, `label`, `data`) VALUES('5', 'FieldtypePage', 'permissions', '24', 'Permissions', '{\"derefAsPage\":0,\"parent_id\":31,\"labelFieldName\":\"title\",\"inputfield\":\"InputfieldCheckboxes\"}');
INSERT INTO `fields` (`id`, `type`, `name`, `flags`, `label`, `data`) VALUES('4', 'FieldtypePage', 'roles', '24', 'Roles', '{\"derefAsPage\":0,\"parent_id\":30,\"labelFieldName\":\"name\",\"inputfield\":\"InputfieldCheckboxes\",\"description\":\"User will inherit the permissions assigned to each role. You may assign multiple roles to a user. When accessing a page, the user will only inherit permissions from the roles that are also assigned to the page\'s template.\"}');
INSERT INTO `fields` (`id`, `type`, `name`, `flags`, `label`, `data`) VALUES('92', 'FieldtypeEmail', 'email', '9', 'E-Mail Address', '{\"size\":70,\"maxlength\":255}');
INSERT INTO `fields` (`id`, `type`, `name`, `flags`, `label`, `data`) VALUES('82', 'FieldtypeTextarea', 'sidebar', '0', 'Sidebar', '{\"inputfieldClass\":\"InputfieldCKEditor\",\"rows\":5,\"contentType\":1,\"toolbar\":\"Format, Bold, Italic, -, RemoveFormat\\r\\nNumberedList, BulletedList, -, Blockquote\\r\\nPWLink, Unlink, Anchor\\r\\nPWImage, Table, HorizontalRule, SpecialChar\\r\\nPasteText, PasteFromWord\\r\\nScayt, -, Sourcedialog\",\"inlineMode\":0,\"useACF\":1,\"usePurifier\":1,\"formatTags\":\"p;h2;h3;h4;h5;h6;pre;address\",\"extraPlugins\":[\"pwimage\",\"pwlink\",\"sourcedialog\"],\"removePlugins\":\"image,magicline\",\"toggles\":[2,4,8],\"collapsed\":2}');
INSERT INTO `fields` (`id`, `type`, `name`, `flags`, `label`, `data`) VALUES('44', 'FieldtypeImage', 'images', '0', 'Images', '{\"extensions\":\"gif jpg jpeg png\",\"adminThumbs\":1,\"inputfieldClass\":\"InputfieldImage\",\"maxFiles\":0,\"descriptionRows\":1,\"fileSchema\":2,\"textformatters\":[\"TextformatterEntities\"],\"outputFormat\":1,\"defaultValuePage\":0,\"defaultGrid\":0,\"icon\":\"camera\"}');
INSERT INTO `fields` (`id`, `type`, `name`, `flags`, `label`, `data`) VALUES('79', 'FieldtypeTextarea', 'summary', '1', 'Summary', '{\"textformatters\":[\"TextformatterEntities\"],\"inputfieldClass\":\"InputfieldTextarea\",\"collapsed\":2,\"rows\":3,\"contentType\":0}');
INSERT INTO `fields` (`id`, `type`, `name`, `flags`, `label`, `data`) VALUES('76', 'FieldtypeTextarea', 'body', '0', 'Body', '{\"inputfieldClass\":\"InputfieldCKEditor\",\"rows\":10,\"contentType\":1,\"toolbar\":\"Format, Bold, Italic, -, RemoveFormat\\r\\nNumberedList, BulletedList, -, Blockquote\\r\\nPWLink, Unlink, Anchor\\r\\nPWImage, Table, HorizontalRule, SpecialChar\\r\\nPasteText, PasteFromWord\\r\\nScayt, -, Sourcedialog\",\"inlineMode\":0,\"useACF\":1,\"usePurifier\":1,\"formatTags\":\"p;h2;h3;h4;h5;h6;pre;address\",\"extraPlugins\":[\"pwimage\",\"pwlink\",\"sourcedialog\"],\"removePlugins\":\"image,magicline\",\"toggles\":[2,4,8]}');
INSERT INTO `fields` (`id`, `type`, `name`, `flags`, `label`, `data`) VALUES('78', 'FieldtypeText', 'headline', '0', 'Headline', '{\"description\":\"Use this instead of the Title if a longer headline is needed than what you want to appear in navigation.\",\"textformatters\":[\"TextformatterEntities\"],\"collapsed\":2,\"size\":0,\"maxlength\":1024}');
INSERT INTO `fields` (`id`, `type`, `name`, `flags`, `label`, `data`) VALUES('97', 'FieldtypeModule', 'admin_theme', '8', 'Admin Theme', '{\"moduleTypes\":[\"AdminTheme\"],\"labelField\":\"title\",\"inputfieldClass\":\"InputfieldRadios\"}');

DROP TABLE IF EXISTS `modules`;
CREATE TABLE `modules` (
  `id` int(10) unsigned NOT NULL AUTO_INCREMENT,
  `class` varchar(128) CHARACTER SET ascii NOT NULL,
  `flags` int(11) NOT NULL DEFAULT '0',
  `data` text NOT NULL,
  `created` timestamp NOT NULL DEFAULT '0000-00-00 00:00:00',
  PRIMARY KEY (`id`),
  UNIQUE KEY `class` (`class`)
) ENGINE=MyISAM AUTO_INCREMENT=171 DEFAULT CHARSET=utf8;

INSERT INTO `modules` (`id`, `class`, `flags`, `data`, `created`) VALUES('1', 'FieldtypeTextarea', '0', '', '0000-00-00 00:00:00');
INSERT INTO `modules` (`id`, `class`, `flags`, `data`, `created`) VALUES('2', 'FieldtypeNumber', '0', '', '0000-00-00 00:00:00');
INSERT INTO `modules` (`id`, `class`, `flags`, `data`, `created`) VALUES('3', 'FieldtypeText', '0', '', '0000-00-00 00:00:00');
INSERT INTO `modules` (`id`, `class`, `flags`, `data`, `created`) VALUES('4', 'FieldtypePage', '0', '', '0000-00-00 00:00:00');
INSERT INTO `modules` (`id`, `class`, `flags`, `data`, `created`) VALUES('30', 'InputfieldForm', '0', '', '0000-00-00 00:00:00');
INSERT INTO `modules` (`id`, `class`, `flags`, `data`, `created`) VALUES('6', 'FieldtypeFile', '0', '', '0000-00-00 00:00:00');
INSERT INTO `modules` (`id`, `class`, `flags`, `data`, `created`) VALUES('7', 'ProcessPageEdit', '1', '', '0000-00-00 00:00:00');
INSERT INTO `modules` (`id`, `class`, `flags`, `data`, `created`) VALUES('10', 'ProcessLogin', '0', '', '0000-00-00 00:00:00');
INSERT INTO `modules` (`id`, `class`, `flags`, `data`, `created`) VALUES('12', 'ProcessPageList', '0', '{\"pageLabelField\":\"title\",\"paginationLimit\":25,\"limit\":50}', '0000-00-00 00:00:00');
INSERT INTO `modules` (`id`, `class`, `flags`, `data`, `created`) VALUES('121', 'ProcessPageEditLink', '1', '', '0000-00-00 00:00:00');
INSERT INTO `modules` (`id`, `class`, `flags`, `data`, `created`) VALUES('14', 'ProcessPageSort', '0', '', '0000-00-00 00:00:00');
INSERT INTO `modules` (`id`, `class`, `flags`, `data`, `created`) VALUES('15', 'InputfieldPageListSelect', '0', '', '0000-00-00 00:00:00');
INSERT INTO `modules` (`id`, `class`, `flags`, `data`, `created`) VALUES('117', 'JqueryUI', '1', '', '0000-00-00 00:00:00');
INSERT INTO `modules` (`id`, `class`, `flags`, `data`, `created`) VALUES('17', 'ProcessPageAdd', '0', '', '0000-00-00 00:00:00');
INSERT INTO `modules` (`id`, `class`, `flags`, `data`, `created`) VALUES('125', 'SessionLoginThrottle', '3', '', '0000-00-00 00:00:00');
INSERT INTO `modules` (`id`, `class`, `flags`, `data`, `created`) VALUES('122', 'InputfieldPassword', '0', '', '0000-00-00 00:00:00');
INSERT INTO `modules` (`id`, `class`, `flags`, `data`, `created`) VALUES('25', 'InputfieldAsmSelect', '0', '', '0000-00-00 00:00:00');
INSERT INTO `modules` (`id`, `class`, `flags`, `data`, `created`) VALUES('116', 'JqueryCore', '1', '', '0000-00-00 00:00:00');
INSERT INTO `modules` (`id`, `class`, `flags`, `data`, `created`) VALUES('27', 'FieldtypeModule', '0', '', '0000-00-00 00:00:00');
INSERT INTO `modules` (`id`, `class`, `flags`, `data`, `created`) VALUES('28', 'FieldtypeDatetime', '0', '', '0000-00-00 00:00:00');
INSERT INTO `modules` (`id`, `class`, `flags`, `data`, `created`) VALUES('29', 'FieldtypeEmail', '0', '', '0000-00-00 00:00:00');
INSERT INTO `modules` (`id`, `class`, `flags`, `data`, `created`) VALUES('108', 'InputfieldURL', '0', '', '0000-00-00 00:00:00');
INSERT INTO `modules` (`id`, `class`, `flags`, `data`, `created`) VALUES('32', 'InputfieldSubmit', '0', '', '0000-00-00 00:00:00');
INSERT INTO `modules` (`id`, `class`, `flags`, `data`, `created`) VALUES('33', 'InputfieldWrapper', '0', '', '0000-00-00 00:00:00');
INSERT INTO `modules` (`id`, `class`, `flags`, `data`, `created`) VALUES('34', 'InputfieldText', '0', '', '0000-00-00 00:00:00');
INSERT INTO `modules` (`id`, `class`, `flags`, `data`, `created`) VALUES('35', 'InputfieldTextarea', '0', '', '0000-00-00 00:00:00');
INSERT INTO `modules` (`id`, `class`, `flags`, `data`, `created`) VALUES('36', 'InputfieldSelect', '0', '', '0000-00-00 00:00:00');
INSERT INTO `modules` (`id`, `class`, `flags`, `data`, `created`) VALUES('37', 'InputfieldCheckbox', '0', '', '0000-00-00 00:00:00');
INSERT INTO `modules` (`id`, `class`, `flags`, `data`, `created`) VALUES('38', 'InputfieldCheckboxes', '0', '', '0000-00-00 00:00:00');
INSERT INTO `modules` (`id`, `class`, `flags`, `data`, `created`) VALUES('39', 'InputfieldRadios', '0', '', '0000-00-00 00:00:00');
INSERT INTO `modules` (`id`, `class`, `flags`, `data`, `created`) VALUES('40', 'InputfieldHidden', '0', '', '0000-00-00 00:00:00');
INSERT INTO `modules` (`id`, `class`, `flags`, `data`, `created`) VALUES('41', 'InputfieldName', '0', '', '0000-00-00 00:00:00');
INSERT INTO `modules` (`id`, `class`, `flags`, `data`, `created`) VALUES('43', 'InputfieldSelectMultiple', '0', '', '0000-00-00 00:00:00');
INSERT INTO `modules` (`id`, `class`, `flags`, `data`, `created`) VALUES('45', 'JqueryWireTabs', '0', '', '0000-00-00 00:00:00');
INSERT INTO `modules` (`id`, `class`, `flags`, `data`, `created`) VALUES('46', 'ProcessPage', '0', '', '0000-00-00 00:00:00');
INSERT INTO `modules` (`id`, `class`, `flags`, `data`, `created`) VALUES('47', 'ProcessTemplate', '0', '', '0000-00-00 00:00:00');
INSERT INTO `modules` (`id`, `class`, `flags`, `data`, `created`) VALUES('48', 'ProcessField', '0', '', '0000-00-00 00:00:00');
INSERT INTO `modules` (`id`, `class`, `flags`, `data`, `created`) VALUES('50', 'ProcessModule', '0', '', '0000-00-00 00:00:00');
INSERT INTO `modules` (`id`, `class`, `flags`, `data`, `created`) VALUES('114', 'PagePermissions', '3', '', '0000-00-00 00:00:00');
INSERT INTO `modules` (`id`, `class`, `flags`, `data`, `created`) VALUES('97', 'FieldtypeCheckbox', '1', '', '0000-00-00 00:00:00');
INSERT INTO `modules` (`id`, `class`, `flags`, `data`, `created`) VALUES('115', 'PageRender', '3', '{\"clearCache\":1}', '0000-00-00 00:00:00');
INSERT INTO `modules` (`id`, `class`, `flags`, `data`, `created`) VALUES('55', 'InputfieldFile', '0', '', '0000-00-00 00:00:00');
INSERT INTO `modules` (`id`, `class`, `flags`, `data`, `created`) VALUES('56', 'InputfieldImage', '0', '', '0000-00-00 00:00:00');
INSERT INTO `modules` (`id`, `class`, `flags`, `data`, `created`) VALUES('57', 'FieldtypeImage', '0', '', '0000-00-00 00:00:00');
INSERT INTO `modules` (`id`, `class`, `flags`, `data`, `created`) VALUES('60', 'InputfieldPage', '0', '{\"inputfieldClasses\":[\"InputfieldSelect\",\"InputfieldSelectMultiple\",\"InputfieldCheckboxes\",\"InputfieldRadios\",\"InputfieldAsmSelect\",\"InputfieldPageListSelect\",\"InputfieldPageListSelectMultiple\"]}', '0000-00-00 00:00:00');
INSERT INTO `modules` (`id`, `class`, `flags`, `data`, `created`) VALUES('61', 'TextformatterEntities', '0', '', '0000-00-00 00:00:00');
INSERT INTO `modules` (`id`, `class`, `flags`, `data`, `created`) VALUES('66', 'ProcessUser', '0', '{\"showFields\":[\"name\",\"email\",\"roles\"]}', '0000-00-00 00:00:00');
INSERT INTO `modules` (`id`, `class`, `flags`, `data`, `created`) VALUES('67', 'MarkupAdminDataTable', '0', '', '0000-00-00 00:00:00');
INSERT INTO `modules` (`id`, `class`, `flags`, `data`, `created`) VALUES('68', 'ProcessRole', '0', '{\"showFields\":[\"name\"]}', '0000-00-00 00:00:00');
INSERT INTO `modules` (`id`, `class`, `flags`, `data`, `created`) VALUES('76', 'ProcessList', '0', '', '0000-00-00 00:00:00');
INSERT INTO `modules` (`id`, `class`, `flags`, `data`, `created`) VALUES('78', 'InputfieldFieldset', '0', '', '0000-00-00 00:00:00');
INSERT INTO `modules` (`id`, `class`, `flags`, `data`, `created`) VALUES('79', 'InputfieldMarkup', '0', '', '0000-00-00 00:00:00');
INSERT INTO `modules` (`id`, `class`, `flags`, `data`, `created`) VALUES('80', 'InputfieldEmail', '0', '', '0000-00-00 00:00:00');
INSERT INTO `modules` (`id`, `class`, `flags`, `data`, `created`) VALUES('89', 'FieldtypeFloat', '1', '', '0000-00-00 00:00:00');
INSERT INTO `modules` (`id`, `class`, `flags`, `data`, `created`) VALUES('83', 'ProcessPageView', '0', '', '0000-00-00 00:00:00');
INSERT INTO `modules` (`id`, `class`, `flags`, `data`, `created`) VALUES('84', 'FieldtypeInteger', '0', '', '0000-00-00 00:00:00');
INSERT INTO `modules` (`id`, `class`, `flags`, `data`, `created`) VALUES('85', 'InputfieldInteger', '0', '', '0000-00-00 00:00:00');
INSERT INTO `modules` (`id`, `class`, `flags`, `data`, `created`) VALUES('86', 'InputfieldPageName', '0', '', '0000-00-00 00:00:00');
INSERT INTO `modules` (`id`, `class`, `flags`, `data`, `created`) VALUES('87', 'ProcessHome', '0', '', '0000-00-00 00:00:00');
INSERT INTO `modules` (`id`, `class`, `flags`, `data`, `created`) VALUES('90', 'InputfieldFloat', '0', '', '0000-00-00 00:00:00');
INSERT INTO `modules` (`id`, `class`, `flags`, `data`, `created`) VALUES('94', 'InputfieldDatetime', '0', '', '0000-00-00 00:00:00');
INSERT INTO `modules` (`id`, `class`, `flags`, `data`, `created`) VALUES('98', 'MarkupPagerNav', '0', '', '0000-00-00 00:00:00');
INSERT INTO `modules` (`id`, `class`, `flags`, `data`, `created`) VALUES('129', 'ProcessPageEditImageSelect', '1', '', '0000-00-00 00:00:00');
INSERT INTO `modules` (`id`, `class`, `flags`, `data`, `created`) VALUES('103', 'JqueryTableSorter', '1', '', '0000-00-00 00:00:00');
INSERT INTO `modules` (`id`, `class`, `flags`, `data`, `created`) VALUES('104', 'ProcessPageSearch', '1', '{\"searchFields\":\"title\",\"displayField\":\"title path\"}', '0000-00-00 00:00:00');
INSERT INTO `modules` (`id`, `class`, `flags`, `data`, `created`) VALUES('105', 'FieldtypeFieldsetOpen', '1', '', '0000-00-00 00:00:00');
INSERT INTO `modules` (`id`, `class`, `flags`, `data`, `created`) VALUES('106', 'FieldtypeFieldsetClose', '1', '', '0000-00-00 00:00:00');
INSERT INTO `modules` (`id`, `class`, `flags`, `data`, `created`) VALUES('107', 'FieldtypeFieldsetTabOpen', '1', '', '0000-00-00 00:00:00');
INSERT INTO `modules` (`id`, `class`, `flags`, `data`, `created`) VALUES('109', 'ProcessPageTrash', '1', '', '0000-00-00 00:00:00');
INSERT INTO `modules` (`id`, `class`, `flags`, `data`, `created`) VALUES('111', 'FieldtypePageTitle', '1', '', '0000-00-00 00:00:00');
INSERT INTO `modules` (`id`, `class`, `flags`, `data`, `created`) VALUES('112', 'InputfieldPageTitle', '0', '', '0000-00-00 00:00:00');
INSERT INTO `modules` (`id`, `class`, `flags`, `data`, `created`) VALUES('113', 'MarkupPageArray', '3', '', '0000-00-00 00:00:00');
INSERT INTO `modules` (`id`, `class`, `flags`, `data`, `created`) VALUES('131', 'InputfieldButton', '0', '', '0000-00-00 00:00:00');
INSERT INTO `modules` (`id`, `class`, `flags`, `data`, `created`) VALUES('133', 'FieldtypePassword', '1', '', '0000-00-00 00:00:00');
INSERT INTO `modules` (`id`, `class`, `flags`, `data`, `created`) VALUES('134', 'ProcessPageType', '1', '{\"showFields\":[]}', '0000-00-00 00:00:00');
INSERT INTO `modules` (`id`, `class`, `flags`, `data`, `created`) VALUES('135', 'FieldtypeURL', '1', '', '0000-00-00 00:00:00');
INSERT INTO `modules` (`id`, `class`, `flags`, `data`, `created`) VALUES('136', 'ProcessPermission', '1', '{\"showFields\":[\"name\",\"title\"]}', '0000-00-00 00:00:00');
INSERT INTO `modules` (`id`, `class`, `flags`, `data`, `created`) VALUES('137', 'InputfieldPageListSelectMultiple', '0', '', '0000-00-00 00:00:00');
INSERT INTO `modules` (`id`, `class`, `flags`, `data`, `created`) VALUES('138', 'ProcessProfile', '1', '{\"profileFields\":[\"pass\",\"email\",\"admin_theme\"]}', '0000-00-00 00:00:00');
INSERT INTO `modules` (`id`, `class`, `flags`, `data`, `created`) VALUES('139', 'SystemUpdater', '1', '{\"systemVersion\":8}', '0000-00-00 00:00:00');
INSERT INTO `modules` (`id`, `class`, `flags`, `data`, `created`) VALUES('148', 'AdminThemeDefault', '2', '{\"colors\":\"classic\"}', '0000-00-00 00:00:00');
INSERT INTO `modules` (`id`, `class`, `flags`, `data`, `created`) VALUES('149', 'InputfieldSelector', '2', '', '0000-00-00 00:00:00');
INSERT INTO `modules` (`id`, `class`, `flags`, `data`, `created`) VALUES('150', 'ProcessPageLister', '0', '', '0000-00-00 00:00:00');
INSERT INTO `modules` (`id`, `class`, `flags`, `data`, `created`) VALUES('151', 'JqueryMagnific', '1', '', '2014-07-21 12:21:45');
INSERT INTO `modules` (`id`, `class`, `flags`, `data`, `created`) VALUES('152', 'PagePathHistory', '3', '', '2014-07-25 14:36:57');
INSERT INTO `modules` (`id`, `class`, `flags`, `data`, `created`) VALUES('155', 'InputfieldCKEditor', '0', '', '2014-07-25 15:26:17');
INSERT INTO `modules` (`id`, `class`, `flags`, `data`, `created`) VALUES('156', 'MarkupHTMLPurifier', '0', '', '2014-07-25 15:26:17');
INSERT INTO `modules` (`id`, `class`, `flags`, `data`, `created`) VALUES('158', 'AdminThemeReno', '2', '', '2015-01-31 21:37:26');
INSERT INTO `modules` (`id`, `class`, `flags`, `data`, `created`) VALUES('159', 'JqueryDataTables', '1', '', '2015-01-31 22:05:39');
INSERT INTO `modules` (`id`, `class`, `flags`, `data`, `created`) VALUES('160', 'FieldtypeComments', '1', '', '2015-01-31 22:06:17');
INSERT INTO `modules` (`id`, `class`, `flags`, `data`, `created`) VALUES('161', 'InputfieldCommentsAdmin', '0', '', '2015-01-31 22:06:17');
INSERT INTO `modules` (`id`, `class`, `flags`, `data`, `created`) VALUES('162', 'FieldtypeSelector', '1', '', '2015-01-31 22:07:48');
INSERT INTO `modules` (`id`, `class`, `flags`, `data`, `created`) VALUES('163', 'ModulesManager', '1', '', '2015-01-31 22:08:50');
INSERT INTO `modules` (`id`, `class`, `flags`, `data`, `created`) VALUES('164', 'ProcessBlog', '1', '{\"blogFullyInstalled\":0,\"blogStyle\":\"\",\"schedulePages\":0,\"commentsUse\":1,\"templateFilesInstall\":1,\"tagTemplatesFields\":\"blog\",\"blog\":\"\",\"blog-posts\":\"\",\"blog-categories\":\"\",\"blog-tags\":\"\",\"blog-comments\":\"\",\"blog-widgets\":\"\",\"blog-authors\":\"\",\"blog-archives\":\"\",\"blog-settings\":\"\",\"blog-asc\":\"\",\"blog-dnc\":\"\",\"blog-dc\":\"\",\"blog-rposts\":\"\",\"blog-rcomments\":\"\",\"blog-broll\":\"\",\"blog-tweets\":\"\",\"blog-pauthor\":\"\"}', '2015-01-31 22:08:54');
INSERT INTO `modules` (`id`, `class`, `flags`, `data`, `created`) VALUES('165', 'MarkupBlog', '1', '', '2015-01-31 22:08:54');
INSERT INTO `modules` (`id`, `class`, `flags`, `data`, `created`) VALUES('166', 'BlogPublishDate', '3', '', '2015-01-31 22:08:54');
INSERT INTO `modules` (`id`, `class`, `flags`, `data`, `created`) VALUES('167', 'JqueryFancybox', '1', '', '2015-01-31 22:08:54');
INSERT INTO `modules` (`id`, `class`, `flags`, `data`, `created`) VALUES('168', 'ProcessDatabaseBackups', '1', '', '2015-01-31 22:08:58');
INSERT INTO `modules` (`id`, `class`, `flags`, `data`, `created`) VALUES('169', 'ProcessWireUpgrade', '1', '', '2015-01-31 22:09:00');
INSERT INTO `modules` (`id`, `class`, `flags`, `data`, `created`) VALUES('170', 'ProcessWireUpgradeCheck', '3', '', '2015-01-31 22:09:00');

DROP TABLE IF EXISTS `page_path_history`;
CREATE TABLE `page_path_history` (
  `path` varchar(255) NOT NULL,
  `pages_id` int(10) unsigned NOT NULL,
  `created` timestamp NOT NULL DEFAULT CURRENT_TIMESTAMP ON UPDATE CURRENT_TIMESTAMP,
  PRIMARY KEY (`path`),
  KEY `pages_id` (`pages_id`),
  KEY `created` (`created`)
) ENGINE=MyISAM DEFAULT CHARSET=utf8;

INSERT INTO `page_path_history` (`path`, `pages_id`, `created`) VALUES('/vault/access/users/admin', '41', '2015-01-31 22:11:18');

DROP TABLE IF EXISTS `pages`;
CREATE TABLE `pages` (
  `id` int(10) unsigned NOT NULL AUTO_INCREMENT,
  `parent_id` int(11) unsigned NOT NULL DEFAULT '0',
  `templates_id` int(11) unsigned NOT NULL DEFAULT '0',
  `name` varchar(128) CHARACTER SET ascii NOT NULL,
  `status` int(10) unsigned NOT NULL DEFAULT '1',
  `modified` timestamp NOT NULL DEFAULT CURRENT_TIMESTAMP,
  `modified_users_id` int(10) unsigned NOT NULL DEFAULT '2',
  `created` timestamp NOT NULL DEFAULT '0000-00-00 00:00:00',
  `created_users_id` int(10) unsigned NOT NULL DEFAULT '2',
  `sort` int(11) NOT NULL DEFAULT '0',
  PRIMARY KEY (`id`),
  UNIQUE KEY `name_parent_id` (`name`,`parent_id`),
  KEY `parent_id` (`parent_id`),
  KEY `templates_id` (`templates_id`),
  KEY `modified` (`modified`),
  KEY `created` (`created`),
  KEY `status` (`status`)
) ENGINE=MyISAM AUTO_INCREMENT=1015 DEFAULT CHARSET=utf8;

INSERT INTO `pages` (`id`, `parent_id`, `templates_id`, `name`, `status`, `modified`, `modified_users_id`, `created`, `created_users_id`, `sort`) VALUES('1', '0', '1', 'home', '9', '2014-07-25 20:30:14', '41', '0000-00-00 00:00:00', '2', '0');
INSERT INTO `pages` (`id`, `parent_id`, `templates_id`, `name`, `status`, `modified`, `modified_users_id`, `created`, `created_users_id`, `sort`) VALUES('2', '1', '2', 'vault', '1035', '2015-01-31 22:11:18', '40', '0000-00-00 00:00:00', '2', '5');
INSERT INTO `pages` (`id`, `parent_id`, `templates_id`, `name`, `status`, `modified`, `modified_users_id`, `created`, `created_users_id`, `sort`) VALUES('3', '2', '2', 'page', '21', '2011-03-30 02:37:06', '41', '0000-00-00 00:00:00', '2', '0');
INSERT INTO `pages` (`id`, `parent_id`, `templates_id`, `name`, `status`, `modified`, `modified_users_id`, `created`, `created_users_id`, `sort`) VALUES('6', '3', '2', 'add', '1045', '2011-03-30 02:37:06', '41', '0000-00-00 00:00:00', '2', '0');
INSERT INTO `pages` (`id`, `parent_id`, `templates_id`, `name`, `status`, `modified`, `modified_users_id`, `created`, `created_users_id`, `sort`) VALUES('7', '1', '2', 'trash', '1039', '2011-08-15 03:04:52', '41', '2010-02-07 11:29:39', '2', '6');
INSERT INTO `pages` (`id`, `parent_id`, `templates_id`, `name`, `status`, `modified`, `modified_users_id`, `created`, `created_users_id`, `sort`) VALUES('8', '3', '2', 'list', '21', '2011-03-30 02:37:06', '41', '0000-00-00 00:00:00', '2', '1');
INSERT INTO `pages` (`id`, `parent_id`, `templates_id`, `name`, `status`, `modified`, `modified_users_id`, `created`, `created_users_id`, `sort`) VALUES('9', '3', '2', 'sort', '1047', '2011-03-30 02:37:06', '41', '0000-00-00 00:00:00', '2', '2');
INSERT INTO `pages` (`id`, `parent_id`, `templates_id`, `name`, `status`, `modified`, `modified_users_id`, `created`, `created_users_id`, `sort`) VALUES('10', '3', '2', 'edit', '1045', '2011-03-30 02:37:06', '41', '0000-00-00 00:00:00', '2', '3');
INSERT INTO `pages` (`id`, `parent_id`, `templates_id`, `name`, `status`, `modified`, `modified_users_id`, `created`, `created_users_id`, `sort`) VALUES('11', '22', '2', 'template', '21', '2011-03-30 02:37:06', '41', '2010-02-01 17:04:54', '2', '0');
INSERT INTO `pages` (`id`, `parent_id`, `templates_id`, `name`, `status`, `modified`, `modified_users_id`, `created`, `created_users_id`, `sort`) VALUES('16', '22', '2', 'field', '21', '2011-03-30 02:37:06', '41', '2010-02-01 18:44:07', '2', '2');
INSERT INTO `pages` (`id`, `parent_id`, `templates_id`, `name`, `status`, `modified`, `modified_users_id`, `created`, `created_users_id`, `sort`) VALUES('21', '2', '2', 'module', '21', '2011-03-30 02:37:06', '41', '2010-02-02 16:02:24', '2', '2');
INSERT INTO `pages` (`id`, `parent_id`, `templates_id`, `name`, `status`, `modified`, `modified_users_id`, `created`, `created_users_id`, `sort`) VALUES('22', '2', '2', 'setup', '21', '2011-03-30 02:37:06', '41', '2010-02-09 18:16:59', '2', '1');
INSERT INTO `pages` (`id`, `parent_id`, `templates_id`, `name`, `status`, `modified`, `modified_users_id`, `created`, `created_users_id`, `sort`) VALUES('23', '2', '2', 'login', '1035', '2011-05-04 04:38:10', '41', '2010-02-17 15:59:39', '2', '4');
INSERT INTO `pages` (`id`, `parent_id`, `templates_id`, `name`, `status`, `modified`, `modified_users_id`, `created`, `created_users_id`, `sort`) VALUES('27', '1', '29', 'http404', '1035', '2014-07-25 12:34:57', '41', '2010-06-03 11:53:03', '3', '4');
INSERT INTO `pages` (`id`, `parent_id`, `templates_id`, `name`, `status`, `modified`, `modified_users_id`, `created`, `created_users_id`, `sort`) VALUES('28', '2', '2', 'access', '13', '2011-05-04 04:38:10', '41', '2011-03-20 00:14:20', '2', '3');
INSERT INTO `pages` (`id`, `parent_id`, `templates_id`, `name`, `status`, `modified`, `modified_users_id`, `created`, `created_users_id`, `sort`) VALUES('29', '28', '2', 'users', '29', '2011-04-05 05:39:08', '41', '2011-03-20 00:15:29', '2', '0');
INSERT INTO `pages` (`id`, `parent_id`, `templates_id`, `name`, `status`, `modified`, `modified_users_id`, `created`, `created_users_id`, `sort`) VALUES('30', '28', '2', 'roles', '29', '2011-04-05 05:38:39', '41', '2011-03-20 00:15:45', '2', '1');
INSERT INTO `pages` (`id`, `parent_id`, `templates_id`, `name`, `status`, `modified`, `modified_users_id`, `created`, `created_users_id`, `sort`) VALUES('31', '28', '2', 'permissions', '29', '2011-04-05 05:53:52', '41', '2011-03-20 00:16:00', '2', '2');
INSERT INTO `pages` (`id`, `parent_id`, `templates_id`, `name`, `status`, `modified`, `modified_users_id`, `created`, `created_users_id`, `sort`) VALUES('32', '31', '5', 'page-edit', '25', '2011-09-06 20:34:24', '41', '2011-03-20 00:17:03', '2', '2');
INSERT INTO `pages` (`id`, `parent_id`, `templates_id`, `name`, `status`, `modified`, `modified_users_id`, `created`, `created_users_id`, `sort`) VALUES('34', '31', '5', 'page-delete', '25', '2011-09-06 20:34:33', '41', '2011-03-20 00:17:23', '2', '3');
INSERT INTO `pages` (`id`, `parent_id`, `templates_id`, `name`, `status`, `modified`, `modified_users_id`, `created`, `created_users_id`, `sort`) VALUES('35', '31', '5', 'page-move', '25', '2011-09-06 20:34:48', '41', '2011-03-20 00:17:41', '2', '4');
INSERT INTO `pages` (`id`, `parent_id`, `templates_id`, `name`, `status`, `modified`, `modified_users_id`, `created`, `created_users_id`, `sort`) VALUES('36', '31', '5', 'page-view', '25', '2011-09-06 20:34:14', '41', '2011-03-20 00:17:57', '2', '0');
INSERT INTO `pages` (`id`, `parent_id`, `templates_id`, `name`, `status`, `modified`, `modified_users_id`, `created`, `created_users_id`, `sort`) VALUES('37', '30', '4', 'guest', '25', '2011-04-05 06:37:19', '41', '2011-03-20 00:18:41', '2', '0');
INSERT INTO `pages` (`id`, `parent_id`, `templates_id`, `name`, `status`, `modified`, `modified_users_id`, `created`, `created_users_id`, `sort`) VALUES('38', '30', '4', 'superuser', '25', '2011-08-17 19:34:39', '41', '2011-03-20 00:18:55', '2', '1');
INSERT INTO `pages` (`id`, `parent_id`, `templates_id`, `name`, `status`, `modified`, `modified_users_id`, `created`, `created_users_id`, `sort`) VALUES('41', '29', '3', 'dojovader', '1', '2015-01-31 21:39:10', '41', '2011-03-20 00:41:26', '2', '0');
INSERT INTO `pages` (`id`, `parent_id`, `templates_id`, `name`, `status`, `modified`, `modified_users_id`, `created`, `created_users_id`, `sort`) VALUES('40', '29', '3', 'guest', '25', '2011-08-17 19:26:09', '41', '2011-03-20 22:31:59', '2', '1');
INSERT INTO `pages` (`id`, `parent_id`, `templates_id`, `name`, `status`, `modified`, `modified_users_id`, `created`, `created_users_id`, `sort`) VALUES('50', '31', '5', 'page-sort', '25', '2011-09-06 20:34:58', '41', '2011-03-27 03:04:50', '41', '5');
INSERT INTO `pages` (`id`, `parent_id`, `templates_id`, `name`, `status`, `modified`, `modified_users_id`, `created`, `created_users_id`, `sort`) VALUES('51', '31', '5', 'page-template', '25', '2011-09-06 20:35:09', '41', '2011-03-27 03:25:31', '41', '6');
INSERT INTO `pages` (`id`, `parent_id`, `templates_id`, `name`, `status`, `modified`, `modified_users_id`, `created`, `created_users_id`, `sort`) VALUES('52', '31', '5', 'user-admin', '25', '2011-09-06 20:35:42', '41', '2011-03-30 05:06:47', '41', '10');
INSERT INTO `pages` (`id`, `parent_id`, `templates_id`, `name`, `status`, `modified`, `modified_users_id`, `created`, `created_users_id`, `sort`) VALUES('53', '31', '5', 'profile-edit', '1', '2011-08-17 03:32:48', '41', '2011-04-26 05:02:22', '41', '13');
INSERT INTO `pages` (`id`, `parent_id`, `templates_id`, `name`, `status`, `modified`, `modified_users_id`, `created`, `created_users_id`, `sort`) VALUES('54', '31', '5', 'page-lock', '1', '2011-08-15 22:48:12', '41', '2011-08-15 22:45:48', '41', '8');
INSERT INTO `pages` (`id`, `parent_id`, `templates_id`, `name`, `status`, `modified`, `modified_users_id`, `created`, `created_users_id`, `sort`) VALUES('300', '3', '2', 'search', '1045', '2011-03-30 02:37:06', '41', '2010-08-04 10:23:59', '2', '5');
INSERT INTO `pages` (`id`, `parent_id`, `templates_id`, `name`, `status`, `modified`, `modified_users_id`, `created`, `created_users_id`, `sort`) VALUES('301', '3', '2', 'trash', '1047', '2011-03-30 02:37:06', '41', '2010-09-28 10:39:30', '2', '5');
INSERT INTO `pages` (`id`, `parent_id`, `templates_id`, `name`, `status`, `modified`, `modified_users_id`, `created`, `created_users_id`, `sort`) VALUES('302', '3', '2', 'link', '1041', '2011-03-30 02:37:06', '41', '2010-10-01 10:03:56', '2', '6');
INSERT INTO `pages` (`id`, `parent_id`, `templates_id`, `name`, `status`, `modified`, `modified_users_id`, `created`, `created_users_id`, `sort`) VALUES('303', '3', '2', 'image', '1041', '2011-03-30 02:37:06', '41', '2010-10-13 08:56:48', '2', '7');
INSERT INTO `pages` (`id`, `parent_id`, `templates_id`, `name`, `status`, `modified`, `modified_users_id`, `created`, `created_users_id`, `sort`) VALUES('304', '2', '2', 'profile', '1025', '2011-05-04 04:38:10', '41', '2011-04-26 04:57:18', '41', '5');
INSERT INTO `pages` (`id`, `parent_id`, `templates_id`, `name`, `status`, `modified`, `modified_users_id`, `created`, `created_users_id`, `sort`) VALUES('1000', '1', '26', 'search', '1025', '2011-09-01 00:17:38', '41', '2010-09-06 10:05:28', '2', '3');
INSERT INTO `pages` (`id`, `parent_id`, `templates_id`, `name`, `status`, `modified`, `modified_users_id`, `created`, `created_users_id`, `sort`) VALUES('1001', '1', '29', 'about', '1', '2014-07-25 11:50:51', '41', '2010-10-26 03:39:33', '2', '0');
INSERT INTO `pages` (`id`, `parent_id`, `templates_id`, `name`, `status`, `modified`, `modified_users_id`, `created`, `created_users_id`, `sort`) VALUES('1002', '1001', '29', 'what', '1', '2014-07-25 20:31:43', '41', '2010-10-26 04:21:34', '2', '0');
INSERT INTO `pages` (`id`, `parent_id`, `templates_id`, `name`, `status`, `modified`, `modified_users_id`, `created`, `created_users_id`, `sort`) VALUES('1004', '1001', '29', 'background', '1', '2014-07-25 12:25:35', '41', '2010-11-30 04:11:36', '2', '1');
INSERT INTO `pages` (`id`, `parent_id`, `templates_id`, `name`, `status`, `modified`, `modified_users_id`, `created`, `created_users_id`, `sort`) VALUES('1005', '1', '34', 'site-map', '1', '2011-09-01 00:17:38', '41', '2010-12-01 03:16:49', '2', '2');
INSERT INTO `pages` (`id`, `parent_id`, `templates_id`, `name`, `status`, `modified`, `modified_users_id`, `created`, `created_users_id`, `sort`) VALUES('1006', '31', '5', 'page-lister', '1', '2014-07-20 14:00:38', '40', '2014-07-20 14:00:38', '40', '9');
INSERT INTO `pages` (`id`, `parent_id`, `templates_id`, `name`, `status`, `modified`, `modified_users_id`, `created`, `created_users_id`, `sort`) VALUES('1007', '3', '2', 'lister', '1', '2014-07-20 14:00:38', '40', '2014-07-20 14:00:38', '40', '8');
INSERT INTO `pages` (`id`, `parent_id`, `templates_id`, `name`, `status`, `modified`, `modified_users_id`, `created`, `created_users_id`, `sort`) VALUES('1009', '22', '2', 'modulesmanager', '1', '2015-01-31 22:08:50', '41', '2015-01-31 22:08:50', '41', '2');
INSERT INTO `pages` (`id`, `parent_id`, `templates_id`, `name`, `status`, `modified`, `modified_users_id`, `created`, `created_users_id`, `sort`) VALUES('1010', '2', '2', 'blog', '1', '2015-01-31 22:08:54', '41', '2015-01-31 22:08:54', '41', '6');
INSERT INTO `pages` (`id`, `parent_id`, `templates_id`, `name`, `status`, `modified`, `modified_users_id`, `created`, `created_users_id`, `sort`) VALUES('1011', '31', '5', 'blog', '1', '2015-01-31 22:08:54', '41', '2015-01-31 22:08:54', '41', '10');
INSERT INTO `pages` (`id`, `parent_id`, `templates_id`, `name`, `status`, `modified`, `modified_users_id`, `created`, `created_users_id`, `sort`) VALUES('1012', '22', '2', 'db-backups', '1', '2015-01-31 22:08:58', '41', '2015-01-31 22:08:58', '41', '3');
INSERT INTO `pages` (`id`, `parent_id`, `templates_id`, `name`, `status`, `modified`, `modified_users_id`, `created`, `created_users_id`, `sort`) VALUES('1013', '31', '5', 'db-backup', '1', '2015-01-31 22:08:58', '41', '2015-01-31 22:08:58', '41', '11');
INSERT INTO `pages` (`id`, `parent_id`, `templates_id`, `name`, `status`, `modified`, `modified_users_id`, `created`, `created_users_id`, `sort`) VALUES('1014', '22', '2', 'upgrades', '1', '2015-01-31 22:09:00', '41', '2015-01-31 22:09:00', '41', '4');

DROP TABLE IF EXISTS `pages_access`;
CREATE TABLE `pages_access` (
  `pages_id` int(11) NOT NULL,
  `templates_id` int(11) NOT NULL,
  `ts` timestamp NOT NULL DEFAULT CURRENT_TIMESTAMP ON UPDATE CURRENT_TIMESTAMP,
  PRIMARY KEY (`pages_id`),
  KEY `templates_id` (`templates_id`)
) ENGINE=MyISAM DEFAULT CHARSET=utf8;

INSERT INTO `pages_access` (`pages_id`, `templates_id`, `ts`) VALUES('37', '2', '2011-09-06 17:10:09');
INSERT INTO `pages_access` (`pages_id`, `templates_id`, `ts`) VALUES('38', '2', '2011-09-06 17:10:09');
INSERT INTO `pages_access` (`pages_id`, `templates_id`, `ts`) VALUES('32', '2', '2011-09-06 17:10:09');
INSERT INTO `pages_access` (`pages_id`, `templates_id`, `ts`) VALUES('34', '2', '2011-09-06 17:10:09');
INSERT INTO `pages_access` (`pages_id`, `templates_id`, `ts`) VALUES('35', '2', '2011-09-06 17:10:09');
INSERT INTO `pages_access` (`pages_id`, `templates_id`, `ts`) VALUES('36', '2', '2011-09-06 17:10:09');
INSERT INTO `pages_access` (`pages_id`, `templates_id`, `ts`) VALUES('50', '2', '2011-09-06 17:10:09');
INSERT INTO `pages_access` (`pages_id`, `templates_id`, `ts`) VALUES('51', '2', '2011-09-06 17:10:09');
INSERT INTO `pages_access` (`pages_id`, `templates_id`, `ts`) VALUES('52', '2', '2011-09-06 17:10:09');
INSERT INTO `pages_access` (`pages_id`, `templates_id`, `ts`) VALUES('53', '2', '2011-09-06 17:10:09');
INSERT INTO `pages_access` (`pages_id`, `templates_id`, `ts`) VALUES('54', '2', '2011-09-06 17:10:09');
INSERT INTO `pages_access` (`pages_id`, `templates_id`, `ts`) VALUES('1006', '2', '2014-07-20 14:00:38');
INSERT INTO `pages_access` (`pages_id`, `templates_id`, `ts`) VALUES('1011', '2', '2015-01-31 22:08:54');
INSERT INTO `pages_access` (`pages_id`, `templates_id`, `ts`) VALUES('1013', '2', '2015-01-31 22:08:58');

DROP TABLE IF EXISTS `pages_parents`;
CREATE TABLE `pages_parents` (
  `pages_id` int(10) unsigned NOT NULL,
  `parents_id` int(10) unsigned NOT NULL,
  PRIMARY KEY (`pages_id`,`parents_id`)
) ENGINE=MyISAM DEFAULT CHARSET=utf8;

INSERT INTO `pages_parents` (`pages_id`, `parents_id`) VALUES('2', '1');
INSERT INTO `pages_parents` (`pages_id`, `parents_id`) VALUES('3', '1');
INSERT INTO `pages_parents` (`pages_id`, `parents_id`) VALUES('3', '2');
INSERT INTO `pages_parents` (`pages_id`, `parents_id`) VALUES('7', '1');
INSERT INTO `pages_parents` (`pages_id`, `parents_id`) VALUES('22', '1');
INSERT INTO `pages_parents` (`pages_id`, `parents_id`) VALUES('22', '2');
INSERT INTO `pages_parents` (`pages_id`, `parents_id`) VALUES('28', '1');
INSERT INTO `pages_parents` (`pages_id`, `parents_id`) VALUES('28', '2');
INSERT INTO `pages_parents` (`pages_id`, `parents_id`) VALUES('29', '1');
INSERT INTO `pages_parents` (`pages_id`, `parents_id`) VALUES('29', '2');
INSERT INTO `pages_parents` (`pages_id`, `parents_id`) VALUES('29', '28');
INSERT INTO `pages_parents` (`pages_id`, `parents_id`) VALUES('30', '1');
INSERT INTO `pages_parents` (`pages_id`, `parents_id`) VALUES('30', '2');
INSERT INTO `pages_parents` (`pages_id`, `parents_id`) VALUES('30', '28');
INSERT INTO `pages_parents` (`pages_id`, `parents_id`) VALUES('31', '1');
INSERT INTO `pages_parents` (`pages_id`, `parents_id`) VALUES('31', '2');
INSERT INTO `pages_parents` (`pages_id`, `parents_id`) VALUES('31', '28');
INSERT INTO `pages_parents` (`pages_id`, `parents_id`) VALUES('1001', '1');
INSERT INTO `pages_parents` (`pages_id`, `parents_id`) VALUES('1002', '1');
INSERT INTO `pages_parents` (`pages_id`, `parents_id`) VALUES('1002', '1001');
INSERT INTO `pages_parents` (`pages_id`, `parents_id`) VALUES('1004', '1');
INSERT INTO `pages_parents` (`pages_id`, `parents_id`) VALUES('1004', '1001');
INSERT INTO `pages_parents` (`pages_id`, `parents_id`) VALUES('1005', '1');

DROP TABLE IF EXISTS `pages_sortfields`;
CREATE TABLE `pages_sortfields` (
  `pages_id` int(10) unsigned NOT NULL DEFAULT '0',
  `sortfield` varchar(20) NOT NULL DEFAULT '',
  PRIMARY KEY (`pages_id`)
) ENGINE=MyISAM DEFAULT CHARSET=utf8;


DROP TABLE IF EXISTS `session_login_throttle`;
CREATE TABLE `session_login_throttle` (
  `name` varchar(128) NOT NULL,
  `attempts` int(10) unsigned NOT NULL DEFAULT '0',
  `last_attempt` int(10) unsigned NOT NULL,
  PRIMARY KEY (`name`)
) ENGINE=MyISAM DEFAULT CHARSET=utf8;

INSERT INTO `session_login_throttle` (`name`, `attempts`, `last_attempt`) VALUES('admin', '1', '1422735975');
INSERT INTO `session_login_throttle` (`name`, `attempts`, `last_attempt`) VALUES('dojovader', '1', '1422735990');

DROP TABLE IF EXISTS `templates`;
CREATE TABLE `templates` (
  `id` int(10) unsigned NOT NULL AUTO_INCREMENT,
  `name` varchar(255) CHARACTER SET ascii NOT NULL,
  `fieldgroups_id` int(10) unsigned NOT NULL DEFAULT '0',
  `flags` int(11) NOT NULL DEFAULT '0',
  `cache_time` mediumint(9) NOT NULL DEFAULT '0',
  `data` text NOT NULL,
  PRIMARY KEY (`id`),
  UNIQUE KEY `name` (`name`),
  KEY `fieldgroups_id` (`fieldgroups_id`)
) ENGINE=MyISAM AUTO_INCREMENT=43 DEFAULT CHARSET=utf8;

INSERT INTO `templates` (`id`, `name`, `fieldgroups_id`, `flags`, `cache_time`, `data`) VALUES('2', 'admin', '2', '8', '0', '{\"useRoles\":1,\"parentTemplates\":[2],\"allowPageNum\":1,\"redirectLogin\":23,\"slashUrls\":1,\"noGlobal\":1,\"modified\":1422735536}');
INSERT INTO `templates` (`id`, `name`, `fieldgroups_id`, `flags`, `cache_time`, `data`) VALUES('3', 'user', '3', '8', '0', '{\"useRoles\":1,\"noChildren\":1,\"parentTemplates\":[2],\"slashUrls\":1,\"pageClass\":\"User\",\"noGlobal\":1,\"noMove\":1,\"noTrash\":1,\"noSettings\":1,\"noChangeTemplate\":1,\"nameContentTab\":1}');
INSERT INTO `templates` (`id`, `name`, `fieldgroups_id`, `flags`, `cache_time`, `data`) VALUES('4', 'role', '4', '8', '0', '{\"noChildren\":1,\"parentTemplates\":[2],\"slashUrls\":1,\"pageClass\":\"Role\",\"noGlobal\":1,\"noMove\":1,\"noTrash\":1,\"noSettings\":1,\"noChangeTemplate\":1,\"nameContentTab\":1}');
INSERT INTO `templates` (`id`, `name`, `fieldgroups_id`, `flags`, `cache_time`, `data`) VALUES('5', 'permission', '5', '8', '0', '{\"noChildren\":1,\"parentTemplates\":[2],\"slashUrls\":1,\"guestSearchable\":1,\"pageClass\":\"Permission\",\"noGlobal\":1,\"noMove\":1,\"noTrash\":1,\"noSettings\":1,\"noChangeTemplate\":1,\"nameContentTab\":1}');
INSERT INTO `templates` (`id`, `name`, `fieldgroups_id`, `flags`, `cache_time`, `data`) VALUES('1', 'home', '1', '0', '0', '{\"useRoles\":1,\"noParents\":1,\"slashUrls\":1,\"modified\":1422735542,\"roles\":[37]}');
INSERT INTO `templates` (`id`, `name`, `fieldgroups_id`, `flags`, `cache_time`, `data`) VALUES('29', 'basic-page', '83', '0', '0', '{\"slashUrls\":1,\"modified\":1422735572}');
INSERT INTO `templates` (`id`, `name`, `fieldgroups_id`, `flags`, `cache_time`, `data`) VALUES('26', 'search', '80', '0', '0', '{\"noChildren\":1,\"noParents\":1,\"allowPageNum\":1,\"slashUrls\":1,\"modified\":1422735533}');
INSERT INTO `templates` (`id`, `name`, `fieldgroups_id`, `flags`, `cache_time`, `data`) VALUES('34', 'sitemap', '88', '0', '0', '{\"noChildren\":1,\"noParents\":1,\"redirectLogin\":23,\"slashUrls\":1,\"modified\":1422735567}');

--- /WireDatabaseBackup {"numTables":24,"numCreateTables":24,"numInserts":350,"numSeconds":0}